[0;32mBuilding s3-event-exporter...[0m
Version: v1.0.0-3-g029f8b3-dirty
Build Time: 2025-08-26_05:17:53
Commit: 029f8b3

[0;32mRunning tests...[0m
=== RUN   TestParseBool
=== RUN   TestParseBool/#00
=== RUN   TestParseBool/true
=== RUN   TestParseBool/True
=== RUN   TestParseBool/TRUE
=== RUN   TestParseBool/1
=== RUN   TestParseBool/false
=== RUN   TestParseBool/False
=== RUN   TestParseBool/FALSE
=== RUN   TestParseBool/0
=== RUN   TestParseBool/invalid
=== RUN   TestParseBool/maybe
--- PASS: TestParseBool (0.00s)
    --- PASS: TestParseBool/#00 (0.00s)
    --- PASS: TestParseBool/true (0.00s)
    --- PASS: TestParseBool/True (0.00s)
    --- PASS: TestParseBool/TRUE (0.00s)
    --- PASS: TestParseBool/1 (0.00s)
    --- PASS: TestParseBool/false (0.00s)
    --- PASS: TestParseBool/False (0.00s)
    --- PASS: TestParseBool/FALSE (0.00s)
    --- PASS: TestParseBool/0 (0.00s)
    --- PASS: TestParseBool/invalid (0.00s)
    --- PASS: TestParseBool/maybe (0.00s)
=== RUN   TestParseFloat64Slice
=== RUN   TestParseFloat64Slice/#00
=== RUN   TestParseFloat64Slice/1024
=== RUN   TestParseFloat64Slice/1024,2048
=== RUN   TestParseFloat64Slice/1024,_2048,_4096
=== RUN   TestParseFloat64Slice/1024.5,2048.7
=== RUN   TestParseFloat64Slice/invalid
=== RUN   TestParseFloat64Slice/1024,invalid,2048
--- PASS: TestParseFloat64Slice (0.00s)
    --- PASS: TestParseFloat64Slice/#00 (0.00s)
    --- PASS: TestParseFloat64Slice/1024 (0.00s)
    --- PASS: TestParseFloat64Slice/1024,2048 (0.00s)
    --- PASS: TestParseFloat64Slice/1024,_2048,_4096 (0.00s)
    --- PASS: TestParseFloat64Slice/1024.5,2048.7 (0.00s)
    --- PASS: TestParseFloat64Slice/invalid (0.00s)
    --- PASS: TestParseFloat64Slice/1024,invalid,2048 (0.00s)
=== RUN   TestConfigurationOverride
=== RUN   TestConfigurationOverride/logging_override
=== RUN   TestConfigurationOverride/sqs_override
=== RUN   TestConfigurationOverride/metrics_override
--- PASS: TestConfigurationOverride (0.00s)
    --- PASS: TestConfigurationOverride/logging_override (0.00s)
    --- PASS: TestConfigurationOverride/sqs_override (0.00s)
    --- PASS: TestConfigurationOverride/metrics_override (0.00s)
=== RUN   TestBucketListParsing
=== RUN   TestBucketListParsing/single_bucket_via_buckets_flag
=== RUN   TestBucketListParsing/multiple_buckets_via_buckets_flag
=== RUN   TestBucketListParsing/single_bucket_via_bucket_flag
--- PASS: TestBucketListParsing (0.00s)
    --- PASS: TestBucketListParsing/single_bucket_via_buckets_flag (0.00s)
    --- PASS: TestBucketListParsing/multiple_buckets_via_buckets_flag (0.00s)
    --- PASS: TestBucketListParsing/single_bucket_via_bucket_flag (0.00s)
=== RUN   TestObjectSizeBucketsParsing
=== RUN   TestObjectSizeBucketsParsing/object_size_buckets_parsing
--- PASS: TestObjectSizeBucketsParsing (0.00s)
    --- PASS: TestObjectSizeBucketsParsing/object_size_buckets_parsing (0.00s)
PASS
ok  	s3_metrics_adapter/cmd	(cached)
=== RUN   TestLoadConfig
    config_test.go:158: Loaded config: &{Logging:{Default:info Components:map[eventparser:info metricsexporter:info sqspoller:debug] Format:{TimestampFormat:2006-01-02T15:04:05.000Z07:00 PrettyPrint:false}} SQS:{Queues:[https://sqs.us-west-2.amazonaws.com/123456789012/test-queue] Buckets:[{Name:test-bucket Prefix:[folder1/ folder2/]} {Name:test-bucket-2 Prefix:[]}] ProcessUnlistedBuckets:true WorkerCount:3 MaxMessages:5 WaitTime:10 UseEventTransformer:true} Metrics:{Enabled:true Types:{EventTotal:true ObjectSize:true IPTotal:true PrefixTotal:true PrefixDepthTotal:true FileExtensionTotal:true Latency:true AnomalyDetection:false LifecycleExpiration:true DeleteTotal:true} ObjectSizeBuckets:[1024 102400 1.048576e+06] PrefixDepth:2 Port:8087}}
    config_test.go:159: Logging components: map[eventparser:info metricsexporter:info sqspoller:debug]
--- PASS: TestLoadConfig (0.00s)
=== RUN   TestValidateConfig
=== RUN   TestValidateConfig/valid_config
=== RUN   TestValidateConfig/no_queues
--- PASS: TestValidateConfig (0.00s)
    --- PASS: TestValidateConfig/valid_config (0.00s)
    --- PASS: TestValidateConfig/no_queues (0.00s)
=== RUN   TestIsAllowedBucketAndPrefix
=== RUN   TestIsAllowedBucketAndPrefix/s3-bucket_with_folder-1
{"bucket":"s3-bucket","component":"","level":"info","matching_prefix":"folder-1","message":"Prefix matched","object_key":"folder-1/file.txt","operation":"","timestamp":"2025-08-26T01:05:17.912401-04:00","trace_id":""}
=== RUN   TestIsAllowedBucketAndPrefix/s3-bucket_with_folder-1_root
{"bucket":"s3-bucket","component":"","level":"info","matching_prefix":"folder-1","message":"Prefix matched","object_key":"folder-1","operation":"","timestamp":"2025-08-26T01:05:17.91264-04:00","trace_id":""}
=== RUN   TestIsAllowedBucketAndPrefix/s3-bucket_with_folder-1_subfolder
{"bucket":"s3-bucket","component":"","level":"info","matching_prefix":"folder-1","message":"Prefix matched","object_key":"folder-1/subfolder/file.txt","operation":"","timestamp":"2025-08-26T01:05:17.912727-04:00","trace_id":""}
=== RUN   TestIsAllowedBucketAndPrefix/s3-bucket_with_folder-2
{"bucket":"s3-bucket","component":"","level":"info","matching_prefix":"folder-2","message":"Prefix matched","object_key":"folder-2/file.txt","operation":"","timestamp":"2025-08-26T01:05:17.91275-04:00","trace_id":""}
=== RUN   TestIsAllowedBucketAndPrefix/s3-bucket_with_folder-2_root
{"bucket":"s3-bucket","component":"","level":"info","matching_prefix":"folder-2","message":"Prefix matched","object_key":"folder-2","operation":"","timestamp":"2025-08-26T01:05:17.912772-04:00","trace_id":""}
=== RUN   TestIsAllowedBucketAndPrefix/s3-bucket_with_folder-2_subfolder
{"bucket":"s3-bucket","component":"","level":"info","matching_prefix":"folder-2","message":"Prefix matched","object_key":"folder-2/subfolder/file.txt","operation":"","timestamp":"2025-08-26T01:05:17.912791-04:00","trace_id":""}
=== RUN   TestIsAllowedBucketAndPrefix/s3-bucket_with_wrong_prefix
{"allowed_prefixes":["folder-1","folder-2"],"bucket":"s3-bucket","component":"","level":"info","message":"Event blocked: prefix not allowed for listed bucket","object_key":"folder-3/file.txt","operation":"","timestamp":"2025-08-26T01:05:17.912816-04:00","trace_id":""}
=== RUN   TestIsAllowedBucketAndPrefix/s3-bucket_with_wrong_prefix_root
{"allowed_prefixes":["folder-1","folder-2"],"bucket":"s3-bucket","component":"","level":"info","message":"Event blocked: prefix not allowed for listed bucket","object_key":"folder-3","operation":"","timestamp":"2025-08-26T01:05:17.912838-04:00","trace_id":""}
=== RUN   TestIsAllowedBucketAndPrefix/s3-bucket-2_with_any_prefix
=== RUN   TestIsAllowedBucketAndPrefix/s3-bucket-2_root_file
=== RUN   TestIsAllowedBucketAndPrefix/s3-bucket-2_with_folder
=== RUN   TestIsAllowedBucketAndPrefix/unlisted_bucket
{"allowed":true,"bucket":"other-bucket","check_type":"unlisted_bucket","component":"","level":"info","message":"Checking unlisted bucket","object_key":"some/path/file.txt","operation":"","process_unlisted":true,"timestamp":"2025-08-26T01:05:17.912894-04:00","trace_id":""}
--- PASS: TestIsAllowedBucketAndPrefix (0.00s)
    --- PASS: TestIsAllowedBucketAndPrefix/s3-bucket_with_folder-1 (0.00s)
    --- PASS: TestIsAllowedBucketAndPrefix/s3-bucket_with_folder-1_root (0.00s)
    --- PASS: TestIsAllowedBucketAndPrefix/s3-bucket_with_folder-1_subfolder (0.00s)
    --- PASS: TestIsAllowedBucketAndPrefix/s3-bucket_with_folder-2 (0.00s)
    --- PASS: TestIsAllowedBucketAndPrefix/s3-bucket_with_folder-2_root (0.00s)
    --- PASS: TestIsAllowedBucketAndPrefix/s3-bucket_with_folder-2_subfolder (0.00s)
    --- PASS: TestIsAllowedBucketAndPrefix/s3-bucket_with_wrong_prefix (0.00s)
    --- PASS: TestIsAllowedBucketAndPrefix/s3-bucket_with_wrong_prefix_root (0.00s)
    --- PASS: TestIsAllowedBucketAndPrefix/s3-bucket-2_with_any_prefix (0.00s)
    --- PASS: TestIsAllowedBucketAndPrefix/s3-bucket-2_root_file (0.00s)
    --- PASS: TestIsAllowedBucketAndPrefix/s3-bucket-2_with_folder (0.00s)
    --- PASS: TestIsAllowedBucketAndPrefix/unlisted_bucket (0.00s)
PASS
ok  	s3_metrics_adapter/internal/config	(cached)
=== RUN   TestInitLogger
=== RUN   TestInitLogger/debug_level
=== RUN   TestInitLogger/info_level
=== RUN   TestInitLogger/error_level
=== RUN   TestInitLogger/invalid_level
=== RUN   TestInitLogger/invalid_component_level
--- PASS: TestInitLogger (0.00s)
    --- PASS: TestInitLogger/debug_level (0.00s)
    --- PASS: TestInitLogger/info_level (0.00s)
    --- PASS: TestInitLogger/error_level (0.00s)
    --- PASS: TestInitLogger/invalid_level (0.00s)
    --- PASS: TestInitLogger/invalid_component_level (0.00s)
=== RUN   TestLogging
=== RUN   TestLogging/info_message
=== RUN   TestLogging/error_message
=== RUN   TestLogging/debug_message
=== RUN   TestLogging/warn_message
=== RUN   TestLogging/formatted_info_message
=== RUN   TestLogging/formatted_error_message
--- PASS: TestLogging (0.00s)
    --- PASS: TestLogging/info_message (0.00s)
    --- PASS: TestLogging/error_message (0.00s)
    --- PASS: TestLogging/debug_message (0.00s)
    --- PASS: TestLogging/warn_message (0.00s)
    --- PASS: TestLogging/formatted_info_message (0.00s)
    --- PASS: TestLogging/formatted_error_message (0.00s)
=== RUN   TestLogLevelFiltering
--- PASS: TestLogLevelFiltering (0.00s)
=== RUN   TestLogOperation
=== RUN   TestLogOperation/successful_operation
=== RUN   TestLogOperation/failed_operation
--- PASS: TestLogOperation (0.02s)
    --- PASS: TestLogOperation/successful_operation (0.01s)
    --- PASS: TestLogOperation/failed_operation (0.01s)
=== RUN   TestCustomOutput
--- PASS: TestCustomOutput (0.00s)
=== RUN   TestPrettyPrintOutput
=== RUN   TestPrettyPrintOutput/pretty_print_enabled
=== RUN   TestPrettyPrintOutput/pretty_print_disabled
--- PASS: TestPrettyPrintOutput (0.00s)
    --- PASS: TestPrettyPrintOutput/pretty_print_enabled (0.00s)
    --- PASS: TestPrettyPrintOutput/pretty_print_disabled (0.00s)
PASS
ok  	s3_metrics_adapter/internal/logger	(cached)
=== RUN   TestEventMetrics
time="2025-08-26T01:05:18-04:00" level=info msg="Metrics configuration initialized with 10 enabled and 0 disabled metrics" component=metrics operation= trace_id=
=== RUN   TestEventMetrics/object_creation_event
time="2025-08-26T01:05:18-04:00" level=info msg="Metrics configuration initialized with 10 enabled and 0 disabled metrics" component=metrics operation= trace_id=
=== RUN   TestEventMetrics/delete_marker_creation
time="2025-08-26T01:05:18-04:00" level=info msg="Metrics configuration initialized with 10 enabled and 0 disabled metrics" component=metrics operation= trace_id=
=== RUN   TestEventMetrics/multipart_upload_completion
time="2025-08-26T01:05:18-04:00" level=info msg="Metrics configuration initialized with 10 enabled and 0 disabled metrics" component=metrics operation= trace_id=
--- PASS: TestEventMetrics (0.00s)
    --- PASS: TestEventMetrics/object_creation_event (0.00s)
    --- PASS: TestEventMetrics/delete_marker_creation (0.00s)
    --- PASS: TestEventMetrics/multipart_upload_completion (0.00s)
=== RUN   TestFileExtensionMetrics
time="2025-08-26T01:05:18-04:00" level=info msg="Metrics configuration initialized with 10 enabled and 0 disabled metrics" component=metrics operation= trace_id=
=== RUN   TestFileExtensionMetrics/file_with_extension
time="2025-08-26T01:05:18-04:00" level=info msg="Metrics configuration initialized with 10 enabled and 0 disabled metrics" component=metrics operation= trace_id=
=== RUN   TestFileExtensionMetrics/file_without_extension
time="2025-08-26T01:05:18-04:00" level=info msg="Metrics configuration initialized with 10 enabled and 0 disabled metrics" component=metrics operation= trace_id=
=== RUN   TestFileExtensionMetrics/directory
time="2025-08-26T01:05:18-04:00" level=info msg="Metrics configuration initialized with 10 enabled and 0 disabled metrics" component=metrics operation= trace_id=
=== RUN   TestFileExtensionMetrics/file_deletion
time="2025-08-26T01:05:18-04:00" level=info msg="Metrics configuration initialized with 10 enabled and 0 disabled metrics" component=metrics operation= trace_id=
--- PASS: TestFileExtensionMetrics (0.00s)
    --- PASS: TestFileExtensionMetrics/file_with_extension (0.00s)
    --- PASS: TestFileExtensionMetrics/file_without_extension (0.00s)
    --- PASS: TestFileExtensionMetrics/directory (0.00s)
    --- PASS: TestFileExtensionMetrics/file_deletion (0.00s)
=== RUN   TestInitialize
time="2025-08-26T01:05:18-04:00" level=info msg="Metrics configuration initialized with 10 enabled and 0 disabled metrics" component=metrics operation= trace_id=
--- PASS: TestInitialize (0.00s)
=== RUN   TestGetPrefix
=== RUN   TestGetPrefix/key_with_prefix
=== RUN   TestGetPrefix/key_without_prefix
=== RUN   TestGetPrefix/nested_folders
=== RUN   TestGetPrefix/empty_key
--- PASS: TestGetPrefix (0.00s)
    --- PASS: TestGetPrefix/key_with_prefix (0.00s)
    --- PASS: TestGetPrefix/key_without_prefix (0.00s)
    --- PASS: TestGetPrefix/nested_folders (0.00s)
    --- PASS: TestGetPrefix/empty_key (0.00s)
=== RUN   TestGetFileInfo
=== RUN   TestGetFileInfo/file_with_extension
=== RUN   TestGetFileInfo/file_without_extension
=== RUN   TestGetFileInfo/directory
=== RUN   TestGetFileInfo/file_with_multiple_dots
=== RUN   TestGetFileInfo/hidden_file_with_extension
=== RUN   TestGetFileInfo/hidden_file_without_extension
--- PASS: TestGetFileInfo (0.00s)
    --- PASS: TestGetFileInfo/file_with_extension (0.00s)
    --- PASS: TestGetFileInfo/file_without_extension (0.00s)
    --- PASS: TestGetFileInfo/directory (0.00s)
    --- PASS: TestGetFileInfo/file_with_multiple_dots (0.00s)
    --- PASS: TestGetFileInfo/hidden_file_with_extension (0.00s)
    --- PASS: TestGetFileInfo/hidden_file_without_extension (0.00s)
=== RUN   TestGetPrefixAtDepth
=== RUN   TestGetPrefixAtDepth/depth_1
=== RUN   TestGetPrefixAtDepth/depth_2
=== RUN   TestGetPrefixAtDepth/depth_3_with_shorter_path
=== RUN   TestGetPrefixAtDepth/depth_2_with_shorter_path
=== RUN   TestGetPrefixAtDepth/depth_0
=== RUN   TestGetPrefixAtDepth/negative_depth
=== RUN   TestGetPrefixAtDepth/empty_key
--- PASS: TestGetPrefixAtDepth (0.00s)
    --- PASS: TestGetPrefixAtDepth/depth_1 (0.00s)
    --- PASS: TestGetPrefixAtDepth/depth_2 (0.00s)
    --- PASS: TestGetPrefixAtDepth/depth_3_with_shorter_path (0.00s)
    --- PASS: TestGetPrefixAtDepth/depth_2_with_shorter_path (0.00s)
    --- PASS: TestGetPrefixAtDepth/depth_0 (0.00s)
    --- PASS: TestGetPrefixAtDepth/negative_depth (0.00s)
    --- PASS: TestGetPrefixAtDepth/empty_key (0.00s)
PASS
ok  	s3_metrics_adapter/internal/metrics	(cached)
=== RUN   TestSQSMessage
--- PASS: TestSQSMessage (0.00s)
=== RUN   TestDirectS3Event
=== RUN   TestDirectS3Event/check_event_type
=== RUN   TestDirectS3Event/check_bucket_name
=== RUN   TestDirectS3Event/check_object_key
=== RUN   TestDirectS3Event/check_file_extension
--- PASS: TestDirectS3Event (0.00s)
    --- PASS: TestDirectS3Event/check_event_type (0.00s)
    --- PASS: TestDirectS3Event/check_bucket_name (0.00s)
    --- PASS: TestDirectS3Event/check_object_key (0.00s)
    --- PASS: TestDirectS3Event/check_file_extension (0.00s)
=== RUN   TestDeleteEvent
=== RUN   TestDeleteEvent/check_event_type
=== RUN   TestDeleteEvent/check_bucket_name
=== RUN   TestDeleteEvent/check_object_key
--- PASS: TestDeleteEvent (0.00s)
    --- PASS: TestDeleteEvent/check_event_type (0.00s)
    --- PASS: TestDeleteEvent/check_bucket_name (0.00s)
    --- PASS: TestDeleteEvent/check_object_key (0.00s)
=== RUN   TestInvalidJSON
--- PASS: TestInvalidJSON (0.00s)
=== RUN   TestLifecycleExpirationEvent
=== RUN   TestLifecycleExpirationEvent/check_event_type
=== RUN   TestLifecycleExpirationEvent/check_reason
=== RUN   TestLifecycleExpirationEvent/check_bucket_name
=== RUN   TestLifecycleExpirationEvent/check_object_key
--- PASS: TestLifecycleExpirationEvent (0.00s)
    --- PASS: TestLifecycleExpirationEvent/check_event_type (0.00s)
    --- PASS: TestLifecycleExpirationEvent/check_reason (0.00s)
    --- PASS: TestLifecycleExpirationEvent/check_bucket_name (0.00s)
    --- PASS: TestLifecycleExpirationEvent/check_object_key (0.00s)
=== RUN   TestInvalidEventSource
--- PASS: TestInvalidEventSource (0.00s)
PASS
ok  	s3_metrics_adapter/internal/parser	(cached)
=== RUN   TestNewPoller
--- PASS: TestNewPoller (0.00s)
=== RUN   TestExtractRegionFromQueueURL
=== RUN   TestExtractRegionFromQueueURL/valid_us-west-2_URL
=== RUN   TestExtractRegionFromQueueURL/valid_us-east-1_URL
=== RUN   TestExtractRegionFromQueueURL/invalid_URL
=== RUN   TestExtractRegionFromQueueURL/empty_URL
--- PASS: TestExtractRegionFromQueueURL (0.00s)
    --- PASS: TestExtractRegionFromQueueURL/valid_us-west-2_URL (0.00s)
    --- PASS: TestExtractRegionFromQueueURL/valid_us-east-1_URL (0.00s)
    --- PASS: TestExtractRegionFromQueueURL/invalid_URL (0.00s)
    --- PASS: TestExtractRegionFromQueueURL/empty_URL (0.00s)
=== RUN   TestCalculateBackoff
=== RUN   TestCalculateBackoff/zero_retries
=== RUN   TestCalculateBackoff/one_retry
=== RUN   TestCalculateBackoff/five_retries
--- PASS: TestCalculateBackoff (0.00s)
    --- PASS: TestCalculateBackoff/zero_retries (0.00s)
    --- PASS: TestCalculateBackoff/one_retry (0.00s)
    --- PASS: TestCalculateBackoff/five_retries (0.00s)
=== RUN   TestGetPrefix
=== RUN   TestGetPrefix/empty_key
=== RUN   TestGetPrefix/key_with_prefix
=== RUN   TestGetPrefix/key_without_prefix
=== RUN   TestGetPrefix/key_with_single_slash
=== RUN   TestGetPrefix/deep_nested_key
=== RUN   TestGetPrefix/key_starting_with_slash
=== RUN   TestGetPrefix/key_with_multiple_slashes
--- PASS: TestGetPrefix (0.00s)
    --- PASS: TestGetPrefix/empty_key (0.00s)
    --- PASS: TestGetPrefix/key_with_prefix (0.00s)
    --- PASS: TestGetPrefix/key_without_prefix (0.00s)
    --- PASS: TestGetPrefix/key_with_single_slash (0.00s)
    --- PASS: TestGetPrefix/deep_nested_key (0.00s)
    --- PASS: TestGetPrefix/key_starting_with_slash (0.00s)
    --- PASS: TestGetPrefix/key_with_multiple_slashes (0.00s)
=== RUN   TestStartPollingAndShutdown
time="2025-08-26T01:17:55-04:00" level=info msg="Starting SQS poller with 1 queues" component=sqspoller operation= trace_id=
time="2025-08-26T01:17:55-04:00" level=info msg="Started polling queue https://sqs.us-west-2.amazonaws.com/123456789012/test-queue in region us-west-2" component=sqspoller operation= trace_id=
time="2025-08-26T01:17:55-04:00" level=info msg="Initiating graceful shutdown of SQS poller" component=sqspoller operation= trace_id=
time="2025-08-26T01:17:55-04:00" level=error msg="Error processing queue" error="failed to receive messages: operation error SQS: ReceiveMessage, https response error StatusCode: 404, RequestID: 5eb64abc-7667-56b2-8030-2b9b33a4aa98, InvalidAddress: The address https://sqs.us-west-2.amazonaws.com/ is not valid for this endpoint." queue_url="https://sqs.us-west-2.amazonaws.com/123456789012/test-queue" retry_after=3.2s retry_count=1
time="2025-08-26T01:17:55-04:00" level=info msg="SQS poller shutdown complete" component=sqspoller operation= trace_id=
--- PASS: TestStartPollingAndShutdown (0.44s)
=== RUN   TestPollQueueWithInvalidURL
time="2025-08-26T01:17:55-04:00" level=error component=sqspoller error="invalid queue URL invalid-url: invalid queue URL format: invalid-url" operation= trace_id=
--- PASS: TestPollQueueWithInvalidURL (0.00s)
=== RUN   TestPollQueueWithContextCancellation
time="2025-08-26T01:17:55-04:00" level=info msg="Started polling queue https://sqs.us-west-2.amazonaws.com/123456789012/test-queue in region us-west-2" component=sqspoller operation= trace_id=
time="2025-08-26T01:17:55-04:00" level=info msg="Context cancelled for queue" queue_url="https://sqs.us-west-2.amazonaws.com/123456789012/test-queue"
--- PASS: TestPollQueueWithContextCancellation (0.00s)
=== RUN   TestPollQueueWithDoneChannel
time="2025-08-26T01:17:55-04:00" level=info msg="Started polling queue https://sqs.us-west-2.amazonaws.com/123456789012/test-queue in region us-west-2" component=sqspoller operation= trace_id=
time="2025-08-26T01:17:55-04:00" level=info msg="Stopping poll for queue" queue_url="https://sqs.us-west-2.amazonaws.com/123456789012/test-queue"
--- PASS: TestPollQueueWithDoneChannel (0.00s)
=== RUN   TestPollerWithEmptyQueues
--- PASS: TestPollerWithEmptyQueues (0.00s)
=== RUN   TestPollerWithMultipleQueues
--- PASS: TestPollerWithMultipleQueues (0.00s)
=== RUN   TestReceiveAndProcessMessages
--- PASS: TestReceiveAndProcessMessages (0.00s)
=== RUN   TestProcessMessage
--- PASS: TestProcessMessage (0.00s)
=== RUN   TestProcessMessageErrorScenarios
=== RUN   TestProcessMessageErrorScenarios/nil_message_body
    poller_test.go:407: Message with nil body would be rejected as expected
=== RUN   TestProcessMessageErrorScenarios/valid_message_structure
time="2025-08-26T01:17:55-04:00" level=info msg="Prefix matched" bucket=allowed-bucket component= matching_prefix=allowed object_key=allowed operation= trace_id=
=== RUN   TestProcessMessageErrorScenarios/blocked_bucket/prefix
time="2025-08-26T01:17:55-04:00" level=info msg="Event blocked: prefix not allowed for listed bucket" allowed_prefixes="[allowed]" bucket=allowed-bucket component= object_key=forbidden operation= trace_id=
=== RUN   TestProcessMessageErrorScenarios/unlisted_bucket
time="2025-08-26T01:17:55-04:00" level=info msg="Checking unlisted bucket" allowed=false bucket=unlisted-bucket check_type=unlisted_bucket component= object_key=any operation= process_unlisted=false trace_id=
=== RUN   TestProcessMessageErrorScenarios/invalid_JSON
--- PASS: TestProcessMessageErrorScenarios (0.00s)
    --- PASS: TestProcessMessageErrorScenarios/nil_message_body (0.00s)
    --- PASS: TestProcessMessageErrorScenarios/valid_message_structure (0.00s)
    --- PASS: TestProcessMessageErrorScenarios/blocked_bucket/prefix (0.00s)
    --- PASS: TestProcessMessageErrorScenarios/unlisted_bucket (0.00s)
    --- PASS: TestProcessMessageErrorScenarios/invalid_JSON (0.00s)
=== RUN   TestProcessMessageWithAllowedEvents
=== RUN   TestProcessMessageWithAllowedEvents/allowed_bucket_with_allowed_prefix
time="2025-08-26T01:17:55-04:00" level=info msg="Prefix matched" bucket=test-bucket component= matching_prefix=logs object_key=logs operation= trace_id=
=== RUN   TestProcessMessageWithAllowedEvents/allowed_bucket_with_different_allowed_prefix
time="2025-08-26T01:17:55-04:00" level=info msg="Prefix matched" bucket=test-bucket component= matching_prefix=data object_key=data operation= trace_id=
=== RUN   TestProcessMessageWithAllowedEvents/allowed_bucket_with_forbidden_prefix
time="2025-08-26T01:17:55-04:00" level=info msg="Event blocked: prefix not allowed for listed bucket" allowed_prefixes="[logs data]" bucket=test-bucket component= object_key=config operation= trace_id=
=== RUN   TestProcessMessageWithAllowedEvents/bucket_with_empty_prefix_list_(all_allowed)
=== RUN   TestProcessMessageWithAllowedEvents/unlisted_bucket_with_ProcessUnlistedBuckets_true
time="2025-08-26T01:17:55-04:00" level=info msg="Checking unlisted bucket" allowed=true bucket=random-bucket check_type=unlisted_bucket component= object_key=some operation= process_unlisted=true trace_id=
--- PASS: TestProcessMessageWithAllowedEvents (0.00s)
    --- PASS: TestProcessMessageWithAllowedEvents/allowed_bucket_with_allowed_prefix (0.00s)
    --- PASS: TestProcessMessageWithAllowedEvents/allowed_bucket_with_different_allowed_prefix (0.00s)
    --- PASS: TestProcessMessageWithAllowedEvents/allowed_bucket_with_forbidden_prefix (0.00s)
    --- PASS: TestProcessMessageWithAllowedEvents/bucket_with_empty_prefix_list_(all_allowed) (0.00s)
    --- PASS: TestProcessMessageWithAllowedEvents/unlisted_bucket_with_ProcessUnlistedBuckets_true (0.00s)
=== RUN   TestProcessMessageFunctionExists
time="2025-08-26T01:17:55-04:00" level=info msg="Checking unlisted bucket" allowed=true bucket=test-bucket check_type=unlisted_bucket component= object_key=test operation= process_unlisted=true trace_id=
    poller_test.go:745: All processMessage dependencies are working correctly
--- PASS: TestProcessMessageFunctionExists (0.00s)
=== RUN   TestProcessMessageWithMock
time="2025-08-26T01:17:55-04:00" level=info msg="Metrics configuration initialized with 0 enabled and 10 disabled metrics" component=metrics operation= trace_id=
=== RUN   TestProcessMessageWithMock/nil_message_body
=== RUN   TestProcessMessageWithMock/blocked_bucket_-_message_deleted
time="2025-08-26T01:17:55-04:00" level=info msg="Event blocked: prefix not allowed for listed bucket" allowed_prefixes="[allowed]" bucket=test-bucket component= object_key=forbidden/test-file.txt operation= trace_id=
=== RUN   TestProcessMessageWithMock/allowed_event_-_message_processed_and_deleted
time="2025-08-26T01:17:55-04:00" level=info msg="Prefix matched" bucket=test-bucket component= matching_prefix=allowed object_key=allowed/test-file.txt operation= trace_id=
time="2025-08-26T01:17:55-04:00" level=info msg="S3 event processed: ObjectCreated:Put on test-bucket/allowed/test-file.txt" component=event_parser operation= trace_id=test-request-id
=== RUN   TestProcessMessageWithMock/delete_message_error
time="2025-08-26T01:17:55-04:00" level=info msg="Event blocked: prefix not allowed for listed bucket" allowed_prefixes="[allowed]" bucket=test-bucket component= object_key=forbidden/test-file.txt operation= trace_id=
=== RUN   TestProcessMessageWithMock/parse_error
--- PASS: TestProcessMessageWithMock (0.00s)
    --- PASS: TestProcessMessageWithMock/nil_message_body (0.00s)
    --- PASS: TestProcessMessageWithMock/blocked_bucket_-_message_deleted (0.00s)
    --- PASS: TestProcessMessageWithMock/allowed_event_-_message_processed_and_deleted (0.00s)
    --- PASS: TestProcessMessageWithMock/delete_message_error (0.00s)
    --- PASS: TestProcessMessageWithMock/parse_error (0.00s)
=== RUN   TestReceiveAndProcessMessagesWithMock
=== RUN   TestReceiveAndProcessMessagesWithMock/no_messages_received
=== RUN   TestReceiveAndProcessMessagesWithMock/receive_message_error
=== RUN   TestReceiveAndProcessMessagesWithMock/valid_message_processing_with_deletion
time="2025-08-26T01:17:55-04:00" level=info msg="Prefix matched" bucket=test-bucket component= matching_prefix=allowed object_key=allowed/test-file.txt operation= trace_id=
time="2025-08-26T01:17:55-04:00" level=info msg="S3 event processed: ObjectCreated:Put on test-bucket/allowed/test-file.txt" component=event_parser operation= trace_id=test-request-id
=== RUN   TestReceiveAndProcessMessagesWithMock/invalid_message_processing_with_error_deletion
time="2025-08-26T01:17:55-04:00" level=error component=sqspoller error="failed to process message from https://sqs.us-west-2.amazonaws.com/123456789012/test-queue: failed to parse message: failed to parse event: unrecognized format" operation= trace_id=invalid-message-id
=== RUN   TestReceiveAndProcessMessagesWithMock/message_processing_error_with_deletion_failure
time="2025-08-26T01:17:55-04:00" level=error component=sqspoller error="failed to process message from https://sqs.us-west-2.amazonaws.com/123456789012/test-queue: failed to parse message: failed to parse event: unrecognized format" operation= trace_id=fail-delete-message-id
time="2025-08-26T01:17:55-04:00" level=error component=sqspoller error="failed to delete failed message from https://sqs.us-west-2.amazonaws.com/123456789012/test-queue: delete operation failed" operation= trace_id=fail-delete-message-id
--- PASS: TestReceiveAndProcessMessagesWithMock (0.00s)
    --- PASS: TestReceiveAndProcessMessagesWithMock/no_messages_received (0.00s)
    --- PASS: TestReceiveAndProcessMessagesWithMock/receive_message_error (0.00s)
    --- PASS: TestReceiveAndProcessMessagesWithMock/valid_message_processing_with_deletion (0.00s)
    --- PASS: TestReceiveAndProcessMessagesWithMock/invalid_message_processing_with_error_deletion (0.00s)
    --- PASS: TestReceiveAndProcessMessagesWithMock/message_processing_error_with_deletion_failure (0.00s)
=== RUN   TestDefaultClientFactoryError
=== RUN   TestDefaultClientFactoryError/defaultClientFactory_success
--- PASS: TestDefaultClientFactoryError (0.00s)
    --- PASS: TestDefaultClientFactoryError/defaultClientFactory_success (0.00s)
=== RUN   TestPollQueueAdditionalCoverage
=== RUN   TestPollQueueAdditionalCoverage/client_factory_error_coverage
time="2025-08-26T01:17:55-04:00" level=info msg="Starting SQS poller with 1 queues" component=sqspoller operation= trace_id=
time="2025-08-26T01:17:55-04:00" level=error component=sqspoller error="failed to create SQS client for region us-west-2: simulated client creation error" operation= trace_id=
time="2025-08-26T01:17:55-04:00" level=info msg="Initiating graceful shutdown of SQS poller" component=sqspoller operation= trace_id=
time="2025-08-26T01:17:55-04:00" level=info msg="SQS poller shutdown complete" component=sqspoller operation= trace_id=
--- PASS: TestPollQueueAdditionalCoverage (0.01s)
    --- PASS: TestPollQueueAdditionalCoverage/client_factory_error_coverage (0.01s)
PASS
ok  	s3_metrics_adapter/internal/poller	0.731s
=== RUN   TestApplicationStartupShutdown
--- PASS: TestApplicationStartupShutdown (0.00s)
=== RUN   TestConfigurationValidation
=== RUN   TestConfigurationValidation/valid_minimal_config
=== RUN   TestConfigurationValidation/missing_queues
=== RUN   TestConfigurationValidation/invalid_log_level
=== RUN   TestConfigurationValidation/empty_bucket_name
--- PASS: TestConfigurationValidation (0.00s)
    --- PASS: TestConfigurationValidation/valid_minimal_config (0.00s)
    --- PASS: TestConfigurationValidation/missing_queues (0.00s)
    --- PASS: TestConfigurationValidation/invalid_log_level (0.00s)
    --- PASS: TestConfigurationValidation/empty_bucket_name (0.00s)
=== RUN   TestErrorHandling
=== RUN   TestErrorHandling/invalid_config_file_path
=== RUN   TestErrorHandling/malformed_yaml
--- PASS: TestErrorHandling (0.00s)
    --- PASS: TestErrorHandling/invalid_config_file_path (0.00s)
    --- PASS: TestErrorHandling/malformed_yaml (0.00s)
=== RUN   TestConcurrentAccess
{"bucket":"test-bucket","component":"","level":"info","matching_prefix":"folder1/","message":"Prefix matched","object_key":"folder1/test.txt","operation":"","timestamp":"2025-08-26T01:17:55.606597-04:00","trace_id":""}
{"allowed":true,"bucket":"unknown-bucket","check_type":"unlisted_bucket","component":"","level":"info","message":"Checking unlisted bucket","object_key":"any/path.txt","operation":"","process_unlisted":true,"timestamp":"2025-08-26T01:17:55.606897-04:00","trace_id":""}
{"bucket":"test-bucket","component":"","level":"info","matching_prefix":"folder1/","message":"Prefix matched","object_key":"folder1/test.txt","operation":"","timestamp":"2025-08-26T01:17:55.606915-04:00","trace_id":""}
{"bucket":"test-bucket","component":"","level":"info","matching_prefix":"folder1/","message":"Prefix matched","object_key":"folder1/test.txt","operation":"","timestamp":"2025-08-26T01:17:55.606604-04:00","trace_id":""}
{"allowed":true,"bucket":"unknown-bucket","check_type":"unlisted_bucket","component":"","level":"info","message":"Checking unlisted bucket","object_key":"any/path.txt","operation":"","process_unlisted":true,"timestamp":"2025-08-26T01:17:55.60704-04:00","trace_id":""}
{"bucket":"test-bucket","component":"","level":"info","matching_prefix":"folder1/","message":"Prefix matched","object_key":"folder1/test.txt","operation":"","timestamp":"2025-08-26T01:17:55.60706-04:00","trace_id":""}
{"allowed":true,"bucket":"unknown-bucket","check_type":"unlisted_bucket","component":"","level":"info","message":"Checking unlisted bucket","object_key":"any/path.txt","operation":"","process_unlisted":true,"timestamp":"2025-08-26T01:17:55.607075-04:00","trace_id":""}
{"bucket":"test-bucket","component":"","level":"info","matching_prefix":"folder1/","message":"Prefix matched","object_key":"folder1/test.txt","operation":"","timestamp":"2025-08-26T01:17:55.607087-04:00","trace_id":""}
{"allowed":true,"bucket":"unknown-bucket","check_type":"unlisted_bucket","component":"","level":"info","message":"Checking unlisted bucket","object_key":"any/path.txt","operation":"","process_unlisted":true,"timestamp":"2025-08-26T01:17:55.607094-04:00","trace_id":""}
{"bucket":"test-bucket","component":"","level":"info","matching_prefix":"folder1/","message":"Prefix matched","object_key":"folder1/test.txt","operation":"","timestamp":"2025-08-26T01:17:55.607105-04:00","trace_id":""}
{"allowed":true,"bucket":"unknown-bucket","check_type":"unlisted_bucket","component":"","level":"info","message":"Checking unlisted bucket","object_key":"any/path.txt","operation":"","process_unlisted":true,"timestamp":"2025-08-26T01:17:55.607115-04:00","trace_id":""}
{"bucket":"test-bucket","component":"","level":"info","matching_prefix":"folder1/","message":"Prefix matched","object_key":"folder1/test.txt","operation":"","timestamp":"2025-08-26T01:17:55.607125-04:00","trace_id":""}
{"allowed":true,"bucket":"unknown-bucket","check_type":"unlisted_bucket","component":"","level":"info","message":"Checking unlisted bucket","object_key":"any/path.txt","operation":"","process_unlisted":true,"timestamp":"2025-08-26T01:17:55.607134-04:00","trace_id":""}
{"bucket":"test-bucket","component":"","level":"info","matching_prefix":"folder1/","message":"Prefix matched","object_key":"folder1/test.txt","operation":"","timestamp":"2025-08-26T01:17:55.607142-04:00","trace_id":""}
{"allowed":true,"bucket":"unknown-bucket","check_type":"unlisted_bucket","component":"","level":"info","message":"Checking unlisted bucket","object_key":"any/path.txt","operation":"","process_unlisted":true,"timestamp":"2025-08-26T01:17:55.60715-04:00","trace_id":""}
{"bucket":"test-bucket","component":"","level":"info","matching_prefix":"folder1/","message":"Prefix matched","object_key":"folder1/test.txt","operation":"","timestamp":"2025-08-26T01:17:55.607163-04:00","trace_id":""}
{"allowed":true,"bucket":"unknown-bucket","check_type":"unlisted_bucket","component":"","level":"info","message":"Checking unlisted bucket","object_key":"any/path.txt","operation":"","process_unlisted":true,"timestamp":"2025-08-26T01:17:55.607173-04:00","trace_id":""}
{"allowed":true,"bucket":"unknown-bucket","check_type":"unlisted_bucket","component":"","level":"info","message":"Checking unlisted bucket","object_key":"any/path.txt","operation":"","process_unlisted":true,"timestamp":"2025-08-26T01:17:55.606923-04:00","trace_id":""}
{"bucket":"test-bucket","component":"","level":"info","matching_prefix":"folder1/","message":"Prefix matched","object_key":"folder1/test.txt","operation":"","timestamp":"2025-08-26T01:17:55.607212-04:00","trace_id":""}
{"bucket":"test-bucket","component":"","level":"info","matching_prefix":"folder1/","message":"Prefix matched","object_key":"folder1/test.txt","operation":"","timestamp":"2025-08-26T01:17:55.606628-04:00","trace_id":""}
{"bucket":"test-bucket","component":"","level":"info","matching_prefix":"folder1/","message":"Prefix matched","object_key":"folder1/test.txt","operation":"","timestamp":"2025-08-26T01:17:55.606631-04:00","trace_id":""}
{"allowed":true,"bucket":"unknown-bucket","check_type":"unlisted_bucket","component":"","level":"info","message":"Checking unlisted bucket","object_key":"any/path.txt","operation":"","process_unlisted":true,"timestamp":"2025-08-26T01:17:55.60724-04:00","trace_id":""}
{"bucket":"test-bucket","component":"","level":"info","matching_prefix":"folder1/","message":"Prefix matched","object_key":"folder1/test.txt","operation":"","timestamp":"2025-08-26T01:17:55.607251-04:00","trace_id":""}
{"allowed":true,"bucket":"unknown-bucket","check_type":"unlisted_bucket","component":"","level":"info","message":"Checking unlisted bucket","object_key":"any/path.txt","operation":"","process_unlisted":true,"timestamp":"2025-08-26T01:17:55.60722-04:00","trace_id":""}
{"bucket":"test-bucket","component":"","level":"info","matching_prefix":"folder1/","message":"Prefix matched","object_key":"folder1/test.txt","operation":"","timestamp":"2025-08-26T01:17:55.607299-04:00","trace_id":""}
{"allowed":true,"bucket":"unknown-bucket","check_type":"unlisted_bucket","component":"","level":"info","message":"Checking unlisted bucket","object_key":"any/path.txt","operation":"","process_unlisted":true,"timestamp":"2025-08-26T01:17:55.607315-04:00","trace_id":""}
{"bucket":"test-bucket","component":"","level":"info","matching_prefix":"folder1/","message":"Prefix matched","object_key":"folder1/test.txt","operation":"","timestamp":"2025-08-26T01:17:55.607331-04:00","trace_id":""}
{"allowed":true,"bucket":"unknown-bucket","check_type":"unlisted_bucket","component":"","level":"info","message":"Checking unlisted bucket","object_key":"any/path.txt","operation":"","process_unlisted":true,"timestamp":"2025-08-26T01:17:55.607342-04:00","trace_id":""}
{"allowed":true,"bucket":"unknown-bucket","check_type":"unlisted_bucket","component":"","level":"info","message":"Checking unlisted bucket","object_key":"any/path.txt","operation":"","process_unlisted":true,"timestamp":"2025-08-26T01:17:55.607233-04:00","trace_id":""}
{"bucket":"test-bucket","component":"","level":"info","matching_prefix":"folder1/","message":"Prefix matched","object_key":"folder1/test.txt","operation":"","timestamp":"2025-08-26T01:17:55.607401-04:00","trace_id":""}
{"bucket":"test-bucket","component":"","level":"info","matching_prefix":"folder1/","message":"Prefix matched","object_key":"folder1/test.txt","operation":"","timestamp":"2025-08-26T01:17:55.606632-04:00","trace_id":""}
{"allowed":true,"bucket":"unknown-bucket","check_type":"unlisted_bucket","component":"","level":"info","message":"Checking unlisted bucket","object_key":"any/path.txt","operation":"","process_unlisted":true,"timestamp":"2025-08-26T01:17:55.607439-04:00","trace_id":""}
{"bucket":"test-bucket","component":"","level":"info","matching_prefix":"folder1/","message":"Prefix matched","object_key":"folder1/test.txt","operation":"","timestamp":"2025-08-26T01:17:55.607352-04:00","trace_id":""}
{"allowed":true,"bucket":"unknown-bucket","check_type":"unlisted_bucket","component":"","level":"info","message":"Checking unlisted bucket","object_key":"any/path.txt","operation":"","process_unlisted":true,"timestamp":"2025-08-26T01:17:55.607467-04:00","trace_id":""}
{"allowed":true,"bucket":"unknown-bucket","check_type":"unlisted_bucket","component":"","level":"info","message":"Checking unlisted bucket","object_key":"any/path.txt","operation":"","process_unlisted":true,"timestamp":"2025-08-26T01:17:55.607414-04:00","trace_id":""}
{"bucket":"test-bucket","component":"","level":"info","matching_prefix":"folder1/","message":"Prefix matched","object_key":"folder1/test.txt","operation":"","timestamp":"2025-08-26T01:17:55.607457-04:00","trace_id":""}
{"allowed":true,"bucket":"unknown-bucket","check_type":"unlisted_bucket","component":"","level":"info","message":"Checking unlisted bucket","object_key":"any/path.txt","operation":"","process_unlisted":true,"timestamp":"2025-08-26T01:17:55.60752-04:00","trace_id":""}
{"bucket":"test-bucket","component":"","level":"info","matching_prefix":"folder1/","message":"Prefix matched","object_key":"folder1/test.txt","operation":"","timestamp":"2025-08-26T01:17:55.607539-04:00","trace_id":""}
{"allowed":true,"bucket":"unknown-bucket","check_type":"unlisted_bucket","component":"","level":"info","message":"Checking unlisted bucket","object_key":"any/path.txt","operation":"","process_unlisted":true,"timestamp":"2025-08-26T01:17:55.607551-04:00","trace_id":""}
{"bucket":"test-bucket","component":"","level":"info","matching_prefix":"folder1/","message":"Prefix matched","object_key":"folder1/test.txt","operation":"","timestamp":"2025-08-26T01:17:55.607563-04:00","trace_id":""}
{"allowed":true,"bucket":"unknown-bucket","check_type":"unlisted_bucket","component":"","level":"info","message":"Checking unlisted bucket","object_key":"any/path.txt","operation":"","process_unlisted":true,"timestamp":"2025-08-26T01:17:55.607572-04:00","trace_id":""}
{"bucket":"test-bucket","component":"","level":"info","matching_prefix":"folder1/","message":"Prefix matched","object_key":"folder1/test.txt","operation":"","timestamp":"2025-08-26T01:17:55.607481-04:00","trace_id":""}
{"allowed":true,"bucket":"unknown-bucket","check_type":"unlisted_bucket","component":"","level":"info","message":"Checking unlisted bucket","object_key":"any/path.txt","operation":"","process_unlisted":true,"timestamp":"2025-08-26T01:17:55.607598-04:00","trace_id":""}
{"bucket":"test-bucket","component":"","level":"info","matching_prefix":"folder1/","message":"Prefix matched","object_key":"folder1/test.txt","operation":"","timestamp":"2025-08-26T01:17:55.607614-04:00","trace_id":""}
{"bucket":"test-bucket","component":"","level":"info","matching_prefix":"folder1/","message":"Prefix matched","object_key":"folder1/test.txt","operation":"","timestamp":"2025-08-26T01:17:55.606757-04:00","trace_id":""}
{"allowed":true,"bucket":"unknown-bucket","check_type":"unlisted_bucket","component":"","level":"info","message":"Checking unlisted bucket","object_key":"any/path.txt","operation":"","process_unlisted":true,"timestamp":"2025-08-26T01:17:55.607643-04:00","trace_id":""}
{"bucket":"test-bucket","component":"","level":"info","matching_prefix":"folder1/","message":"Prefix matched","object_key":"folder1/test.txt","operation":"","timestamp":"2025-08-26T01:17:55.607507-04:00","trace_id":""}
{"bucket":"test-bucket","component":"","level":"info","matching_prefix":"folder1/","message":"Prefix matched","object_key":"folder1/test.txt","operation":"","timestamp":"2025-08-26T01:17:55.607662-04:00","trace_id":""}
{"allowed":true,"bucket":"unknown-bucket","check_type":"unlisted_bucket","component":"","level":"info","message":"Checking unlisted bucket","object_key":"any/path.txt","operation":"","process_unlisted":true,"timestamp":"2025-08-26T01:17:55.607671-04:00","trace_id":""}
{"bucket":"test-bucket","component":"","level":"info","matching_prefix":"folder1/","message":"Prefix matched","object_key":"folder1/test.txt","operation":"","timestamp":"2025-08-26T01:17:55.607685-04:00","trace_id":""}
{"allowed":true,"bucket":"unknown-bucket","check_type":"unlisted_bucket","component":"","level":"info","message":"Checking unlisted bucket","object_key":"any/path.txt","operation":"","process_unlisted":true,"timestamp":"2025-08-26T01:17:55.607693-04:00","trace_id":""}
{"bucket":"test-bucket","component":"","level":"info","matching_prefix":"folder1/","message":"Prefix matched","object_key":"folder1/test.txt","operation":"","timestamp":"2025-08-26T01:17:55.607706-04:00","trace_id":""}
{"bucket":"test-bucket","component":"","level":"info","matching_prefix":"folder1/","message":"Prefix matched","object_key":"folder1/test.txt","operation":"","timestamp":"2025-08-26T01:17:55.607623-04:00","trace_id":""}
{"allowed":true,"bucket":"unknown-bucket","check_type":"unlisted_bucket","component":"","level":"info","message":"Checking unlisted bucket","object_key":"any/path.txt","operation":"","process_unlisted":true,"timestamp":"2025-08-26T01:17:55.607673-04:00","trace_id":""}
{"bucket":"test-bucket","component":"","level":"info","matching_prefix":"folder1/","message":"Prefix matched","object_key":"folder1/test.txt","operation":"","timestamp":"2025-08-26T01:17:55.607744-04:00","trace_id":""}
{"allowed":true,"bucket":"unknown-bucket","check_type":"unlisted_bucket","component":"","level":"info","message":"Checking unlisted bucket","object_key":"any/path.txt","operation":"","process_unlisted":true,"timestamp":"2025-08-26T01:17:55.607759-04:00","trace_id":""}
{"bucket":"test-bucket","component":"","level":"info","matching_prefix":"folder1/","message":"Prefix matched","object_key":"folder1/test.txt","operation":"","timestamp":"2025-08-26T01:17:55.607774-04:00","trace_id":""}
{"allowed":true,"bucket":"unknown-bucket","check_type":"unlisted_bucket","component":"","level":"info","message":"Checking unlisted bucket","object_key":"any/path.txt","operation":"","process_unlisted":true,"timestamp":"2025-08-26T01:17:55.607783-04:00","trace_id":""}
{"bucket":"test-bucket","component":"","level":"info","matching_prefix":"folder1/","message":"Prefix matched","object_key":"folder1/test.txt","operation":"","timestamp":"2025-08-26T01:17:55.607821-04:00","trace_id":""}
{"allowed":true,"bucket":"unknown-bucket","check_type":"unlisted_bucket","component":"","level":"info","message":"Checking unlisted bucket","object_key":"any/path.txt","operation":"","process_unlisted":true,"timestamp":"2025-08-26T01:17:55.607832-04:00","trace_id":""}
{"allowed":true,"bucket":"unknown-bucket","check_type":"unlisted_bucket","component":"","level":"info","message":"Checking unlisted bucket","object_key":"any/path.txt","operation":"","process_unlisted":true,"timestamp":"2025-08-26T01:17:55.607717-04:00","trace_id":""}
{"allowed":true,"bucket":"unknown-bucket","check_type":"unlisted_bucket","component":"","level":"info","message":"Checking unlisted bucket","object_key":"any/path.txt","operation":"","process_unlisted":true,"timestamp":"2025-08-26T01:17:55.607726-04:00","trace_id":""}
{"bucket":"test-bucket","component":"","level":"info","matching_prefix":"folder1/","message":"Prefix matched","object_key":"folder1/test.txt","operation":"","timestamp":"2025-08-26T01:17:55.607861-04:00","trace_id":""}
{"allowed":true,"bucket":"unknown-bucket","check_type":"unlisted_bucket","component":"","level":"info","message":"Checking unlisted bucket","object_key":"any/path.txt","operation":"","process_unlisted":true,"timestamp":"2025-08-26T01:17:55.607875-04:00","trace_id":""}
{"bucket":"test-bucket","component":"","level":"info","matching_prefix":"folder1/","message":"Prefix matched","object_key":"folder1/test.txt","operation":"","timestamp":"2025-08-26T01:17:55.607842-04:00","trace_id":""}
{"bucket":"test-bucket","component":"","level":"info","matching_prefix":"folder1/","message":"Prefix matched","object_key":"folder1/test.txt","operation":"","timestamp":"2025-08-26T01:17:55.607853-04:00","trace_id":""}
{"allowed":true,"bucket":"unknown-bucket","check_type":"unlisted_bucket","component":"","level":"info","message":"Checking unlisted bucket","object_key":"any/path.txt","operation":"","process_unlisted":true,"timestamp":"2025-08-26T01:17:55.607897-04:00","trace_id":""}
{"bucket":"test-bucket","component":"","level":"info","matching_prefix":"folder1/","message":"Prefix matched","object_key":"folder1/test.txt","operation":"","timestamp":"2025-08-26T01:17:55.607914-04:00","trace_id":""}
{"allowed":true,"bucket":"unknown-bucket","check_type":"unlisted_bucket","component":"","level":"info","message":"Checking unlisted bucket","object_key":"any/path.txt","operation":"","process_unlisted":true,"timestamp":"2025-08-26T01:17:55.607923-04:00","trace_id":""}
{"bucket":"test-bucket","component":"","level":"info","matching_prefix":"folder1/","message":"Prefix matched","object_key":"folder1/test.txt","operation":"","timestamp":"2025-08-26T01:17:55.607884-04:00","trace_id":""}
{"allowed":true,"bucket":"unknown-bucket","check_type":"unlisted_bucket","component":"","level":"info","message":"Checking unlisted bucket","object_key":"any/path.txt","operation":"","process_unlisted":true,"timestamp":"2025-08-26T01:17:55.6079-04:00","trace_id":""}
{"allowed":true,"bucket":"unknown-bucket","check_type":"unlisted_bucket","component":"","level":"info","message":"Checking unlisted bucket","object_key":"any/path.txt","operation":"","process_unlisted":true,"timestamp":"2025-08-26T01:17:55.60726-04:00","trace_id":""}
{"allowed":true,"bucket":"unknown-bucket","check_type":"unlisted_bucket","component":"","level":"info","message":"Checking unlisted bucket","object_key":"any/path.txt","operation":"","process_unlisted":true,"timestamp":"2025-08-26T01:17:55.607944-04:00","trace_id":""}
{"bucket":"test-bucket","component":"","level":"info","matching_prefix":"folder1/","message":"Prefix matched","object_key":"folder1/test.txt","operation":"","timestamp":"2025-08-26T01:17:55.607954-04:00","trace_id":""}
{"bucket":"test-bucket","component":"","level":"info","matching_prefix":"folder1/","message":"Prefix matched","object_key":"folder1/test.txt","operation":"","timestamp":"2025-08-26T01:17:55.607963-04:00","trace_id":""}
{"allowed":true,"bucket":"unknown-bucket","check_type":"unlisted_bucket","component":"","level":"info","message":"Checking unlisted bucket","object_key":"any/path.txt","operation":"","process_unlisted":true,"timestamp":"2025-08-26T01:17:55.607992-04:00","trace_id":""}
{"bucket":"test-bucket","component":"","level":"info","matching_prefix":"folder1/","message":"Prefix matched","object_key":"folder1/test.txt","operation":"","timestamp":"2025-08-26T01:17:55.608005-04:00","trace_id":""}
{"allowed":true,"bucket":"unknown-bucket","check_type":"unlisted_bucket","component":"","level":"info","message":"Checking unlisted bucket","object_key":"any/path.txt","operation":"","process_unlisted":true,"timestamp":"2025-08-26T01:17:55.608016-04:00","trace_id":""}
{"bucket":"test-bucket","component":"","level":"info","matching_prefix":"folder1/","message":"Prefix matched","object_key":"folder1/test.txt","operation":"","timestamp":"2025-08-26T01:17:55.608029-04:00","trace_id":""}
{"bucket":"test-bucket","component":"","level":"info","matching_prefix":"folder1/","message":"Prefix matched","object_key":"folder1/test.txt","operation":"","timestamp":"2025-08-26T01:17:55.607933-04:00","trace_id":""}
{"allowed":true,"bucket":"unknown-bucket","check_type":"unlisted_bucket","component":"","level":"info","message":"Checking unlisted bucket","object_key":"any/path.txt","operation":"","process_unlisted":true,"timestamp":"2025-08-26T01:17:55.608046-04:00","trace_id":""}
{"allowed":true,"bucket":"unknown-bucket","check_type":"unlisted_bucket","component":"","level":"info","message":"Checking unlisted bucket","object_key":"any/path.txt","operation":"","process_unlisted":true,"timestamp":"2025-08-26T01:17:55.608038-04:00","trace_id":""}
{"bucket":"test-bucket","component":"","level":"info","matching_prefix":"folder1/","message":"Prefix matched","object_key":"folder1/test.txt","operation":"","timestamp":"2025-08-26T01:17:55.608068-04:00","trace_id":""}
{"bucket":"test-bucket","component":"","level":"info","matching_prefix":"folder1/","message":"Prefix matched","object_key":"folder1/test.txt","operation":"","timestamp":"2025-08-26T01:17:55.607975-04:00","trace_id":""}
{"allowed":true,"bucket":"unknown-bucket","check_type":"unlisted_bucket","component":"","level":"info","message":"Checking unlisted bucket","object_key":"any/path.txt","operation":"","process_unlisted":true,"timestamp":"2025-08-26T01:17:55.608084-04:00","trace_id":""}
{"bucket":"test-bucket","component":"","level":"info","matching_prefix":"folder1/","message":"Prefix matched","object_key":"folder1/test.txt","operation":"","timestamp":"2025-08-26T01:17:55.608097-04:00","trace_id":""}
{"allowed":true,"bucket":"unknown-bucket","check_type":"unlisted_bucket","component":"","level":"info","message":"Checking unlisted bucket","object_key":"any/path.txt","operation":"","process_unlisted":true,"timestamp":"2025-08-26T01:17:55.608109-04:00","trace_id":""}
{"allowed":true,"bucket":"unknown-bucket","check_type":"unlisted_bucket","component":"","level":"info","message":"Checking unlisted bucket","object_key":"any/path.txt","operation":"","process_unlisted":true,"timestamp":"2025-08-26T01:17:55.607982-04:00","trace_id":""}
{"bucket":"test-bucket","component":"","level":"info","matching_prefix":"folder1/","message":"Prefix matched","object_key":"folder1/test.txt","operation":"","timestamp":"2025-08-26T01:17:55.608134-04:00","trace_id":""}
{"bucket":"test-bucket","component":"","level":"info","matching_prefix":"folder1/","message":"Prefix matched","object_key":"folder1/test.txt","operation":"","timestamp":"2025-08-26T01:17:55.608058-04:00","trace_id":""}
{"allowed":true,"bucket":"unknown-bucket","check_type":"unlisted_bucket","component":"","level":"info","message":"Checking unlisted bucket","object_key":"any/path.txt","operation":"","process_unlisted":true,"timestamp":"2025-08-26T01:17:55.608156-04:00","trace_id":""}
{"bucket":"test-bucket","component":"","level":"info","matching_prefix":"folder1/","message":"Prefix matched","object_key":"folder1/test.txt","operation":"","timestamp":"2025-08-26T01:17:55.608167-04:00","trace_id":""}
{"bucket":"test-bucket","component":"","level":"info","matching_prefix":"folder1/","message":"Prefix matched","object_key":"folder1/test.txt","operation":"","timestamp":"2025-08-26T01:17:55.608124-04:00","trace_id":""}
{"allowed":true,"bucket":"unknown-bucket","check_type":"unlisted_bucket","component":"","level":"info","message":"Checking unlisted bucket","object_key":"any/path.txt","operation":"","process_unlisted":true,"timestamp":"2025-08-26T01:17:55.608188-04:00","trace_id":""}
{"bucket":"test-bucket","component":"","level":"info","matching_prefix":"folder1/","message":"Prefix matched","object_key":"folder1/test.txt","operation":"","timestamp":"2025-08-26T01:17:55.608204-04:00","trace_id":""}
{"allowed":true,"bucket":"unknown-bucket","check_type":"unlisted_bucket","component":"","level":"info","message":"Checking unlisted bucket","object_key":"any/path.txt","operation":"","process_unlisted":true,"timestamp":"2025-08-26T01:17:55.608212-04:00","trace_id":""}
{"allowed":true,"bucket":"unknown-bucket","check_type":"unlisted_bucket","component":"","level":"info","message":"Checking unlisted bucket","object_key":"any/path.txt","operation":"","process_unlisted":true,"timestamp":"2025-08-26T01:17:55.608178-04:00","trace_id":""}
{"allowed":true,"bucket":"unknown-bucket","check_type":"unlisted_bucket","component":"","level":"info","message":"Checking unlisted bucket","object_key":"any/path.txt","operation":"","process_unlisted":true,"timestamp":"2025-08-26T01:17:55.608078-04:00","trace_id":""}
{"bucket":"test-bucket","component":"","level":"info","matching_prefix":"folder1/","message":"Prefix matched","object_key":"folder1/test.txt","operation":"","timestamp":"2025-08-26T01:17:55.608262-04:00","trace_id":""}
{"bucket":"test-bucket","component":"","level":"info","matching_prefix":"folder1/","message":"Prefix matched","object_key":"folder1/test.txt","operation":"","timestamp":"2025-08-26T01:17:55.608223-04:00","trace_id":""}
{"allowed":true,"bucket":"unknown-bucket","check_type":"unlisted_bucket","component":"","level":"info","message":"Checking unlisted bucket","object_key":"any/path.txt","operation":"","process_unlisted":true,"timestamp":"2025-08-26T01:17:55.608281-04:00","trace_id":""}
{"allowed":true,"bucket":"unknown-bucket","check_type":"unlisted_bucket","component":"","level":"info","message":"Checking unlisted bucket","object_key":"any/path.txt","operation":"","process_unlisted":true,"timestamp":"2025-08-26T01:17:55.60827-04:00","trace_id":""}
{"allowed":true,"bucket":"unknown-bucket","check_type":"unlisted_bucket","component":"","level":"info","message":"Checking unlisted bucket","object_key":"any/path.txt","operation":"","process_unlisted":true,"timestamp":"2025-08-26T01:17:55.607623-04:00","trace_id":""}
{"bucket":"test-bucket","component":"","level":"info","matching_prefix":"folder1/","message":"Prefix matched","object_key":"folder1/test.txt","operation":"","timestamp":"2025-08-26T01:17:55.608324-04:00","trace_id":""}
{"allowed":true,"bucket":"unknown-bucket","check_type":"unlisted_bucket","component":"","level":"info","message":"Checking unlisted bucket","object_key":"any/path.txt","operation":"","process_unlisted":true,"timestamp":"2025-08-26T01:17:55.608338-04:00","trace_id":""}
{"bucket":"test-bucket","component":"","level":"info","matching_prefix":"folder1/","message":"Prefix matched","object_key":"folder1/test.txt","operation":"","timestamp":"2025-08-26T01:17:55.608347-04:00","trace_id":""}
{"allowed":true,"bucket":"unknown-bucket","check_type":"unlisted_bucket","component":"","level":"info","message":"Checking unlisted bucket","object_key":"any/path.txt","operation":"","process_unlisted":true,"timestamp":"2025-08-26T01:17:55.608357-04:00","trace_id":""}
{"bucket":"test-bucket","component":"","level":"info","matching_prefix":"folder1/","message":"Prefix matched","object_key":"folder1/test.txt","operation":"","timestamp":"2025-08-26T01:17:55.608297-04:00","trace_id":""}
{"bucket":"test-bucket","component":"","level":"info","matching_prefix":"folder1/","message":"Prefix matched","object_key":"folder1/test.txt","operation":"","timestamp":"2025-08-26T01:17:55.608311-04:00","trace_id":""}
{"allowed":true,"bucket":"unknown-bucket","check_type":"unlisted_bucket","component":"","level":"info","message":"Checking unlisted bucket","object_key":"any/path.txt","operation":"","process_unlisted":true,"timestamp":"2025-08-26T01:17:55.608394-04:00","trace_id":""}
{"allowed":true,"bucket":"unknown-bucket","check_type":"unlisted_bucket","component":"","level":"info","message":"Checking unlisted bucket","object_key":"any/path.txt","operation":"","process_unlisted":true,"timestamp":"2025-08-26T01:17:55.608141-04:00","trace_id":""}
{"bucket":"test-bucket","component":"","level":"info","matching_prefix":"folder1/","message":"Prefix matched","object_key":"folder1/test.txt","operation":"","timestamp":"2025-08-26T01:17:55.608412-04:00","trace_id":""}
{"allowed":true,"bucket":"unknown-bucket","check_type":"unlisted_bucket","component":"","level":"info","message":"Checking unlisted bucket","object_key":"any/path.txt","operation":"","process_unlisted":true,"timestamp":"2025-08-26T01:17:55.608432-04:00","trace_id":""}
{"bucket":"test-bucket","component":"","level":"info","matching_prefix":"folder1/","message":"Prefix matched","object_key":"folder1/test.txt","operation":"","timestamp":"2025-08-26T01:17:55.608443-04:00","trace_id":""}
{"allowed":true,"bucket":"unknown-bucket","check_type":"unlisted_bucket","component":"","level":"info","message":"Checking unlisted bucket","object_key":"any/path.txt","operation":"","process_unlisted":true,"timestamp":"2025-08-26T01:17:55.608456-04:00","trace_id":""}
{"bucket":"test-bucket","component":"","level":"info","matching_prefix":"folder1/","message":"Prefix matched","object_key":"folder1/test.txt","operation":"","timestamp":"2025-08-26T01:17:55.608468-04:00","trace_id":""}
{"allowed":true,"bucket":"unknown-bucket","check_type":"unlisted_bucket","component":"","level":"info","message":"Checking unlisted bucket","object_key":"any/path.txt","operation":"","process_unlisted":true,"timestamp":"2025-08-26T01:17:55.608481-04:00","trace_id":""}
{"allowed":true,"bucket":"unknown-bucket","check_type":"unlisted_bucket","component":"","level":"info","message":"Checking unlisted bucket","object_key":"any/path.txt","operation":"","process_unlisted":true,"timestamp":"2025-08-26T01:17:55.608388-04:00","trace_id":""}
{"bucket":"test-bucket","component":"","level":"info","matching_prefix":"folder1/","message":"Prefix matched","object_key":"folder1/test.txt","operation":"","timestamp":"2025-08-26T01:17:55.608526-04:00","trace_id":""}
{"bucket":"test-bucket","component":"","level":"info","matching_prefix":"folder1/","message":"Prefix matched","object_key":"folder1/test.txt","operation":"","timestamp":"2025-08-26T01:17:55.608414-04:00","trace_id":""}
{"bucket":"test-bucket","component":"","level":"info","matching_prefix":"folder1/","message":"Prefix matched","object_key":"folder1/test.txt","operation":"","timestamp":"2025-08-26T01:17:55.608491-04:00","trace_id":""}
{"allowed":true,"bucket":"unknown-bucket","check_type":"unlisted_bucket","component":"","level":"info","message":"Checking unlisted bucket","object_key":"any/path.txt","operation":"","process_unlisted":true,"timestamp":"2025-08-26T01:17:55.608564-04:00","trace_id":""}
{"bucket":"test-bucket","component":"","level":"info","matching_prefix":"folder1/","message":"Prefix matched","object_key":"folder1/test.txt","operation":"","timestamp":"2025-08-26T01:17:55.60858-04:00","trace_id":""}
{"allowed":true,"bucket":"unknown-bucket","check_type":"unlisted_bucket","component":"","level":"info","message":"Checking unlisted bucket","object_key":"any/path.txt","operation":"","process_unlisted":true,"timestamp":"2025-08-26T01:17:55.608588-04:00","trace_id":""}
{"bucket":"test-bucket","component":"","level":"info","matching_prefix":"folder1/","message":"Prefix matched","object_key":"folder1/test.txt","operation":"","timestamp":"2025-08-26T01:17:55.606618-04:00","trace_id":""}
{"allowed":true,"bucket":"unknown-bucket","check_type":"unlisted_bucket","component":"","level":"info","message":"Checking unlisted bucket","object_key":"any/path.txt","operation":"","process_unlisted":true,"timestamp":"2025-08-26T01:17:55.608613-04:00","trace_id":""}
{"bucket":"test-bucket","component":"","level":"info","matching_prefix":"folder1/","message":"Prefix matched","object_key":"folder1/test.txt","operation":"","timestamp":"2025-08-26T01:17:55.608632-04:00","trace_id":""}
{"allowed":true,"bucket":"unknown-bucket","check_type":"unlisted_bucket","component":"","level":"info","message":"Checking unlisted bucket","object_key":"any/path.txt","operation":"","process_unlisted":true,"timestamp":"2025-08-26T01:17:55.60854-04:00","trace_id":""}
{"bucket":"test-bucket","component":"","level":"info","matching_prefix":"folder1/","message":"Prefix matched","object_key":"folder1/test.txt","operation":"","timestamp":"2025-08-26T01:17:55.608601-04:00","trace_id":""}
{"allowed":true,"bucket":"unknown-bucket","check_type":"unlisted_bucket","component":"","level":"info","message":"Checking unlisted bucket","object_key":"any/path.txt","operation":"","process_unlisted":true,"timestamp":"2025-08-26T01:17:55.608554-04:00","trace_id":""}
{"bucket":"test-bucket","component":"","level":"info","matching_prefix":"folder1/","message":"Prefix matched","object_key":"folder1/test.txt","operation":"","timestamp":"2025-08-26T01:17:55.608684-04:00","trace_id":""}
{"allowed":true,"bucket":"unknown-bucket","check_type":"unlisted_bucket","component":"","level":"info","message":"Checking unlisted bucket","object_key":"any/path.txt","operation":"","process_unlisted":true,"timestamp":"2025-08-26T01:17:55.608699-04:00","trace_id":""}
{"bucket":"test-bucket","component":"","level":"info","matching_prefix":"folder1/","message":"Prefix matched","object_key":"folder1/test.txt","operation":"","timestamp":"2025-08-26T01:17:55.60871-04:00","trace_id":""}
{"allowed":true,"bucket":"unknown-bucket","check_type":"unlisted_bucket","component":"","level":"info","message":"Checking unlisted bucket","object_key":"any/path.txt","operation":"","process_unlisted":true,"timestamp":"2025-08-26T01:17:55.608725-04:00","trace_id":""}
{"bucket":"test-bucket","component":"","level":"info","matching_prefix":"folder1/","message":"Prefix matched","object_key":"folder1/test.txt","operation":"","timestamp":"2025-08-26T01:17:55.608662-04:00","trace_id":""}
{"allowed":true,"bucket":"unknown-bucket","check_type":"unlisted_bucket","component":"","level":"info","message":"Checking unlisted bucket","object_key":"any/path.txt","operation":"","process_unlisted":true,"timestamp":"2025-08-26T01:17:55.608751-04:00","trace_id":""}
{"bucket":"test-bucket","component":"","level":"info","matching_prefix":"folder1/","message":"Prefix matched","object_key":"folder1/test.txt","operation":"","timestamp":"2025-08-26T01:17:55.608761-04:00","trace_id":""}
{"allowed":true,"bucket":"unknown-bucket","check_type":"unlisted_bucket","component":"","level":"info","message":"Checking unlisted bucket","object_key":"any/path.txt","operation":"","process_unlisted":true,"timestamp":"2025-08-26T01:17:55.60878-04:00","trace_id":""}
{"bucket":"test-bucket","component":"","level":"info","matching_prefix":"folder1/","message":"Prefix matched","object_key":"folder1/test.txt","operation":"","timestamp":"2025-08-26T01:17:55.608795-04:00","trace_id":""}
{"allowed":true,"bucket":"unknown-bucket","check_type":"unlisted_bucket","component":"","level":"info","message":"Checking unlisted bucket","object_key":"any/path.txt","operation":"","process_unlisted":true,"timestamp":"2025-08-26T01:17:55.608809-04:00","trace_id":""}
{"bucket":"test-bucket","component":"","level":"info","matching_prefix":"folder1/","message":"Prefix matched","object_key":"folder1/test.txt","operation":"","timestamp":"2025-08-26T01:17:55.608821-04:00","trace_id":""}
{"allowed":true,"bucket":"unknown-bucket","check_type":"unlisted_bucket","component":"","level":"info","message":"Checking unlisted bucket","object_key":"any/path.txt","operation":"","process_unlisted":true,"timestamp":"2025-08-26T01:17:55.608832-04:00","trace_id":""}
{"bucket":"test-bucket","component":"","level":"info","matching_prefix":"folder1/","message":"Prefix matched","object_key":"folder1/test.txt","operation":"","timestamp":"2025-08-26T01:17:55.608841-04:00","trace_id":""}
{"allowed":true,"bucket":"unknown-bucket","check_type":"unlisted_bucket","component":"","level":"info","message":"Checking unlisted bucket","object_key":"any/path.txt","operation":"","process_unlisted":true,"timestamp":"2025-08-26T01:17:55.608855-04:00","trace_id":""}
{"bucket":"test-bucket","component":"","level":"info","matching_prefix":"folder1/","message":"Prefix matched","object_key":"folder1/test.txt","operation":"","timestamp":"2025-08-26T01:17:55.608866-04:00","trace_id":""}
{"bucket":"test-bucket","component":"","level":"info","matching_prefix":"folder1/","message":"Prefix matched","object_key":"folder1/test.txt","operation":"","timestamp":"2025-08-26T01:17:55.60874-04:00","trace_id":""}
{"allowed":true,"bucket":"unknown-bucket","check_type":"unlisted_bucket","component":"","level":"info","message":"Checking unlisted bucket","object_key":"any/path.txt","operation":"","process_unlisted":true,"timestamp":"2025-08-26T01:17:55.608642-04:00","trace_id":""}
{"bucket":"test-bucket","component":"","level":"info","matching_prefix":"folder1/","message":"Prefix matched","object_key":"folder1/test.txt","operation":"","timestamp":"2025-08-26T01:17:55.60891-04:00","trace_id":""}
{"allowed":true,"bucket":"unknown-bucket","check_type":"unlisted_bucket","component":"","level":"info","message":"Checking unlisted bucket","object_key":"any/path.txt","operation":"","process_unlisted":true,"timestamp":"2025-08-26T01:17:55.608918-04:00","trace_id":""}
{"bucket":"test-bucket","component":"","level":"info","matching_prefix":"folder1/","message":"Prefix matched","object_key":"folder1/test.txt","operation":"","timestamp":"2025-08-26T01:17:55.608953-04:00","trace_id":""}
{"allowed":true,"bucket":"unknown-bucket","check_type":"unlisted_bucket","component":"","level":"info","message":"Checking unlisted bucket","object_key":"any/path.txt","operation":"","process_unlisted":true,"timestamp":"2025-08-26T01:17:55.608965-04:00","trace_id":""}
{"allowed":true,"bucket":"unknown-bucket","check_type":"unlisted_bucket","component":"","level":"info","message":"Checking unlisted bucket","object_key":"any/path.txt","operation":"","process_unlisted":true,"timestamp":"2025-08-26T01:17:55.60888-04:00","trace_id":""}
{"allowed":true,"bucket":"unknown-bucket","check_type":"unlisted_bucket","component":"","level":"info","message":"Checking unlisted bucket","object_key":"any/path.txt","operation":"","process_unlisted":true,"timestamp":"2025-08-26T01:17:55.608672-04:00","trace_id":""}
{"bucket":"test-bucket","component":"","level":"info","matching_prefix":"folder1/","message":"Prefix matched","object_key":"folder1/test.txt","operation":"","timestamp":"2025-08-26T01:17:55.606636-04:00","trace_id":""}
{"bucket":"test-bucket","component":"","level":"info","matching_prefix":"folder1/","message":"Prefix matched","object_key":"folder1/test.txt","operation":"","timestamp":"2025-08-26T01:17:55.60901-04:00","trace_id":""}
{"allowed":true,"bucket":"unknown-bucket","check_type":"unlisted_bucket","component":"","level":"info","message":"Checking unlisted bucket","object_key":"any/path.txt","operation":"","process_unlisted":true,"timestamp":"2025-08-26T01:17:55.609022-04:00","trace_id":""}
{"bucket":"test-bucket","component":"","level":"info","matching_prefix":"folder1/","message":"Prefix matched","object_key":"folder1/test.txt","operation":"","timestamp":"2025-08-26T01:17:55.609035-04:00","trace_id":""}
{"allowed":true,"bucket":"unknown-bucket","check_type":"unlisted_bucket","component":"","level":"info","message":"Checking unlisted bucket","object_key":"any/path.txt","operation":"","process_unlisted":true,"timestamp":"2025-08-26T01:17:55.609044-04:00","trace_id":""}
{"bucket":"test-bucket","component":"","level":"info","matching_prefix":"folder1/","message":"Prefix matched","object_key":"folder1/test.txt","operation":"","timestamp":"2025-08-26T01:17:55.609054-04:00","trace_id":""}
{"allowed":true,"bucket":"unknown-bucket","check_type":"unlisted_bucket","component":"","level":"info","message":"Checking unlisted bucket","object_key":"any/path.txt","operation":"","process_unlisted":true,"timestamp":"2025-08-26T01:17:55.609071-04:00","trace_id":""}
{"bucket":"test-bucket","component":"","level":"info","matching_prefix":"folder1/","message":"Prefix matched","object_key":"folder1/test.txt","operation":"","timestamp":"2025-08-26T01:17:55.609082-04:00","trace_id":""}
{"allowed":true,"bucket":"unknown-bucket","check_type":"unlisted_bucket","component":"","level":"info","message":"Checking unlisted bucket","object_key":"any/path.txt","operation":"","process_unlisted":true,"timestamp":"2025-08-26T01:17:55.609092-04:00","trace_id":""}
{"bucket":"test-bucket","component":"","level":"info","matching_prefix":"folder1/","message":"Prefix matched","object_key":"folder1/test.txt","operation":"","timestamp":"2025-08-26T01:17:55.609103-04:00","trace_id":""}
{"bucket":"test-bucket","component":"","level":"info","matching_prefix":"folder1/","message":"Prefix matched","object_key":"folder1/test.txt","operation":"","timestamp":"2025-08-26T01:17:55.608998-04:00","trace_id":""}
{"allowed":true,"bucket":"unknown-bucket","check_type":"unlisted_bucket","component":"","level":"info","message":"Checking unlisted bucket","object_key":"any/path.txt","operation":"","process_unlisted":true,"timestamp":"2025-08-26T01:17:55.609132-04:00","trace_id":""}
{"bucket":"test-bucket","component":"","level":"info","matching_prefix":"folder1/","message":"Prefix matched","object_key":"folder1/test.txt","operation":"","timestamp":"2025-08-26T01:17:55.609148-04:00","trace_id":""}
{"allowed":true,"bucket":"unknown-bucket","check_type":"unlisted_bucket","component":"","level":"info","message":"Checking unlisted bucket","object_key":"any/path.txt","operation":"","process_unlisted":true,"timestamp":"2025-08-26T01:17:55.609158-04:00","trace_id":""}
{"bucket":"test-bucket","component":"","level":"info","matching_prefix":"folder1/","message":"Prefix matched","object_key":"folder1/test.txt","operation":"","timestamp":"2025-08-26T01:17:55.60917-04:00","trace_id":""}
{"allowed":true,"bucket":"unknown-bucket","check_type":"unlisted_bucket","component":"","level":"info","message":"Checking unlisted bucket","object_key":"any/path.txt","operation":"","process_unlisted":true,"timestamp":"2025-08-26T01:17:55.609183-04:00","trace_id":""}
{"bucket":"test-bucket","component":"","level":"info","matching_prefix":"folder1/","message":"Prefix matched","object_key":"folder1/test.txt","operation":"","timestamp":"2025-08-26T01:17:55.609199-04:00","trace_id":""}
{"allowed":true,"bucket":"unknown-bucket","check_type":"unlisted_bucket","component":"","level":"info","message":"Checking unlisted bucket","object_key":"any/path.txt","operation":"","process_unlisted":true,"timestamp":"2025-08-26T01:17:55.609206-04:00","trace_id":""}
{"bucket":"test-bucket","component":"","level":"info","matching_prefix":"folder1/","message":"Prefix matched","object_key":"folder1/test.txt","operation":"","timestamp":"2025-08-26T01:17:55.608979-04:00","trace_id":""}
{"allowed":true,"bucket":"unknown-bucket","check_type":"unlisted_bucket","component":"","level":"info","message":"Checking unlisted bucket","object_key":"any/path.txt","operation":"","process_unlisted":true,"timestamp":"2025-08-26T01:17:55.609116-04:00","trace_id":""}
{"allowed":true,"bucket":"unknown-bucket","check_type":"unlisted_bucket","component":"","level":"info","message":"Checking unlisted bucket","object_key":"any/path.txt","operation":"","process_unlisted":true,"timestamp":"2025-08-26T01:17:55.609013-04:00","trace_id":""}
{"allowed":true,"bucket":"unknown-bucket","check_type":"unlisted_bucket","component":"","level":"info","message":"Checking unlisted bucket","object_key":"any/path.txt","operation":"","process_unlisted":true,"timestamp":"2025-08-26T01:17:55.609231-04:00","trace_id":""}
{"bucket":"test-bucket","component":"","level":"info","matching_prefix":"folder1/","message":"Prefix matched","object_key":"folder1/test.txt","operation":"","timestamp":"2025-08-26T01:17:55.609285-04:00","trace_id":""}
{"bucket":"test-bucket","component":"","level":"info","matching_prefix":"folder1/","message":"Prefix matched","object_key":"folder1/test.txt","operation":"","timestamp":"2025-08-26T01:17:55.609247-04:00","trace_id":""}
{"bucket":"test-bucket","component":"","level":"info","matching_prefix":"folder1/","message":"Prefix matched","object_key":"folder1/test.txt","operation":"","timestamp":"2025-08-26T01:17:55.609215-04:00","trace_id":""}
{"allowed":true,"bucket":"unknown-bucket","check_type":"unlisted_bucket","component":"","level":"info","message":"Checking unlisted bucket","object_key":"any/path.txt","operation":"","process_unlisted":true,"timestamp":"2025-08-26T01:17:55.609298-04:00","trace_id":""}
{"bucket":"test-bucket","component":"","level":"info","matching_prefix":"folder1/","message":"Prefix matched","object_key":"folder1/test.txt","operation":"","timestamp":"2025-08-26T01:17:55.609259-04:00","trace_id":""}
{"allowed":true,"bucket":"unknown-bucket","check_type":"unlisted_bucket","component":"","level":"info","message":"Checking unlisted bucket","object_key":"any/path.txt","operation":"","process_unlisted":true,"timestamp":"2025-08-26T01:17:55.60932-04:00","trace_id":""}
{"bucket":"test-bucket","component":"","level":"info","matching_prefix":"folder1/","message":"Prefix matched","object_key":"folder1/test.txt","operation":"","timestamp":"2025-08-26T01:17:55.609362-04:00","trace_id":""}
{"allowed":true,"bucket":"unknown-bucket","check_type":"unlisted_bucket","component":"","level":"info","message":"Checking unlisted bucket","object_key":"any/path.txt","operation":"","process_unlisted":true,"timestamp":"2025-08-26T01:17:55.609378-04:00","trace_id":""}
{"bucket":"test-bucket","component":"","level":"info","matching_prefix":"folder1/","message":"Prefix matched","object_key":"folder1/test.txt","operation":"","timestamp":"2025-08-26T01:17:55.609394-04:00","trace_id":""}
{"allowed":true,"bucket":"unknown-bucket","check_type":"unlisted_bucket","component":"","level":"info","message":"Checking unlisted bucket","object_key":"any/path.txt","operation":"","process_unlisted":true,"timestamp":"2025-08-26T01:17:55.609408-04:00","trace_id":""}
{"allowed":true,"bucket":"unknown-bucket","check_type":"unlisted_bucket","component":"","level":"info","message":"Checking unlisted bucket","object_key":"any/path.txt","operation":"","process_unlisted":true,"timestamp":"2025-08-26T01:17:55.609351-04:00","trace_id":""}
{"allowed":true,"bucket":"unknown-bucket","check_type":"unlisted_bucket","component":"","level":"info","message":"Checking unlisted bucket","object_key":"any/path.txt","operation":"","process_unlisted":true,"timestamp":"2025-08-26T01:17:55.609308-04:00","trace_id":""}
{"bucket":"test-bucket","component":"","level":"info","matching_prefix":"folder1/","message":"Prefix matched","object_key":"folder1/test.txt","operation":"","timestamp":"2025-08-26T01:17:55.609452-04:00","trace_id":""}
{"allowed":true,"bucket":"unknown-bucket","check_type":"unlisted_bucket","component":"","level":"info","message":"Checking unlisted bucket","object_key":"any/path.txt","operation":"","process_unlisted":true,"timestamp":"2025-08-26T01:17:55.609472-04:00","trace_id":""}
{"bucket":"test-bucket","component":"","level":"info","matching_prefix":"folder1/","message":"Prefix matched","object_key":"folder1/test.txt","operation":"","timestamp":"2025-08-26T01:17:55.609418-04:00","trace_id":""}
{"allowed":true,"bucket":"unknown-bucket","check_type":"unlisted_bucket","component":"","level":"info","message":"Checking unlisted bucket","object_key":"any/path.txt","operation":"","process_unlisted":true,"timestamp":"2025-08-26T01:17:55.609499-04:00","trace_id":""}
{"bucket":"test-bucket","component":"","level":"info","matching_prefix":"folder1/","message":"Prefix matched","object_key":"folder1/test.txt","operation":"","timestamp":"2025-08-26T01:17:55.609517-04:00","trace_id":""}
{"allowed":true,"bucket":"unknown-bucket","check_type":"unlisted_bucket","component":"","level":"info","message":"Checking unlisted bucket","object_key":"any/path.txt","operation":"","process_unlisted":true,"timestamp":"2025-08-26T01:17:55.609535-04:00","trace_id":""}
{"bucket":"test-bucket","component":"","level":"info","matching_prefix":"folder1/","message":"Prefix matched","object_key":"folder1/test.txt","operation":"","timestamp":"2025-08-26T01:17:55.609545-04:00","trace_id":""}
{"allowed":true,"bucket":"unknown-bucket","check_type":"unlisted_bucket","component":"","level":"info","message":"Checking unlisted bucket","object_key":"any/path.txt","operation":"","process_unlisted":true,"timestamp":"2025-08-26T01:17:55.609558-04:00","trace_id":""}
{"bucket":"test-bucket","component":"","level":"info","matching_prefix":"folder1/","message":"Prefix matched","object_key":"folder1/test.txt","operation":"","timestamp":"2025-08-26T01:17:55.609573-04:00","trace_id":""}
{"bucket":"test-bucket","component":"","level":"info","matching_prefix":"folder1/","message":"Prefix matched","object_key":"folder1/test.txt","operation":"","timestamp":"2025-08-26T01:17:55.609488-04:00","trace_id":""}
{"bucket":"test-bucket","component":"","level":"info","matching_prefix":"folder1/","message":"Prefix matched","object_key":"folder1/test.txt","operation":"","timestamp":"2025-08-26T01:17:55.609336-04:00","trace_id":""}
{"bucket":"test-bucket","component":"","level":"info","matching_prefix":"folder1/","message":"Prefix matched","object_key":"folder1/test.txt","operation":"","timestamp":"2025-08-26T01:17:55.606617-04:00","trace_id":""}
{"allowed":true,"bucket":"unknown-bucket","check_type":"unlisted_bucket","component":"","level":"info","message":"Checking unlisted bucket","object_key":"any/path.txt","operation":"","process_unlisted":true,"timestamp":"2025-08-26T01:17:55.60962-04:00","trace_id":""}
{"bucket":"test-bucket","component":"","level":"info","matching_prefix":"folder1/","message":"Prefix matched","object_key":"folder1/test.txt","operation":"","timestamp":"2025-08-26T01:17:55.609638-04:00","trace_id":""}
{"allowed":true,"bucket":"unknown-bucket","check_type":"unlisted_bucket","component":"","level":"info","message":"Checking unlisted bucket","object_key":"any/path.txt","operation":"","process_unlisted":true,"timestamp":"2025-08-26T01:17:55.609649-04:00","trace_id":""}
{"bucket":"test-bucket","component":"","level":"info","matching_prefix":"folder1/","message":"Prefix matched","object_key":"folder1/test.txt","operation":"","timestamp":"2025-08-26T01:17:55.609659-04:00","trace_id":""}
{"allowed":true,"bucket":"unknown-bucket","check_type":"unlisted_bucket","component":"","level":"info","message":"Checking unlisted bucket","object_key":"any/path.txt","operation":"","process_unlisted":true,"timestamp":"2025-08-26T01:17:55.609668-04:00","trace_id":""}
{"allowed":true,"bucket":"unknown-bucket","check_type":"unlisted_bucket","component":"","level":"info","message":"Checking unlisted bucket","object_key":"any/path.txt","operation":"","process_unlisted":true,"timestamp":"2025-08-26T01:17:55.609583-04:00","trace_id":""}
{"bucket":"test-bucket","component":"","level":"info","matching_prefix":"folder1/","message":"Prefix matched","object_key":"folder1/test.txt","operation":"","timestamp":"2025-08-26T01:17:55.609692-04:00","trace_id":""}
{"allowed":true,"bucket":"unknown-bucket","check_type":"unlisted_bucket","component":"","level":"info","message":"Checking unlisted bucket","object_key":"any/path.txt","operation":"","process_unlisted":true,"timestamp":"2025-08-26T01:17:55.6096-04:00","trace_id":""}
{"bucket":"test-bucket","component":"","level":"info","matching_prefix":"folder1/","message":"Prefix matched","object_key":"folder1/test.txt","operation":"","timestamp":"2025-08-26T01:17:55.609713-04:00","trace_id":""}
{"allowed":true,"bucket":"unknown-bucket","check_type":"unlisted_bucket","component":"","level":"info","message":"Checking unlisted bucket","object_key":"any/path.txt","operation":"","process_unlisted":true,"timestamp":"2025-08-26T01:17:55.609721-04:00","trace_id":""}
{"bucket":"test-bucket","component":"","level":"info","matching_prefix":"folder1/","message":"Prefix matched","object_key":"folder1/test.txt","operation":"","timestamp":"2025-08-26T01:17:55.609681-04:00","trace_id":""}
{"allowed":true,"bucket":"unknown-bucket","check_type":"unlisted_bucket","component":"","level":"info","message":"Checking unlisted bucket","object_key":"any/path.txt","operation":"","process_unlisted":true,"timestamp":"2025-08-26T01:17:55.609704-04:00","trace_id":""}
{"allowed":true,"bucket":"unknown-bucket","check_type":"unlisted_bucket","component":"","level":"info","message":"Checking unlisted bucket","object_key":"any/path.txt","operation":"","process_unlisted":true,"timestamp":"2025-08-26T01:17:55.609614-04:00","trace_id":""}
{"allowed":true,"bucket":"unknown-bucket","check_type":"unlisted_bucket","component":"","level":"info","message":"Checking unlisted bucket","object_key":"any/path.txt","operation":"","process_unlisted":true,"timestamp":"2025-08-26T01:17:55.609751-04:00","trace_id":""}
{"bucket":"test-bucket","component":"","level":"info","matching_prefix":"folder1/","message":"Prefix matched","object_key":"folder1/test.txt","operation":"","timestamp":"2025-08-26T01:17:55.609759-04:00","trace_id":""}
{"allowed":true,"bucket":"unknown-bucket","check_type":"unlisted_bucket","component":"","level":"info","message":"Checking unlisted bucket","object_key":"any/path.txt","operation":"","process_unlisted":true,"timestamp":"2025-08-26T01:17:55.609814-04:00","trace_id":""}
{"bucket":"test-bucket","component":"","level":"info","matching_prefix":"folder1/","message":"Prefix matched","object_key":"folder1/test.txt","operation":"","timestamp":"2025-08-26T01:17:55.609776-04:00","trace_id":""}
{"allowed":true,"bucket":"unknown-bucket","check_type":"unlisted_bucket","component":"","level":"info","message":"Checking unlisted bucket","object_key":"any/path.txt","operation":"","process_unlisted":true,"timestamp":"2025-08-26T01:17:55.609838-04:00","trace_id":""}
{"bucket":"test-bucket","component":"","level":"info","matching_prefix":"folder1/","message":"Prefix matched","object_key":"folder1/test.txt","operation":"","timestamp":"2025-08-26T01:17:55.609848-04:00","trace_id":""}
{"allowed":true,"bucket":"unknown-bucket","check_type":"unlisted_bucket","component":"","level":"info","message":"Checking unlisted bucket","object_key":"any/path.txt","operation":"","process_unlisted":true,"timestamp":"2025-08-26T01:17:55.609859-04:00","trace_id":""}
{"bucket":"test-bucket","component":"","level":"info","matching_prefix":"folder1/","message":"Prefix matched","object_key":"folder1/test.txt","operation":"","timestamp":"2025-08-26T01:17:55.609868-04:00","trace_id":""}
{"allowed":true,"bucket":"unknown-bucket","check_type":"unlisted_bucket","component":"","level":"info","message":"Checking unlisted bucket","object_key":"any/path.txt","operation":"","process_unlisted":true,"timestamp":"2025-08-26T01:17:55.609881-04:00","trace_id":""}
{"bucket":"test-bucket","component":"","level":"info","matching_prefix":"folder1/","message":"Prefix matched","object_key":"folder1/test.txt","operation":"","timestamp":"2025-08-26T01:17:55.609736-04:00","trace_id":""}
{"bucket":"test-bucket","component":"","level":"info","matching_prefix":"folder1/","message":"Prefix matched","object_key":"folder1/test.txt","operation":"","timestamp":"2025-08-26T01:17:55.609827-04:00","trace_id":""}
{"bucket":"test-bucket","component":"","level":"info","matching_prefix":"folder1/","message":"Prefix matched","object_key":"folder1/test.txt","operation":"","timestamp":"2025-08-26T01:17:55.609796-04:00","trace_id":""}
{"allowed":true,"bucket":"unknown-bucket","check_type":"unlisted_bucket","component":"","level":"info","message":"Checking unlisted bucket","object_key":"any/path.txt","operation":"","process_unlisted":true,"timestamp":"2025-08-26T01:17:55.609926-04:00","trace_id":""}
{"bucket":"test-bucket","component":"","level":"info","matching_prefix":"folder1/","message":"Prefix matched","object_key":"folder1/test.txt","operation":"","timestamp":"2025-08-26T01:17:55.609939-04:00","trace_id":""}
{"allowed":true,"bucket":"unknown-bucket","check_type":"unlisted_bucket","component":"","level":"info","message":"Checking unlisted bucket","object_key":"any/path.txt","operation":"","process_unlisted":true,"timestamp":"2025-08-26T01:17:55.60995-04:00","trace_id":""}
{"bucket":"test-bucket","component":"","level":"info","matching_prefix":"folder1/","message":"Prefix matched","object_key":"folder1/test.txt","operation":"","timestamp":"2025-08-26T01:17:55.609968-04:00","trace_id":""}
{"allowed":true,"bucket":"unknown-bucket","check_type":"unlisted_bucket","component":"","level":"info","message":"Checking unlisted bucket","object_key":"any/path.txt","operation":"","process_unlisted":true,"timestamp":"2025-08-26T01:17:55.609905-04:00","trace_id":""}
{"bucket":"test-bucket","component":"","level":"info","matching_prefix":"folder1/","message":"Prefix matched","object_key":"folder1/test.txt","operation":"","timestamp":"2025-08-26T01:17:55.609898-04:00","trace_id":""}
{"allowed":true,"bucket":"unknown-bucket","check_type":"unlisted_bucket","component":"","level":"info","message":"Checking unlisted bucket","object_key":"any/path.txt","operation":"","process_unlisted":true,"timestamp":"2025-08-26T01:17:55.610009-04:00","trace_id":""}
{"allowed":true,"bucket":"unknown-bucket","check_type":"unlisted_bucket","component":"","level":"info","message":"Checking unlisted bucket","object_key":"any/path.txt","operation":"","process_unlisted":true,"timestamp":"2025-08-26T01:17:55.609979-04:00","trace_id":""}
{"bucket":"test-bucket","component":"","level":"info","matching_prefix":"folder1/","message":"Prefix matched","object_key":"folder1/test.txt","operation":"","timestamp":"2025-08-26T01:17:55.610001-04:00","trace_id":""}
{"bucket":"test-bucket","component":"","level":"info","matching_prefix":"folder1/","message":"Prefix matched","object_key":"folder1/test.txt","operation":"","timestamp":"2025-08-26T01:17:55.610268-04:00","trace_id":""}
{"allowed":true,"bucket":"unknown-bucket","check_type":"unlisted_bucket","component":"","level":"info","message":"Checking unlisted bucket","object_key":"any/path.txt","operation":"","process_unlisted":true,"timestamp":"2025-08-26T01:17:55.610358-04:00","trace_id":""}
{"allowed":true,"bucket":"unknown-bucket","check_type":"unlisted_bucket","component":"","level":"info","message":"Checking unlisted bucket","object_key":"any/path.txt","operation":"","process_unlisted":true,"timestamp":"2025-08-26T01:17:55.609914-04:00","trace_id":""}
{"bucket":"test-bucket","component":"","level":"info","matching_prefix":"folder1/","message":"Prefix matched","object_key":"folder1/test.txt","operation":"","timestamp":"2025-08-26T01:17:55.610663-04:00","trace_id":""}
{"allowed":true,"bucket":"unknown-bucket","check_type":"unlisted_bucket","component":"","level":"info","message":"Checking unlisted bucket","object_key":"any/path.txt","operation":"","process_unlisted":true,"timestamp":"2025-08-26T01:17:55.610676-04:00","trace_id":""}
{"bucket":"test-bucket","component":"","level":"info","matching_prefix":"folder1/","message":"Prefix matched","object_key":"folder1/test.txt","operation":"","timestamp":"2025-08-26T01:17:55.610687-04:00","trace_id":""}
{"allowed":true,"bucket":"unknown-bucket","check_type":"unlisted_bucket","component":"","level":"info","message":"Checking unlisted bucket","object_key":"any/path.txt","operation":"","process_unlisted":true,"timestamp":"2025-08-26T01:17:55.61027-04:00","trace_id":""}
{"bucket":"test-bucket","component":"","level":"info","matching_prefix":"folder1/","message":"Prefix matched","object_key":"folder1/test.txt","operation":"","timestamp":"2025-08-26T01:17:55.610717-04:00","trace_id":""}
{"bucket":"test-bucket","component":"","level":"info","matching_prefix":"folder1/","message":"Prefix matched","object_key":"folder1/test.txt","operation":"","timestamp":"2025-08-26T01:17:55.610183-04:00","trace_id":""}
{"bucket":"test-bucket","component":"","level":"info","matching_prefix":"folder1/","message":"Prefix matched","object_key":"folder1/test.txt","operation":"","timestamp":"2025-08-26T01:17:55.608244-04:00","trace_id":""}
{"allowed":true,"bucket":"unknown-bucket","check_type":"unlisted_bucket","component":"","level":"info","message":"Checking unlisted bucket","object_key":"any/path.txt","operation":"","process_unlisted":true,"timestamp":"2025-08-26T01:17:55.610741-04:00","trace_id":""}
{"bucket":"test-bucket","component":"","level":"info","matching_prefix":"folder1/","message":"Prefix matched","object_key":"folder1/test.txt","operation":"","timestamp":"2025-08-26T01:17:55.610757-04:00","trace_id":""}
{"allowed":true,"bucket":"unknown-bucket","check_type":"unlisted_bucket","component":"","level":"info","message":"Checking unlisted bucket","object_key":"any/path.txt","operation":"","process_unlisted":true,"timestamp":"2025-08-26T01:17:55.610767-04:00","trace_id":""}
{"allowed":true,"bucket":"unknown-bucket","check_type":"unlisted_bucket","component":"","level":"info","message":"Checking unlisted bucket","object_key":"any/path.txt","operation":"","process_unlisted":true,"timestamp":"2025-08-26T01:17:55.610735-04:00","trace_id":""}
{"bucket":"test-bucket","component":"","level":"info","matching_prefix":"folder1/","message":"Prefix matched","object_key":"folder1/test.txt","operation":"","timestamp":"2025-08-26T01:17:55.610792-04:00","trace_id":""}
{"allowed":true,"bucket":"unknown-bucket","check_type":"unlisted_bucket","component":"","level":"info","message":"Checking unlisted bucket","object_key":"any/path.txt","operation":"","process_unlisted":true,"timestamp":"2025-08-26T01:17:55.610803-04:00","trace_id":""}
{"bucket":"test-bucket","component":"","level":"info","matching_prefix":"folder1/","message":"Prefix matched","object_key":"folder1/test.txt","operation":"","timestamp":"2025-08-26T01:17:55.610815-04:00","trace_id":""}
{"allowed":true,"bucket":"unknown-bucket","check_type":"unlisted_bucket","component":"","level":"info","message":"Checking unlisted bucket","object_key":"any/path.txt","operation":"","process_unlisted":true,"timestamp":"2025-08-26T01:17:55.6107-04:00","trace_id":""}
{"bucket":"test-bucket","component":"","level":"info","matching_prefix":"folder1/","message":"Prefix matched","object_key":"folder1/test.txt","operation":"","timestamp":"2025-08-26T01:17:55.610841-04:00","trace_id":""}
{"allowed":true,"bucket":"unknown-bucket","check_type":"unlisted_bucket","component":"","level":"info","message":"Checking unlisted bucket","object_key":"any/path.txt","operation":"","process_unlisted":true,"timestamp":"2025-08-26T01:17:55.610849-04:00","trace_id":""}
{"bucket":"test-bucket","component":"","level":"info","matching_prefix":"folder1/","message":"Prefix matched","object_key":"folder1/test.txt","operation":"","timestamp":"2025-08-26T01:17:55.610859-04:00","trace_id":""}
{"allowed":true,"bucket":"unknown-bucket","check_type":"unlisted_bucket","component":"","level":"info","message":"Checking unlisted bucket","object_key":"any/path.txt","operation":"","process_unlisted":true,"timestamp":"2025-08-26T01:17:55.61087-04:00","trace_id":""}
{"bucket":"test-bucket","component":"","level":"info","matching_prefix":"folder1/","message":"Prefix matched","object_key":"folder1/test.txt","operation":"","timestamp":"2025-08-26T01:17:55.610879-04:00","trace_id":""}
{"allowed":true,"bucket":"unknown-bucket","check_type":"unlisted_bucket","component":"","level":"info","message":"Checking unlisted bucket","object_key":"any/path.txt","operation":"","process_unlisted":true,"timestamp":"2025-08-26T01:17:55.610893-04:00","trace_id":""}
{"bucket":"test-bucket","component":"","level":"info","matching_prefix":"folder1/","message":"Prefix matched","object_key":"folder1/test.txt","operation":"","timestamp":"2025-08-26T01:17:55.610904-04:00","trace_id":""}
{"allowed":true,"bucket":"unknown-bucket","check_type":"unlisted_bucket","component":"","level":"info","message":"Checking unlisted bucket","object_key":"any/path.txt","operation":"","process_unlisted":true,"timestamp":"2025-08-26T01:17:55.610912-04:00","trace_id":""}
{"bucket":"test-bucket","component":"","level":"info","matching_prefix":"folder1/","message":"Prefix matched","object_key":"folder1/test.txt","operation":"","timestamp":"2025-08-26T01:17:55.610926-04:00","trace_id":""}
{"allowed":true,"bucket":"unknown-bucket","check_type":"unlisted_bucket","component":"","level":"info","message":"Checking unlisted bucket","object_key":"any/path.txt","operation":"","process_unlisted":true,"timestamp":"2025-08-26T01:17:55.610937-04:00","trace_id":""}
{"bucket":"test-bucket","component":"","level":"info","matching_prefix":"folder1/","message":"Prefix matched","object_key":"folder1/test.txt","operation":"","timestamp":"2025-08-26T01:17:55.610952-04:00","trace_id":""}
{"allowed":true,"bucket":"unknown-bucket","check_type":"unlisted_bucket","component":"","level":"info","message":"Checking unlisted bucket","object_key":"any/path.txt","operation":"","process_unlisted":true,"timestamp":"2025-08-26T01:17:55.610983-04:00","trace_id":""}
{"bucket":"test-bucket","component":"","level":"info","matching_prefix":"folder1/","message":"Prefix matched","object_key":"folder1/test.txt","operation":"","timestamp":"2025-08-26T01:17:55.610777-04:00","trace_id":""}
{"bucket":"test-bucket","component":"","level":"info","matching_prefix":"folder1/","message":"Prefix matched","object_key":"folder1/test.txt","operation":"","timestamp":"2025-08-26T01:17:55.607185-04:00","trace_id":""}
{"allowed":true,"bucket":"unknown-bucket","check_type":"unlisted_bucket","component":"","level":"info","message":"Checking unlisted bucket","object_key":"any/path.txt","operation":"","process_unlisted":true,"timestamp":"2025-08-26T01:17:55.611019-04:00","trace_id":""}
{"bucket":"test-bucket","component":"","level":"info","matching_prefix":"folder1/","message":"Prefix matched","object_key":"folder1/test.txt","operation":"","timestamp":"2025-08-26T01:17:55.611032-04:00","trace_id":""}
{"allowed":true,"bucket":"unknown-bucket","check_type":"unlisted_bucket","component":"","level":"info","message":"Checking unlisted bucket","object_key":"any/path.txt","operation":"","process_unlisted":true,"timestamp":"2025-08-26T01:17:55.611042-04:00","trace_id":""}
{"bucket":"test-bucket","component":"","level":"info","matching_prefix":"folder1/","message":"Prefix matched","object_key":"folder1/test.txt","operation":"","timestamp":"2025-08-26T01:17:55.611052-04:00","trace_id":""}
{"allowed":true,"bucket":"unknown-bucket","check_type":"unlisted_bucket","component":"","level":"info","message":"Checking unlisted bucket","object_key":"any/path.txt","operation":"","process_unlisted":true,"timestamp":"2025-08-26T01:17:55.611064-04:00","trace_id":""}
{"bucket":"test-bucket","component":"","level":"info","matching_prefix":"folder1/","message":"Prefix matched","object_key":"folder1/test.txt","operation":"","timestamp":"2025-08-26T01:17:55.611073-04:00","trace_id":""}
{"bucket":"test-bucket","component":"","level":"info","matching_prefix":"folder1/","message":"Prefix matched","object_key":"folder1/test.txt","operation":"","timestamp":"2025-08-26T01:17:55.606621-04:00","trace_id":""}
{"allowed":true,"bucket":"unknown-bucket","check_type":"unlisted_bucket","component":"","level":"info","message":"Checking unlisted bucket","object_key":"any/path.txt","operation":"","process_unlisted":true,"timestamp":"2025-08-26T01:17:55.611099-04:00","trace_id":""}
{"bucket":"test-bucket","component":"","level":"info","matching_prefix":"folder1/","message":"Prefix matched","object_key":"folder1/test.txt","operation":"","timestamp":"2025-08-26T01:17:55.611001-04:00","trace_id":""}
{"allowed":true,"bucket":"unknown-bucket","check_type":"unlisted_bucket","component":"","level":"info","message":"Checking unlisted bucket","object_key":"any/path.txt","operation":"","process_unlisted":true,"timestamp":"2025-08-26T01:17:55.61112-04:00","trace_id":""}
{"bucket":"test-bucket","component":"","level":"info","matching_prefix":"folder1/","message":"Prefix matched","object_key":"folder1/test.txt","operation":"","timestamp":"2025-08-26T01:17:55.611111-04:00","trace_id":""}
{"bucket":"test-bucket","component":"","level":"info","matching_prefix":"folder1/","message":"Prefix matched","object_key":"folder1/test.txt","operation":"","timestamp":"2025-08-26T01:17:55.610401-04:00","trace_id":""}
{"allowed":true,"bucket":"unknown-bucket","check_type":"unlisted_bucket","component":"","level":"info","message":"Checking unlisted bucket","object_key":"any/path.txt","operation":"","process_unlisted":true,"timestamp":"2025-08-26T01:17:55.611154-04:00","trace_id":""}
{"bucket":"test-bucket","component":"","level":"info","matching_prefix":"folder1/","message":"Prefix matched","object_key":"folder1/test.txt","operation":"","timestamp":"2025-08-26T01:17:55.611164-04:00","trace_id":""}
{"allowed":true,"bucket":"unknown-bucket","check_type":"unlisted_bucket","component":"","level":"info","message":"Checking unlisted bucket","object_key":"any/path.txt","operation":"","process_unlisted":true,"timestamp":"2025-08-26T01:17:55.61117-04:00","trace_id":""}
{"bucket":"test-bucket","component":"","level":"info","matching_prefix":"folder1/","message":"Prefix matched","object_key":"folder1/test.txt","operation":"","timestamp":"2025-08-26T01:17:55.61118-04:00","trace_id":""}
{"allowed":true,"bucket":"unknown-bucket","check_type":"unlisted_bucket","component":"","level":"info","message":"Checking unlisted bucket","object_key":"any/path.txt","operation":"","process_unlisted":true,"timestamp":"2025-08-26T01:17:55.611187-04:00","trace_id":""}
{"bucket":"test-bucket","component":"","level":"info","matching_prefix":"folder1/","message":"Prefix matched","object_key":"folder1/test.txt","operation":"","timestamp":"2025-08-26T01:17:55.611201-04:00","trace_id":""}
{"allowed":true,"bucket":"unknown-bucket","check_type":"unlisted_bucket","component":"","level":"info","message":"Checking unlisted bucket","object_key":"any/path.txt","operation":"","process_unlisted":true,"timestamp":"2025-08-26T01:17:55.611022-04:00","trace_id":""}
{"bucket":"test-bucket","component":"","level":"info","matching_prefix":"folder1/","message":"Prefix matched","object_key":"folder1/test.txt","operation":"","timestamp":"2025-08-26T01:17:55.611134-04:00","trace_id":""}
{"allowed":true,"bucket":"unknown-bucket","check_type":"unlisted_bucket","component":"","level":"info","message":"Checking unlisted bucket","object_key":"any/path.txt","operation":"","process_unlisted":true,"timestamp":"2025-08-26T01:17:55.61123-04:00","trace_id":""}
{"allowed":true,"bucket":"unknown-bucket","check_type":"unlisted_bucket","component":"","level":"info","message":"Checking unlisted bucket","object_key":"any/path.txt","operation":"","process_unlisted":true,"timestamp":"2025-08-26T01:17:55.61121-04:00","trace_id":""}
{"bucket":"test-bucket","component":"","level":"info","matching_prefix":"folder1/","message":"Prefix matched","object_key":"folder1/test.txt","operation":"","timestamp":"2025-08-26T01:17:55.611252-04:00","trace_id":""}
{"bucket":"test-bucket","component":"","level":"info","matching_prefix":"folder1/","message":"Prefix matched","object_key":"folder1/test.txt","operation":"","timestamp":"2025-08-26T01:17:55.611241-04:00","trace_id":""}
{"allowed":true,"bucket":"unknown-bucket","check_type":"unlisted_bucket","component":"","level":"info","message":"Checking unlisted bucket","object_key":"any/path.txt","operation":"","process_unlisted":true,"timestamp":"2025-08-26T01:17:55.611276-04:00","trace_id":""}
{"bucket":"test-bucket","component":"","level":"info","matching_prefix":"folder1/","message":"Prefix matched","object_key":"folder1/test.txt","operation":"","timestamp":"2025-08-26T01:17:55.611301-04:00","trace_id":""}
{"bucket":"test-bucket","component":"","level":"info","matching_prefix":"folder1/","message":"Prefix matched","object_key":"folder1/test.txt","operation":"","timestamp":"2025-08-26T01:17:55.611223-04:00","trace_id":""}
{"allowed":true,"bucket":"unknown-bucket","check_type":"unlisted_bucket","component":"","level":"info","message":"Checking unlisted bucket","object_key":"any/path.txt","operation":"","process_unlisted":true,"timestamp":"2025-08-26T01:17:55.611318-04:00","trace_id":""}
{"bucket":"test-bucket","component":"","level":"info","matching_prefix":"folder1/","message":"Prefix matched","object_key":"folder1/test.txt","operation":"","timestamp":"2025-08-26T01:17:55.61133-04:00","trace_id":""}
{"allowed":true,"bucket":"unknown-bucket","check_type":"unlisted_bucket","component":"","level":"info","message":"Checking unlisted bucket","object_key":"any/path.txt","operation":"","process_unlisted":true,"timestamp":"2025-08-26T01:17:55.61134-04:00","trace_id":""}
{"allowed":true,"bucket":"unknown-bucket","check_type":"unlisted_bucket","component":"","level":"info","message":"Checking unlisted bucket","object_key":"any/path.txt","operation":"","process_unlisted":true,"timestamp":"2025-08-26T01:17:55.61131-04:00","trace_id":""}
{"allowed":true,"bucket":"unknown-bucket","check_type":"unlisted_bucket","component":"","level":"info","message":"Checking unlisted bucket","object_key":"any/path.txt","operation":"","process_unlisted":true,"timestamp":"2025-08-26T01:17:55.611146-04:00","trace_id":""}
{"bucket":"test-bucket","component":"","level":"info","matching_prefix":"folder1/","message":"Prefix matched","object_key":"folder1/test.txt","operation":"","timestamp":"2025-08-26T01:17:55.611367-04:00","trace_id":""}
{"bucket":"test-bucket","component":"","level":"info","matching_prefix":"folder1/","message":"Prefix matched","object_key":"folder1/test.txt","operation":"","timestamp":"2025-08-26T01:17:55.611373-04:00","trace_id":""}
{"allowed":true,"bucket":"unknown-bucket","check_type":"unlisted_bucket","component":"","level":"info","message":"Checking unlisted bucket","object_key":"any/path.txt","operation":"","process_unlisted":true,"timestamp":"2025-08-26T01:17:55.611383-04:00","trace_id":""}
{"allowed":true,"bucket":"unknown-bucket","check_type":"unlisted_bucket","component":"","level":"info","message":"Checking unlisted bucket","object_key":"any/path.txt","operation":"","process_unlisted":true,"timestamp":"2025-08-26T01:17:55.611265-04:00","trace_id":""}
{"bucket":"test-bucket","component":"","level":"info","matching_prefix":"folder1/","message":"Prefix matched","object_key":"folder1/test.txt","operation":"","timestamp":"2025-08-26T01:17:55.611416-04:00","trace_id":""}
{"allowed":true,"bucket":"unknown-bucket","check_type":"unlisted_bucket","component":"","level":"info","message":"Checking unlisted bucket","object_key":"any/path.txt","operation":"","process_unlisted":true,"timestamp":"2025-08-26T01:17:55.611431-04:00","trace_id":""}
{"bucket":"test-bucket","component":"","level":"info","matching_prefix":"folder1/","message":"Prefix matched","object_key":"folder1/test.txt","operation":"","timestamp":"2025-08-26T01:17:55.611441-04:00","trace_id":""}
{"allowed":true,"bucket":"unknown-bucket","check_type":"unlisted_bucket","component":"","level":"info","message":"Checking unlisted bucket","object_key":"any/path.txt","operation":"","process_unlisted":true,"timestamp":"2025-08-26T01:17:55.611385-04:00","trace_id":""}
{"bucket":"test-bucket","component":"","level":"info","matching_prefix":"folder1/","message":"Prefix matched","object_key":"folder1/test.txt","operation":"","timestamp":"2025-08-26T01:17:55.611349-04:00","trace_id":""}
{"bucket":"test-bucket","component":"","level":"info","matching_prefix":"folder1/","message":"Prefix matched","object_key":"folder1/test.txt","operation":"","timestamp":"2025-08-26T01:17:55.6114-04:00","trace_id":""}
{"allowed":true,"bucket":"unknown-bucket","check_type":"unlisted_bucket","component":"","level":"info","message":"Checking unlisted bucket","object_key":"any/path.txt","operation":"","process_unlisted":true,"timestamp":"2025-08-26T01:17:55.611473-04:00","trace_id":""}
{"bucket":"test-bucket","component":"","level":"info","matching_prefix":"folder1/","message":"Prefix matched","object_key":"folder1/test.txt","operation":"","timestamp":"2025-08-26T01:17:55.611457-04:00","trace_id":""}
{"allowed":true,"bucket":"unknown-bucket","check_type":"unlisted_bucket","component":"","level":"info","message":"Checking unlisted bucket","object_key":"any/path.txt","operation":"","process_unlisted":true,"timestamp":"2025-08-26T01:17:55.611448-04:00","trace_id":""}
{"allowed":true,"bucket":"unknown-bucket","check_type":"unlisted_bucket","component":"","level":"info","message":"Checking unlisted bucket","object_key":"any/path.txt","operation":"","process_unlisted":true,"timestamp":"2025-08-26T01:17:55.611468-04:00","trace_id":""}
{"allowed":true,"bucket":"unknown-bucket","check_type":"unlisted_bucket","component":"","level":"info","message":"Checking unlisted bucket","object_key":"any/path.txt","operation":"","process_unlisted":true,"timestamp":"2025-08-26T01:17:55.611498-04:00","trace_id":""}
{"bucket":"test-bucket","component":"","level":"info","matching_prefix":"folder1/","message":"Prefix matched","object_key":"folder1/test.txt","operation":"","timestamp":"2025-08-26T01:17:55.611545-04:00","trace_id":""}
{"allowed":true,"bucket":"unknown-bucket","check_type":"unlisted_bucket","component":"","level":"info","message":"Checking unlisted bucket","object_key":"any/path.txt","operation":"","process_unlisted":true,"timestamp":"2025-08-26T01:17:55.611553-04:00","trace_id":""}
{"bucket":"test-bucket","component":"","level":"info","matching_prefix":"folder1/","message":"Prefix matched","object_key":"folder1/test.txt","operation":"","timestamp":"2025-08-26T01:17:55.611567-04:00","trace_id":""}
{"allowed":true,"bucket":"unknown-bucket","check_type":"unlisted_bucket","component":"","level":"info","message":"Checking unlisted bucket","object_key":"any/path.txt","operation":"","process_unlisted":true,"timestamp":"2025-08-26T01:17:55.611575-04:00","trace_id":""}
{"bucket":"test-bucket","component":"","level":"info","matching_prefix":"folder1/","message":"Prefix matched","object_key":"folder1/test.txt","operation":"","timestamp":"2025-08-26T01:17:55.611589-04:00","trace_id":""}
{"allowed":true,"bucket":"unknown-bucket","check_type":"unlisted_bucket","component":"","level":"info","message":"Checking unlisted bucket","object_key":"any/path.txt","operation":"","process_unlisted":true,"timestamp":"2025-08-26T01:17:55.6116-04:00","trace_id":""}
{"bucket":"test-bucket","component":"","level":"info","matching_prefix":"folder1/","message":"Prefix matched","object_key":"folder1/test.txt","operation":"","timestamp":"2025-08-26T01:17:55.611486-04:00","trace_id":""}
{"bucket":"test-bucket","component":"","level":"info","matching_prefix":"folder1/","message":"Prefix matched","object_key":"folder1/test.txt","operation":"","timestamp":"2025-08-26T01:17:55.611535-04:00","trace_id":""}
{"allowed":true,"bucket":"unknown-bucket","check_type":"unlisted_bucket","component":"","level":"info","message":"Checking unlisted bucket","object_key":"any/path.txt","operation":"","process_unlisted":true,"timestamp":"2025-08-26T01:17:55.611629-04:00","trace_id":""}
{"bucket":"test-bucket","component":"","level":"info","matching_prefix":"folder1/","message":"Prefix matched","object_key":"folder1/test.txt","operation":"","timestamp":"2025-08-26T01:17:55.611639-04:00","trace_id":""}
{"allowed":true,"bucket":"unknown-bucket","check_type":"unlisted_bucket","component":"","level":"info","message":"Checking unlisted bucket","object_key":"any/path.txt","operation":"","process_unlisted":true,"timestamp":"2025-08-26T01:17:55.611648-04:00","trace_id":""}
{"bucket":"test-bucket","component":"","level":"info","matching_prefix":"folder1/","message":"Prefix matched","object_key":"folder1/test.txt","operation":"","timestamp":"2025-08-26T01:17:55.611514-04:00","trace_id":""}
{"allowed":true,"bucket":"unknown-bucket","check_type":"unlisted_bucket","component":"","level":"info","message":"Checking unlisted bucket","object_key":"any/path.txt","operation":"","process_unlisted":true,"timestamp":"2025-08-26T01:17:55.611665-04:00","trace_id":""}
{"bucket":"test-bucket","component":"","level":"info","matching_prefix":"folder1/","message":"Prefix matched","object_key":"folder1/test.txt","operation":"","timestamp":"2025-08-26T01:17:55.611658-04:00","trace_id":""}
{"bucket":"test-bucket","component":"","level":"info","matching_prefix":"folder1/","message":"Prefix matched","object_key":"folder1/test.txt","operation":"","timestamp":"2025-08-26T01:17:55.61161-04:00","trace_id":""}
{"allowed":true,"bucket":"unknown-bucket","check_type":"unlisted_bucket","component":"","level":"info","message":"Checking unlisted bucket","object_key":"any/path.txt","operation":"","process_unlisted":true,"timestamp":"2025-08-26T01:17:55.610748-04:00","trace_id":""}
{"bucket":"test-bucket","component":"","level":"info","matching_prefix":"folder1/","message":"Prefix matched","object_key":"folder1/test.txt","operation":"","timestamp":"2025-08-26T01:17:55.611679-04:00","trace_id":""}
{"allowed":true,"bucket":"unknown-bucket","check_type":"unlisted_bucket","component":"","level":"info","message":"Checking unlisted bucket","object_key":"any/path.txt","operation":"","process_unlisted":true,"timestamp":"2025-08-26T01:17:55.611706-04:00","trace_id":""}
{"bucket":"test-bucket","component":"","level":"info","matching_prefix":"folder1/","message":"Prefix matched","object_key":"folder1/test.txt","operation":"","timestamp":"2025-08-26T01:17:55.611719-04:00","trace_id":""}
{"allowed":true,"bucket":"unknown-bucket","check_type":"unlisted_bucket","component":"","level":"info","message":"Checking unlisted bucket","object_key":"any/path.txt","operation":"","process_unlisted":true,"timestamp":"2025-08-26T01:17:55.611687-04:00","trace_id":""}
{"allowed":true,"bucket":"unknown-bucket","check_type":"unlisted_bucket","component":"","level":"info","message":"Checking unlisted bucket","object_key":"any/path.txt","operation":"","process_unlisted":true,"timestamp":"2025-08-26T01:17:55.611622-04:00","trace_id":""}
{"bucket":"test-bucket","component":"","level":"info","matching_prefix":"folder1/","message":"Prefix matched","object_key":"folder1/test.txt","operation":"","timestamp":"2025-08-26T01:17:55.6117-04:00","trace_id":""}
{"allowed":true,"bucket":"unknown-bucket","check_type":"unlisted_bucket","component":"","level":"info","message":"Checking unlisted bucket","object_key":"any/path.txt","operation":"","process_unlisted":true,"timestamp":"2025-08-26T01:17:55.611753-04:00","trace_id":""}
{"allowed":true,"bucket":"unknown-bucket","check_type":"unlisted_bucket","component":"","level":"info","message":"Checking unlisted bucket","object_key":"any/path.txt","operation":"","process_unlisted":true,"timestamp":"2025-08-26T01:17:55.611728-04:00","trace_id":""}
{"bucket":"test-bucket","component":"","level":"info","matching_prefix":"folder1/","message":"Prefix matched","object_key":"folder1/test.txt","operation":"","timestamp":"2025-08-26T01:17:55.611772-04:00","trace_id":""}
{"bucket":"test-bucket","component":"","level":"info","matching_prefix":"folder1/","message":"Prefix matched","object_key":"folder1/test.txt","operation":"","timestamp":"2025-08-26T01:17:55.611735-04:00","trace_id":""}
{"bucket":"test-bucket","component":"","level":"info","matching_prefix":"folder1/","message":"Prefix matched","object_key":"folder1/test.txt","operation":"","timestamp":"2025-08-26T01:17:55.611764-04:00","trace_id":""}
{"allowed":true,"bucket":"unknown-bucket","check_type":"unlisted_bucket","component":"","level":"info","message":"Checking unlisted bucket","object_key":"any/path.txt","operation":"","process_unlisted":true,"timestamp":"2025-08-26T01:17:55.611805-04:00","trace_id":""}
{"bucket":"test-bucket","component":"","level":"info","matching_prefix":"folder1/","message":"Prefix matched","object_key":"folder1/test.txt","operation":"","timestamp":"2025-08-26T01:17:55.611815-04:00","trace_id":""}
{"allowed":true,"bucket":"unknown-bucket","check_type":"unlisted_bucket","component":"","level":"info","message":"Checking unlisted bucket","object_key":"any/path.txt","operation":"","process_unlisted":true,"timestamp":"2025-08-26T01:17:55.611781-04:00","trace_id":""}
{"bucket":"test-bucket","component":"","level":"info","matching_prefix":"folder1/","message":"Prefix matched","object_key":"folder1/test.txt","operation":"","timestamp":"2025-08-26T01:17:55.611745-04:00","trace_id":""}
{"bucket":"test-bucket","component":"","level":"info","matching_prefix":"folder1/","message":"Prefix matched","object_key":"folder1/test.txt","operation":"","timestamp":"2025-08-26T01:17:55.611837-04:00","trace_id":""}
{"allowed":true,"bucket":"unknown-bucket","check_type":"unlisted_bucket","component":"","level":"info","message":"Checking unlisted bucket","object_key":"any/path.txt","operation":"","process_unlisted":true,"timestamp":"2025-08-26T01:17:55.611848-04:00","trace_id":""}
{"allowed":true,"bucket":"unknown-bucket","check_type":"unlisted_bucket","component":"","level":"info","message":"Checking unlisted bucket","object_key":"any/path.txt","operation":"","process_unlisted":true,"timestamp":"2025-08-26T01:17:55.611823-04:00","trace_id":""}
{"allowed":true,"bucket":"unknown-bucket","check_type":"unlisted_bucket","component":"","level":"info","message":"Checking unlisted bucket","object_key":"any/path.txt","operation":"","process_unlisted":true,"timestamp":"2025-08-26T01:17:55.611797-04:00","trace_id":""}
{"allowed":true,"bucket":"unknown-bucket","check_type":"unlisted_bucket","component":"","level":"info","message":"Checking unlisted bucket","object_key":"any/path.txt","operation":"","process_unlisted":true,"timestamp":"2025-08-26T01:17:55.61184-04:00","trace_id":""}
{"bucket":"test-bucket","component":"","level":"info","matching_prefix":"folder1/","message":"Prefix matched","object_key":"folder1/test.txt","operation":"","timestamp":"2025-08-26T01:17:55.611892-04:00","trace_id":""}
{"allowed":true,"bucket":"unknown-bucket","check_type":"unlisted_bucket","component":"","level":"info","message":"Checking unlisted bucket","object_key":"any/path.txt","operation":"","process_unlisted":true,"timestamp":"2025-08-26T01:17:55.611901-04:00","trace_id":""}
{"bucket":"test-bucket","component":"","level":"info","matching_prefix":"folder1/","message":"Prefix matched","object_key":"folder1/test.txt","operation":"","timestamp":"2025-08-26T01:17:55.611911-04:00","trace_id":""}
{"bucket":"test-bucket","component":"","level":"info","matching_prefix":"folder1/","message":"Prefix matched","object_key":"folder1/test.txt","operation":"","timestamp":"2025-08-26T01:17:55.611872-04:00","trace_id":""}
{"allowed":true,"bucket":"unknown-bucket","check_type":"unlisted_bucket","component":"","level":"info","message":"Checking unlisted bucket","object_key":"any/path.txt","operation":"","process_unlisted":true,"timestamp":"2025-08-26T01:17:55.611926-04:00","trace_id":""}
{"allowed":true,"bucket":"unknown-bucket","check_type":"unlisted_bucket","component":"","level":"info","message":"Checking unlisted bucket","object_key":"any/path.txt","operation":"","process_unlisted":true,"timestamp":"2025-08-26T01:17:55.611919-04:00","trace_id":""}
{"bucket":"test-bucket","component":"","level":"info","matching_prefix":"folder1/","message":"Prefix matched","object_key":"folder1/test.txt","operation":"","timestamp":"2025-08-26T01:17:55.611885-04:00","trace_id":""}
{"allowed":true,"bucket":"unknown-bucket","check_type":"unlisted_bucket","component":"","level":"info","message":"Checking unlisted bucket","object_key":"any/path.txt","operation":"","process_unlisted":true,"timestamp":"2025-08-26T01:17:55.611953-04:00","trace_id":""}
{"bucket":"test-bucket","component":"","level":"info","matching_prefix":"folder1/","message":"Prefix matched","object_key":"folder1/test.txt","operation":"","timestamp":"2025-08-26T01:17:55.611936-04:00","trace_id":""}
{"bucket":"test-bucket","component":"","level":"info","matching_prefix":"folder1/","message":"Prefix matched","object_key":"folder1/test.txt","operation":"","timestamp":"2025-08-26T01:17:55.611861-04:00","trace_id":""}
{"allowed":true,"bucket":"unknown-bucket","check_type":"unlisted_bucket","component":"","level":"info","message":"Checking unlisted bucket","object_key":"any/path.txt","operation":"","process_unlisted":true,"timestamp":"2025-08-26T01:17:55.611975-04:00","trace_id":""}
{"bucket":"test-bucket","component":"","level":"info","matching_prefix":"folder1/","message":"Prefix matched","object_key":"folder1/test.txt","operation":"","timestamp":"2025-08-26T01:17:55.611966-04:00","trace_id":""}
{"allowed":true,"bucket":"unknown-bucket","check_type":"unlisted_bucket","component":"","level":"info","message":"Checking unlisted bucket","object_key":"any/path.txt","operation":"","process_unlisted":true,"timestamp":"2025-08-26T01:17:55.611999-04:00","trace_id":""}
{"bucket":"test-bucket","component":"","level":"info","matching_prefix":"folder1/","message":"Prefix matched","object_key":"folder1/test.txt","operation":"","timestamp":"2025-08-26T01:17:55.612011-04:00","trace_id":""}
{"bucket":"test-bucket","component":"","level":"info","matching_prefix":"folder1/","message":"Prefix matched","object_key":"folder1/test.txt","operation":"","timestamp":"2025-08-26T01:17:55.611946-04:00","trace_id":""}
{"allowed":true,"bucket":"unknown-bucket","check_type":"unlisted_bucket","component":"","level":"info","message":"Checking unlisted bucket","object_key":"any/path.txt","operation":"","process_unlisted":true,"timestamp":"2025-08-26T01:17:55.611978-04:00","trace_id":""}
{"allowed":true,"bucket":"unknown-bucket","check_type":"unlisted_bucket","component":"","level":"info","message":"Checking unlisted bucket","object_key":"any/path.txt","operation":"","process_unlisted":true,"timestamp":"2025-08-26T01:17:55.612019-04:00","trace_id":""}
{"bucket":"test-bucket","component":"","level":"info","matching_prefix":"folder1/","message":"Prefix matched","object_key":"folder1/test.txt","operation":"","timestamp":"2025-08-26T01:17:55.612049-04:00","trace_id":""}
{"allowed":true,"bucket":"unknown-bucket","check_type":"unlisted_bucket","component":"","level":"info","message":"Checking unlisted bucket","object_key":"any/path.txt","operation":"","process_unlisted":true,"timestamp":"2025-08-26T01:17:55.612056-04:00","trace_id":""}
{"bucket":"test-bucket","component":"","level":"info","matching_prefix":"folder1/","message":"Prefix matched","object_key":"folder1/test.txt","operation":"","timestamp":"2025-08-26T01:17:55.612067-04:00","trace_id":""}
{"allowed":true,"bucket":"unknown-bucket","check_type":"unlisted_bucket","component":"","level":"info","message":"Checking unlisted bucket","object_key":"any/path.txt","operation":"","process_unlisted":true,"timestamp":"2025-08-26T01:17:55.611683-04:00","trace_id":""}
{"bucket":"test-bucket","component":"","level":"info","matching_prefix":"folder1/","message":"Prefix matched","object_key":"folder1/test.txt","operation":"","timestamp":"2025-08-26T01:17:55.612085-04:00","trace_id":""}
{"allowed":true,"bucket":"unknown-bucket","check_type":"unlisted_bucket","component":"","level":"info","message":"Checking unlisted bucket","object_key":"any/path.txt","operation":"","process_unlisted":true,"timestamp":"2025-08-26T01:17:55.612075-04:00","trace_id":""}
{"bucket":"test-bucket","component":"","level":"info","matching_prefix":"folder1/","message":"Prefix matched","object_key":"folder1/test.txt","operation":"","timestamp":"2025-08-26T01:17:55.612042-04:00","trace_id":""}
{"allowed":true,"bucket":"unknown-bucket","check_type":"unlisted_bucket","component":"","level":"info","message":"Checking unlisted bucket","object_key":"any/path.txt","operation":"","process_unlisted":true,"timestamp":"2025-08-26T01:17:55.612116-04:00","trace_id":""}
{"allowed":true,"bucket":"unknown-bucket","check_type":"unlisted_bucket","component":"","level":"info","message":"Checking unlisted bucket","object_key":"any/path.txt","operation":"","process_unlisted":true,"timestamp":"2025-08-26T01:17:55.612093-04:00","trace_id":""}
{"bucket":"test-bucket","component":"","level":"info","matching_prefix":"folder1/","message":"Prefix matched","object_key":"folder1/test.txt","operation":"","timestamp":"2025-08-26T01:17:55.612143-04:00","trace_id":""}
{"bucket":"test-bucket","component":"","level":"info","matching_prefix":"folder1/","message":"Prefix matched","object_key":"folder1/test.txt","operation":"","timestamp":"2025-08-26T01:17:55.612149-04:00","trace_id":""}
{"allowed":true,"bucket":"unknown-bucket","check_type":"unlisted_bucket","component":"","level":"info","message":"Checking unlisted bucket","object_key":"any/path.txt","operation":"","process_unlisted":true,"timestamp":"2025-08-26T01:17:55.612161-04:00","trace_id":""}
{"allowed":true,"bucket":"unknown-bucket","check_type":"unlisted_bucket","component":"","level":"info","message":"Checking unlisted bucket","object_key":"any/path.txt","operation":"","process_unlisted":true,"timestamp":"2025-08-26T01:17:55.612029-04:00","trace_id":""}
{"bucket":"test-bucket","component":"","level":"info","matching_prefix":"folder1/","message":"Prefix matched","object_key":"folder1/test.txt","operation":"","timestamp":"2025-08-26T01:17:55.612179-04:00","trace_id":""}
{"allowed":true,"bucket":"unknown-bucket","check_type":"unlisted_bucket","component":"","level":"info","message":"Checking unlisted bucket","object_key":"any/path.txt","operation":"","process_unlisted":true,"timestamp":"2025-08-26T01:17:55.612187-04:00","trace_id":""}
{"bucket":"test-bucket","component":"","level":"info","matching_prefix":"folder1/","message":"Prefix matched","object_key":"folder1/test.txt","operation":"","timestamp":"2025-08-26T01:17:55.612171-04:00","trace_id":""}
{"allowed":true,"bucket":"unknown-bucket","check_type":"unlisted_bucket","component":"","level":"info","message":"Checking unlisted bucket","object_key":"any/path.txt","operation":"","process_unlisted":true,"timestamp":"2025-08-26T01:17:55.612203-04:00","trace_id":""}
{"allowed":true,"bucket":"unknown-bucket","check_type":"unlisted_bucket","component":"","level":"info","message":"Checking unlisted bucket","object_key":"any/path.txt","operation":"","process_unlisted":true,"timestamp":"2025-08-26T01:17:55.612152-04:00","trace_id":""}
{"bucket":"test-bucket","component":"","level":"info","matching_prefix":"folder1/","message":"Prefix matched","object_key":"folder1/test.txt","operation":"","timestamp":"2025-08-26T01:17:55.612196-04:00","trace_id":""}
{"allowed":true,"bucket":"unknown-bucket","check_type":"unlisted_bucket","component":"","level":"info","message":"Checking unlisted bucket","object_key":"any/path.txt","operation":"","process_unlisted":true,"timestamp":"2025-08-26T01:17:55.612223-04:00","trace_id":""}
{"bucket":"test-bucket","component":"","level":"info","matching_prefix":"folder1/","message":"Prefix matched","object_key":"folder1/test.txt","operation":"","timestamp":"2025-08-26T01:17:55.612234-04:00","trace_id":""}
{"bucket":"test-bucket","component":"","level":"info","matching_prefix":"folder1/","message":"Prefix matched","object_key":"folder1/test.txt","operation":"","timestamp":"2025-08-26T01:17:55.612105-04:00","trace_id":""}
{"allowed":true,"bucket":"unknown-bucket","check_type":"unlisted_bucket","component":"","level":"info","message":"Checking unlisted bucket","object_key":"any/path.txt","operation":"","process_unlisted":true,"timestamp":"2025-08-26T01:17:55.612255-04:00","trace_id":""}
{"bucket":"test-bucket","component":"","level":"info","matching_prefix":"folder1/","message":"Prefix matched","object_key":"folder1/test.txt","operation":"","timestamp":"2025-08-26T01:17:55.612264-04:00","trace_id":""}
{"allowed":true,"bucket":"unknown-bucket","check_type":"unlisted_bucket","component":"","level":"info","message":"Checking unlisted bucket","object_key":"any/path.txt","operation":"","process_unlisted":true,"timestamp":"2025-08-26T01:17:55.612277-04:00","trace_id":""}
{"bucket":"test-bucket","component":"","level":"info","matching_prefix":"folder1/","message":"Prefix matched","object_key":"folder1/test.txt","operation":"","timestamp":"2025-08-26T01:17:55.612219-04:00","trace_id":""}
{"bucket":"test-bucket","component":"","level":"info","matching_prefix":"folder1/","message":"Prefix matched","object_key":"folder1/test.txt","operation":"","timestamp":"2025-08-26T01:17:55.612294-04:00","trace_id":""}
{"allowed":true,"bucket":"unknown-bucket","check_type":"unlisted_bucket","component":"","level":"info","message":"Checking unlisted bucket","object_key":"any/path.txt","operation":"","process_unlisted":true,"timestamp":"2025-08-26T01:17:55.612303-04:00","trace_id":""}
{"allowed":true,"bucket":"unknown-bucket","check_type":"unlisted_bucket","component":"","level":"info","message":"Checking unlisted bucket","object_key":"any/path.txt","operation":"","process_unlisted":true,"timestamp":"2025-08-26T01:17:55.612245-04:00","trace_id":""}
{"allowed":true,"bucket":"unknown-bucket","check_type":"unlisted_bucket","component":"","level":"info","message":"Checking unlisted bucket","object_key":"any/path.txt","operation":"","process_unlisted":true,"timestamp":"2025-08-26T01:17:55.612299-04:00","trace_id":""}
{"bucket":"test-bucket","component":"","level":"info","matching_prefix":"folder1/","message":"Prefix matched","object_key":"folder1/test.txt","operation":"","timestamp":"2025-08-26T01:17:55.612313-04:00","trace_id":""}
{"allowed":true,"bucket":"unknown-bucket","check_type":"unlisted_bucket","component":"","level":"info","message":"Checking unlisted bucket","object_key":"any/path.txt","operation":"","process_unlisted":true,"timestamp":"2025-08-26T01:17:55.612352-04:00","trace_id":""}
{"bucket":"test-bucket","component":"","level":"info","matching_prefix":"folder1/","message":"Prefix matched","object_key":"folder1/test.txt","operation":"","timestamp":"2025-08-26T01:17:55.612342-04:00","trace_id":""}
{"bucket":"test-bucket","component":"","level":"info","matching_prefix":"folder1/","message":"Prefix matched","object_key":"folder1/test.txt","operation":"","timestamp":"2025-08-26T01:17:55.612328-04:00","trace_id":""}
{"allowed":true,"bucket":"unknown-bucket","check_type":"unlisted_bucket","component":"","level":"info","message":"Checking unlisted bucket","object_key":"any/path.txt","operation":"","process_unlisted":true,"timestamp":"2025-08-26T01:17:55.61239-04:00","trace_id":""}
{"allowed":true,"bucket":"unknown-bucket","check_type":"unlisted_bucket","component":"","level":"info","message":"Checking unlisted bucket","object_key":"any/path.txt","operation":"","process_unlisted":true,"timestamp":"2025-08-26T01:17:55.612368-04:00","trace_id":""}
{"bucket":"test-bucket","component":"","level":"info","matching_prefix":"folder1/","message":"Prefix matched","object_key":"folder1/test.txt","operation":"","timestamp":"2025-08-26T01:17:55.612403-04:00","trace_id":""}
{"bucket":"test-bucket","component":"","level":"info","matching_prefix":"folder1/","message":"Prefix matched","object_key":"folder1/test.txt","operation":"","timestamp":"2025-08-26T01:17:55.612407-04:00","trace_id":""}
{"allowed":true,"bucket":"unknown-bucket","check_type":"unlisted_bucket","component":"","level":"info","message":"Checking unlisted bucket","object_key":"any/path.txt","operation":"","process_unlisted":true,"timestamp":"2025-08-26T01:17:55.612416-04:00","trace_id":""}
{"bucket":"test-bucket","component":"","level":"info","matching_prefix":"folder1/","message":"Prefix matched","object_key":"folder1/test.txt","operation":"","timestamp":"2025-08-26T01:17:55.612434-04:00","trace_id":""}
{"allowed":true,"bucket":"unknown-bucket","check_type":"unlisted_bucket","component":"","level":"info","message":"Checking unlisted bucket","object_key":"any/path.txt","operation":"","process_unlisted":true,"timestamp":"2025-08-26T01:17:55.612445-04:00","trace_id":""}
{"bucket":"test-bucket","component":"","level":"info","matching_prefix":"folder1/","message":"Prefix matched","object_key":"folder1/test.txt","operation":"","timestamp":"2025-08-26T01:17:55.612455-04:00","trace_id":""}
{"allowed":true,"bucket":"unknown-bucket","check_type":"unlisted_bucket","component":"","level":"info","message":"Checking unlisted bucket","object_key":"any/path.txt","operation":"","process_unlisted":true,"timestamp":"2025-08-26T01:17:55.612466-04:00","trace_id":""}
{"allowed":true,"bucket":"unknown-bucket","check_type":"unlisted_bucket","component":"","level":"info","message":"Checking unlisted bucket","object_key":"any/path.txt","operation":"","process_unlisted":true,"timestamp":"2025-08-26T01:17:55.61241-04:00","trace_id":""}
{"bucket":"test-bucket","component":"","level":"info","matching_prefix":"folder1/","message":"Prefix matched","object_key":"folder1/test.txt","operation":"","timestamp":"2025-08-26T01:17:55.612486-04:00","trace_id":""}
{"bucket":"test-bucket","component":"","level":"info","matching_prefix":"folder1/","message":"Prefix matched","object_key":"folder1/test.txt","operation":"","timestamp":"2025-08-26T01:17:55.612477-04:00","trace_id":""}
{"bucket":"test-bucket","component":"","level":"info","matching_prefix":"folder1/","message":"Prefix matched","object_key":"folder1/test.txt","operation":"","timestamp":"2025-08-26T01:17:55.612024-04:00","trace_id":""}
{"allowed":true,"bucket":"unknown-bucket","check_type":"unlisted_bucket","component":"","level":"info","message":"Checking unlisted bucket","object_key":"any/path.txt","operation":"","process_unlisted":true,"timestamp":"2025-08-26T01:17:55.61252-04:00","trace_id":""}
{"bucket":"test-bucket","component":"","level":"info","matching_prefix":"folder1/","message":"Prefix matched","object_key":"folder1/test.txt","operation":"","timestamp":"2025-08-26T01:17:55.612545-04:00","trace_id":""}
{"allowed":true,"bucket":"unknown-bucket","check_type":"unlisted_bucket","component":"","level":"info","message":"Checking unlisted bucket","object_key":"any/path.txt","operation":"","process_unlisted":true,"timestamp":"2025-08-26T01:17:55.61256-04:00","trace_id":""}
{"bucket":"test-bucket","component":"","level":"info","matching_prefix":"folder1/","message":"Prefix matched","object_key":"folder1/test.txt","operation":"","timestamp":"2025-08-26T01:17:55.612572-04:00","trace_id":""}
{"allowed":true,"bucket":"unknown-bucket","check_type":"unlisted_bucket","component":"","level":"info","message":"Checking unlisted bucket","object_key":"any/path.txt","operation":"","process_unlisted":true,"timestamp":"2025-08-26T01:17:55.61259-04:00","trace_id":""}
{"bucket":"test-bucket","component":"","level":"info","matching_prefix":"folder1/","message":"Prefix matched","object_key":"folder1/test.txt","operation":"","timestamp":"2025-08-26T01:17:55.612605-04:00","trace_id":""}
{"allowed":true,"bucket":"unknown-bucket","check_type":"unlisted_bucket","component":"","level":"info","message":"Checking unlisted bucket","object_key":"any/path.txt","operation":"","process_unlisted":true,"timestamp":"2025-08-26T01:17:55.612619-04:00","trace_id":""}
{"bucket":"test-bucket","component":"","level":"info","matching_prefix":"folder1/","message":"Prefix matched","object_key":"folder1/test.txt","operation":"","timestamp":"2025-08-26T01:17:55.612631-04:00","trace_id":""}
{"allowed":true,"bucket":"unknown-bucket","check_type":"unlisted_bucket","component":"","level":"info","message":"Checking unlisted bucket","object_key":"any/path.txt","operation":"","process_unlisted":true,"timestamp":"2025-08-26T01:17:55.612647-04:00","trace_id":""}
{"bucket":"test-bucket","component":"","level":"info","matching_prefix":"folder1/","message":"Prefix matched","object_key":"folder1/test.txt","operation":"","timestamp":"2025-08-26T01:17:55.61266-04:00","trace_id":""}
{"allowed":true,"bucket":"unknown-bucket","check_type":"unlisted_bucket","component":"","level":"info","message":"Checking unlisted bucket","object_key":"any/path.txt","operation":"","process_unlisted":true,"timestamp":"2025-08-26T01:17:55.61268-04:00","trace_id":""}
{"bucket":"test-bucket","component":"","level":"info","matching_prefix":"folder1/","message":"Prefix matched","object_key":"folder1/test.txt","operation":"","timestamp":"2025-08-26T01:17:55.612694-04:00","trace_id":""}
{"allowed":true,"bucket":"unknown-bucket","check_type":"unlisted_bucket","component":"","level":"info","message":"Checking unlisted bucket","object_key":"any/path.txt","operation":"","process_unlisted":true,"timestamp":"2025-08-26T01:17:55.612709-04:00","trace_id":""}
{"allowed":true,"bucket":"unknown-bucket","check_type":"unlisted_bucket","component":"","level":"info","message":"Checking unlisted bucket","object_key":"any/path.txt","operation":"","process_unlisted":true,"timestamp":"2025-08-26T01:17:55.612494-04:00","trace_id":""}
{"allowed":true,"bucket":"unknown-bucket","check_type":"unlisted_bucket","component":"","level":"info","message":"Checking unlisted bucket","object_key":"any/path.txt","operation":"","process_unlisted":true,"timestamp":"2025-08-26T01:17:55.612504-04:00","trace_id":""}
{"bucket":"test-bucket","component":"","level":"info","matching_prefix":"folder1/","message":"Prefix matched","object_key":"folder1/test.txt","operation":"","timestamp":"2025-08-26T01:17:55.612723-04:00","trace_id":""}
{"bucket":"test-bucket","component":"","level":"info","matching_prefix":"folder1/","message":"Prefix matched","object_key":"folder1/test.txt","operation":"","timestamp":"2025-08-26T01:17:55.612749-04:00","trace_id":""}
{"allowed":true,"bucket":"unknown-bucket","check_type":"unlisted_bucket","component":"","level":"info","message":"Checking unlisted bucket","object_key":"any/path.txt","operation":"","process_unlisted":true,"timestamp":"2025-08-26T01:17:55.610822-04:00","trace_id":""}
{"bucket":"test-bucket","component":"","level":"info","matching_prefix":"folder1/","message":"Prefix matched","object_key":"folder1/test.txt","operation":"","timestamp":"2025-08-26T01:17:55.612765-04:00","trace_id":""}
{"allowed":true,"bucket":"unknown-bucket","check_type":"unlisted_bucket","component":"","level":"info","message":"Checking unlisted bucket","object_key":"any/path.txt","operation":"","process_unlisted":true,"timestamp":"2025-08-26T01:17:55.612777-04:00","trace_id":""}
{"bucket":"test-bucket","component":"","level":"info","matching_prefix":"folder1/","message":"Prefix matched","object_key":"folder1/test.txt","operation":"","timestamp":"2025-08-26T01:17:55.612787-04:00","trace_id":""}
{"allowed":true,"bucket":"unknown-bucket","check_type":"unlisted_bucket","component":"","level":"info","message":"Checking unlisted bucket","object_key":"any/path.txt","operation":"","process_unlisted":true,"timestamp":"2025-08-26T01:17:55.612753-04:00","trace_id":""}
{"bucket":"test-bucket","component":"","level":"info","matching_prefix":"folder1/","message":"Prefix matched","object_key":"folder1/test.txt","operation":"","timestamp":"2025-08-26T01:17:55.612832-04:00","trace_id":""}
{"bucket":"test-bucket","component":"","level":"info","matching_prefix":"folder1/","message":"Prefix matched","object_key":"folder1/test.txt","operation":"","timestamp":"2025-08-26T01:17:55.612732-04:00","trace_id":""}
{"allowed":true,"bucket":"unknown-bucket","check_type":"unlisted_bucket","component":"","level":"info","message":"Checking unlisted bucket","object_key":"any/path.txt","operation":"","process_unlisted":true,"timestamp":"2025-08-26T01:17:55.612854-04:00","trace_id":""}
{"bucket":"test-bucket","component":"","level":"info","matching_prefix":"folder1/","message":"Prefix matched","object_key":"folder1/test.txt","operation":"","timestamp":"2025-08-26T01:17:55.612865-04:00","trace_id":""}
{"allowed":true,"bucket":"unknown-bucket","check_type":"unlisted_bucket","component":"","level":"info","message":"Checking unlisted bucket","object_key":"any/path.txt","operation":"","process_unlisted":true,"timestamp":"2025-08-26T01:17:55.612878-04:00","trace_id":""}
{"bucket":"test-bucket","component":"","level":"info","matching_prefix":"folder1/","message":"Prefix matched","object_key":"folder1/test.txt","operation":"","timestamp":"2025-08-26T01:17:55.612888-04:00","trace_id":""}
{"allowed":true,"bucket":"unknown-bucket","check_type":"unlisted_bucket","component":"","level":"info","message":"Checking unlisted bucket","object_key":"any/path.txt","operation":"","process_unlisted":true,"timestamp":"2025-08-26T01:17:55.612904-04:00","trace_id":""}
{"allowed":true,"bucket":"unknown-bucket","check_type":"unlisted_bucket","component":"","level":"info","message":"Checking unlisted bucket","object_key":"any/path.txt","operation":"","process_unlisted":true,"timestamp":"2025-08-26T01:17:55.612804-04:00","trace_id":""}
{"bucket":"test-bucket","component":"","level":"info","matching_prefix":"folder1/","message":"Prefix matched","object_key":"folder1/test.txt","operation":"","timestamp":"2025-08-26T01:17:55.612935-04:00","trace_id":""}
{"allowed":true,"bucket":"unknown-bucket","check_type":"unlisted_bucket","component":"","level":"info","message":"Checking unlisted bucket","object_key":"any/path.txt","operation":"","process_unlisted":true,"timestamp":"2025-08-26T01:17:55.612945-04:00","trace_id":""}
{"bucket":"test-bucket","component":"","level":"info","matching_prefix":"folder1/","message":"Prefix matched","object_key":"folder1/test.txt","operation":"","timestamp":"2025-08-26T01:17:55.612958-04:00","trace_id":""}
{"bucket":"test-bucket","component":"","level":"info","matching_prefix":"folder1/","message":"Prefix matched","object_key":"folder1/test.txt","operation":"","timestamp":"2025-08-26T01:17:55.612373-04:00","trace_id":""}
{"allowed":true,"bucket":"unknown-bucket","check_type":"unlisted_bucket","component":"","level":"info","message":"Checking unlisted bucket","object_key":"any/path.txt","operation":"","process_unlisted":true,"timestamp":"2025-08-26T01:17:55.612983-04:00","trace_id":""}
{"bucket":"test-bucket","component":"","level":"info","matching_prefix":"folder1/","message":"Prefix matched","object_key":"folder1/test.txt","operation":"","timestamp":"2025-08-26T01:17:55.612993-04:00","trace_id":""}
{"allowed":true,"bucket":"unknown-bucket","check_type":"unlisted_bucket","component":"","level":"info","message":"Checking unlisted bucket","object_key":"any/path.txt","operation":"","process_unlisted":true,"timestamp":"2025-08-26T01:17:55.613006-04:00","trace_id":""}
{"allowed":true,"bucket":"unknown-bucket","check_type":"unlisted_bucket","component":"","level":"info","message":"Checking unlisted bucket","object_key":"any/path.txt","operation":"","process_unlisted":true,"timestamp":"2025-08-26T01:17:55.612968-04:00","trace_id":""}
{"bucket":"test-bucket","component":"","level":"info","matching_prefix":"folder1/","message":"Prefix matched","object_key":"folder1/test.txt","operation":"","timestamp":"2025-08-26T01:17:55.61303-04:00","trace_id":""}
{"bucket":"test-bucket","component":"","level":"info","matching_prefix":"folder1/","message":"Prefix matched","object_key":"folder1/test.txt","operation":"","timestamp":"2025-08-26T01:17:55.61302-04:00","trace_id":""}
{"allowed":true,"bucket":"unknown-bucket","check_type":"unlisted_bucket","component":"","level":"info","message":"Checking unlisted bucket","object_key":"any/path.txt","operation":"","process_unlisted":true,"timestamp":"2025-08-26T01:17:55.61304-04:00","trace_id":""}
{"bucket":"test-bucket","component":"","level":"info","matching_prefix":"folder1/","message":"Prefix matched","object_key":"folder1/test.txt","operation":"","timestamp":"2025-08-26T01:17:55.613054-04:00","trace_id":""}
{"allowed":true,"bucket":"unknown-bucket","check_type":"unlisted_bucket","component":"","level":"info","message":"Checking unlisted bucket","object_key":"any/path.txt","operation":"","process_unlisted":true,"timestamp":"2025-08-26T01:17:55.613062-04:00","trace_id":""}
{"bucket":"test-bucket","component":"","level":"info","matching_prefix":"folder1/","message":"Prefix matched","object_key":"folder1/test.txt","operation":"","timestamp":"2025-08-26T01:17:55.613076-04:00","trace_id":""}
{"allowed":true,"bucket":"unknown-bucket","check_type":"unlisted_bucket","component":"","level":"info","message":"Checking unlisted bucket","object_key":"any/path.txt","operation":"","process_unlisted":true,"timestamp":"2025-08-26T01:17:55.611085-04:00","trace_id":""}
{"bucket":"test-bucket","component":"","level":"info","matching_prefix":"folder1/","message":"Prefix matched","object_key":"folder1/test.txt","operation":"","timestamp":"2025-08-26T01:17:55.613108-04:00","trace_id":""}
{"allowed":true,"bucket":"unknown-bucket","check_type":"unlisted_bucket","component":"","level":"info","message":"Checking unlisted bucket","object_key":"any/path.txt","operation":"","process_unlisted":true,"timestamp":"2025-08-26T01:17:55.613117-04:00","trace_id":""}
{"bucket":"test-bucket","component":"","level":"info","matching_prefix":"folder1/","message":"Prefix matched","object_key":"folder1/test.txt","operation":"","timestamp":"2025-08-26T01:17:55.613132-04:00","trace_id":""}
{"allowed":true,"bucket":"unknown-bucket","check_type":"unlisted_bucket","component":"","level":"info","message":"Checking unlisted bucket","object_key":"any/path.txt","operation":"","process_unlisted":true,"timestamp":"2025-08-26T01:17:55.613139-04:00","trace_id":""}
{"bucket":"test-bucket","component":"","level":"info","matching_prefix":"folder1/","message":"Prefix matched","object_key":"folder1/test.txt","operation":"","timestamp":"2025-08-26T01:17:55.613158-04:00","trace_id":""}
{"allowed":true,"bucket":"unknown-bucket","check_type":"unlisted_bucket","component":"","level":"info","message":"Checking unlisted bucket","object_key":"any/path.txt","operation":"","process_unlisted":true,"timestamp":"2025-08-26T01:17:55.613165-04:00","trace_id":""}
{"bucket":"test-bucket","component":"","level":"info","matching_prefix":"folder1/","message":"Prefix matched","object_key":"folder1/test.txt","operation":"","timestamp":"2025-08-26T01:17:55.613176-04:00","trace_id":""}
{"allowed":true,"bucket":"unknown-bucket","check_type":"unlisted_bucket","component":"","level":"info","message":"Checking unlisted bucket","object_key":"any/path.txt","operation":"","process_unlisted":true,"timestamp":"2025-08-26T01:17:55.613184-04:00","trace_id":""}
{"bucket":"test-bucket","component":"","level":"info","matching_prefix":"folder1/","message":"Prefix matched","object_key":"folder1/test.txt","operation":"","timestamp":"2025-08-26T01:17:55.613194-04:00","trace_id":""}
{"allowed":true,"bucket":"unknown-bucket","check_type":"unlisted_bucket","component":"","level":"info","message":"Checking unlisted bucket","object_key":"any/path.txt","operation":"","process_unlisted":true,"timestamp":"2025-08-26T01:17:55.613084-04:00","trace_id":""}
{"bucket":"test-bucket","component":"","level":"info","matching_prefix":"folder1/","message":"Prefix matched","object_key":"folder1/test.txt","operation":"","timestamp":"2025-08-26T01:17:55.613216-04:00","trace_id":""}
{"allowed":true,"bucket":"unknown-bucket","check_type":"unlisted_bucket","component":"","level":"info","message":"Checking unlisted bucket","object_key":"any/path.txt","operation":"","process_unlisted":true,"timestamp":"2025-08-26T01:17:55.613226-04:00","trace_id":""}
{"bucket":"test-bucket","component":"","level":"info","matching_prefix":"folder1/","message":"Prefix matched","object_key":"folder1/test.txt","operation":"","timestamp":"2025-08-26T01:17:55.613234-04:00","trace_id":""}
{"allowed":true,"bucket":"unknown-bucket","check_type":"unlisted_bucket","component":"","level":"info","message":"Checking unlisted bucket","object_key":"any/path.txt","operation":"","process_unlisted":true,"timestamp":"2025-08-26T01:17:55.613201-04:00","trace_id":""}
{"allowed":true,"bucket":"unknown-bucket","check_type":"unlisted_bucket","component":"","level":"info","message":"Checking unlisted bucket","object_key":"any/path.txt","operation":"","process_unlisted":true,"timestamp":"2025-08-26T01:17:55.608898-04:00","trace_id":""}
{"bucket":"test-bucket","component":"","level":"info","matching_prefix":"folder1/","message":"Prefix matched","object_key":"folder1/test.txt","operation":"","timestamp":"2025-08-26T01:17:55.608367-04:00","trace_id":""}
{"allowed":true,"bucket":"unknown-bucket","check_type":"unlisted_bucket","component":"","level":"info","message":"Checking unlisted bucket","object_key":"any/path.txt","operation":"","process_unlisted":true,"timestamp":"2025-08-26T01:17:55.613285-04:00","trace_id":""}
{"allowed":true,"bucket":"unknown-bucket","check_type":"unlisted_bucket","component":"","level":"info","message":"Checking unlisted bucket","object_key":"any/path.txt","operation":"","process_unlisted":true,"timestamp":"2025-08-26T01:17:55.613246-04:00","trace_id":""}
{"bucket":"test-bucket","component":"","level":"info","matching_prefix":"folder1/","message":"Prefix matched","object_key":"folder1/test.txt","operation":"","timestamp":"2025-08-26T01:17:55.613261-04:00","trace_id":""}
{"allowed":true,"bucket":"unknown-bucket","check_type":"unlisted_bucket","component":"","level":"info","message":"Checking unlisted bucket","object_key":"any/path.txt","operation":"","process_unlisted":true,"timestamp":"2025-08-26T01:17:55.612757-04:00","trace_id":""}
{"allowed":true,"bucket":"unknown-bucket","check_type":"unlisted_bucket","component":"","level":"info","message":"Checking unlisted bucket","object_key":"any/path.txt","operation":"","process_unlisted":true,"timestamp":"2025-08-26T01:17:55.613326-04:00","trace_id":""}
{"bucket":"test-bucket","component":"","level":"info","matching_prefix":"folder1/","message":"Prefix matched","object_key":"folder1/test.txt","operation":"","timestamp":"2025-08-26T01:17:55.613349-04:00","trace_id":""}
{"allowed":true,"bucket":"unknown-bucket","check_type":"unlisted_bucket","component":"","level":"info","message":"Checking unlisted bucket","object_key":"any/path.txt","operation":"","process_unlisted":true,"timestamp":"2025-08-26T01:17:55.613358-04:00","trace_id":""}
{"bucket":"test-bucket","component":"","level":"info","matching_prefix":"folder1/","message":"Prefix matched","object_key":"folder1/test.txt","operation":"","timestamp":"2025-08-26T01:17:55.613375-04:00","trace_id":""}
{"bucket":"test-bucket","component":"","level":"info","matching_prefix":"folder1/","message":"Prefix matched","object_key":"folder1/test.txt","operation":"","timestamp":"2025-08-26T01:17:55.613296-04:00","trace_id":""}
{"bucket":"test-bucket","component":"","level":"info","matching_prefix":"folder1/","message":"Prefix matched","object_key":"folder1/test.txt","operation":"","timestamp":"2025-08-26T01:17:55.613314-04:00","trace_id":""}
{"bucket":"test-bucket","component":"","level":"info","matching_prefix":"folder1/","message":"Prefix matched","object_key":"folder1/test.txt","operation":"","timestamp":"2025-08-26T01:17:55.613329-04:00","trace_id":""}
{"allowed":true,"bucket":"unknown-bucket","check_type":"unlisted_bucket","component":"","level":"info","message":"Checking unlisted bucket","object_key":"any/path.txt","operation":"","process_unlisted":true,"timestamp":"2025-08-26T01:17:55.613389-04:00","trace_id":""}
{"bucket":"test-bucket","component":"","level":"info","matching_prefix":"folder1/","message":"Prefix matched","object_key":"folder1/test.txt","operation":"","timestamp":"2025-08-26T01:17:55.613435-04:00","trace_id":""}
{"allowed":true,"bucket":"unknown-bucket","check_type":"unlisted_bucket","component":"","level":"info","message":"Checking unlisted bucket","object_key":"any/path.txt","operation":"","process_unlisted":true,"timestamp":"2025-08-26T01:17:55.613395-04:00","trace_id":""}
{"bucket":"test-bucket","component":"","level":"info","matching_prefix":"folder1/","message":"Prefix matched","object_key":"folder1/test.txt","operation":"","timestamp":"2025-08-26T01:17:55.613451-04:00","trace_id":""}
{"allowed":true,"bucket":"unknown-bucket","check_type":"unlisted_bucket","component":"","level":"info","message":"Checking unlisted bucket","object_key":"any/path.txt","operation":"","process_unlisted":true,"timestamp":"2025-08-26T01:17:55.61346-04:00","trace_id":""}
{"bucket":"test-bucket","component":"","level":"info","matching_prefix":"folder1/","message":"Prefix matched","object_key":"folder1/test.txt","operation":"","timestamp":"2025-08-26T01:17:55.61348-04:00","trace_id":""}
{"allowed":true,"bucket":"unknown-bucket","check_type":"unlisted_bucket","component":"","level":"info","message":"Checking unlisted bucket","object_key":"any/path.txt","operation":"","process_unlisted":true,"timestamp":"2025-08-26T01:17:55.613489-04:00","trace_id":""}
{"bucket":"test-bucket","component":"","level":"info","matching_prefix":"folder1/","message":"Prefix matched","object_key":"folder1/test.txt","operation":"","timestamp":"2025-08-26T01:17:55.613502-04:00","trace_id":""}
{"allowed":true,"bucket":"unknown-bucket","check_type":"unlisted_bucket","component":"","level":"info","message":"Checking unlisted bucket","object_key":"any/path.txt","operation":"","process_unlisted":true,"timestamp":"2025-08-26T01:17:55.613409-04:00","trace_id":""}
{"bucket":"test-bucket","component":"","level":"info","matching_prefix":"folder1/","message":"Prefix matched","object_key":"folder1/test.txt","operation":"","timestamp":"2025-08-26T01:17:55.613531-04:00","trace_id":""}
{"allowed":true,"bucket":"unknown-bucket","check_type":"unlisted_bucket","component":"","level":"info","message":"Checking unlisted bucket","object_key":"any/path.txt","operation":"","process_unlisted":true,"timestamp":"2025-08-26T01:17:55.613443-04:00","trace_id":""}
{"allowed":true,"bucket":"unknown-bucket","check_type":"unlisted_bucket","component":"","level":"info","message":"Checking unlisted bucket","object_key":"any/path.txt","operation":"","process_unlisted":true,"timestamp":"2025-08-26T01:17:55.613426-04:00","trace_id":""}
{"allowed":true,"bucket":"unknown-bucket","check_type":"unlisted_bucket","component":"","level":"info","message":"Checking unlisted bucket","object_key":"any/path.txt","operation":"","process_unlisted":true,"timestamp":"2025-08-26T01:17:55.613541-04:00","trace_id":""}
{"bucket":"test-bucket","component":"","level":"info","matching_prefix":"folder1/","message":"Prefix matched","object_key":"folder1/test.txt","operation":"","timestamp":"2025-08-26T01:17:55.612213-04:00","trace_id":""}
{"allowed":true,"bucket":"unknown-bucket","check_type":"unlisted_bucket","component":"","level":"info","message":"Checking unlisted bucket","object_key":"any/path.txt","operation":"","process_unlisted":true,"timestamp":"2025-08-26T01:17:55.613583-04:00","trace_id":""}
{"bucket":"test-bucket","component":"","level":"info","matching_prefix":"folder1/","message":"Prefix matched","object_key":"folder1/test.txt","operation":"","timestamp":"2025-08-26T01:17:55.613553-04:00","trace_id":""}
{"allowed":true,"bucket":"unknown-bucket","check_type":"unlisted_bucket","component":"","level":"info","message":"Checking unlisted bucket","object_key":"any/path.txt","operation":"","process_unlisted":true,"timestamp":"2025-08-26T01:17:55.613609-04:00","trace_id":""}
{"bucket":"test-bucket","component":"","level":"info","matching_prefix":"folder1/","message":"Prefix matched","object_key":"folder1/test.txt","operation":"","timestamp":"2025-08-26T01:17:55.613574-04:00","trace_id":""}
{"bucket":"test-bucket","component":"","level":"info","matching_prefix":"folder1/","message":"Prefix matched","object_key":"folder1/test.txt","operation":"","timestamp":"2025-08-26T01:17:55.613622-04:00","trace_id":""}
{"allowed":true,"bucket":"unknown-bucket","check_type":"unlisted_bucket","component":"","level":"info","message":"Checking unlisted bucket","object_key":"any/path.txt","operation":"","process_unlisted":true,"timestamp":"2025-08-26T01:17:55.613629-04:00","trace_id":""}
{"bucket":"test-bucket","component":"","level":"info","matching_prefix":"folder1/","message":"Prefix matched","object_key":"folder1/test.txt","operation":"","timestamp":"2025-08-26T01:17:55.61364-04:00","trace_id":""}
{"allowed":true,"bucket":"unknown-bucket","check_type":"unlisted_bucket","component":"","level":"info","message":"Checking unlisted bucket","object_key":"any/path.txt","operation":"","process_unlisted":true,"timestamp":"2025-08-26T01:17:55.613652-04:00","trace_id":""}
{"bucket":"test-bucket","component":"","level":"info","matching_prefix":"folder1/","message":"Prefix matched","object_key":"folder1/test.txt","operation":"","timestamp":"2025-08-26T01:17:55.613564-04:00","trace_id":""}
{"allowed":true,"bucket":"unknown-bucket","check_type":"unlisted_bucket","component":"","level":"info","message":"Checking unlisted bucket","object_key":"any/path.txt","operation":"","process_unlisted":true,"timestamp":"2025-08-26T01:17:55.613625-04:00","trace_id":""}
{"bucket":"test-bucket","component":"","level":"info","matching_prefix":"folder1/","message":"Prefix matched","object_key":"folder1/test.txt","operation":"","timestamp":"2025-08-26T01:17:55.613692-04:00","trace_id":""}
{"allowed":true,"bucket":"unknown-bucket","check_type":"unlisted_bucket","component":"","level":"info","message":"Checking unlisted bucket","object_key":"any/path.txt","operation":"","process_unlisted":true,"timestamp":"2025-08-26T01:17:55.61371-04:00","trace_id":""}
{"bucket":"test-bucket","component":"","level":"info","matching_prefix":"folder1/","message":"Prefix matched","object_key":"folder1/test.txt","operation":"","timestamp":"2025-08-26T01:17:55.613595-04:00","trace_id":""}
{"allowed":true,"bucket":"unknown-bucket","check_type":"unlisted_bucket","component":"","level":"info","message":"Checking unlisted bucket","object_key":"any/path.txt","operation":"","process_unlisted":true,"timestamp":"2025-08-26T01:17:55.613733-04:00","trace_id":""}
{"bucket":"test-bucket","component":"","level":"info","matching_prefix":"folder1/","message":"Prefix matched","object_key":"folder1/test.txt","operation":"","timestamp":"2025-08-26T01:17:55.613724-04:00","trace_id":""}
{"allowed":true,"bucket":"unknown-bucket","check_type":"unlisted_bucket","component":"","level":"info","message":"Checking unlisted bucket","object_key":"any/path.txt","operation":"","process_unlisted":true,"timestamp":"2025-08-26T01:17:55.613754-04:00","trace_id":""}
{"bucket":"test-bucket","component":"","level":"info","matching_prefix":"folder1/","message":"Prefix matched","object_key":"folder1/test.txt","operation":"","timestamp":"2025-08-26T01:17:55.613664-04:00","trace_id":""}
{"allowed":true,"bucket":"unknown-bucket","check_type":"unlisted_bucket","component":"","level":"info","message":"Checking unlisted bucket","object_key":"any/path.txt","operation":"","process_unlisted":true,"timestamp":"2025-08-26T01:17:55.613771-04:00","trace_id":""}
{"bucket":"test-bucket","component":"","level":"info","matching_prefix":"folder1/","message":"Prefix matched","object_key":"folder1/test.txt","operation":"","timestamp":"2025-08-26T01:17:55.613783-04:00","trace_id":""}
{"bucket":"test-bucket","component":"","level":"info","matching_prefix":"folder1/","message":"Prefix matched","object_key":"folder1/test.txt","operation":"","timestamp":"2025-08-26T01:17:55.613765-04:00","trace_id":""}
{"allowed":true,"bucket":"unknown-bucket","check_type":"unlisted_bucket","component":"","level":"info","message":"Checking unlisted bucket","object_key":"any/path.txt","operation":"","process_unlisted":true,"timestamp":"2025-08-26T01:17:55.613803-04:00","trace_id":""}
{"bucket":"test-bucket","component":"","level":"info","matching_prefix":"folder1/","message":"Prefix matched","object_key":"folder1/test.txt","operation":"","timestamp":"2025-08-26T01:17:55.613816-04:00","trace_id":""}
{"allowed":true,"bucket":"unknown-bucket","check_type":"unlisted_bucket","component":"","level":"info","message":"Checking unlisted bucket","object_key":"any/path.txt","operation":"","process_unlisted":true,"timestamp":"2025-08-26T01:17:55.613824-04:00","trace_id":""}
{"bucket":"test-bucket","component":"","level":"info","matching_prefix":"folder1/","message":"Prefix matched","object_key":"folder1/test.txt","operation":"","timestamp":"2025-08-26T01:17:55.613841-04:00","trace_id":""}
{"allowed":true,"bucket":"unknown-bucket","check_type":"unlisted_bucket","component":"","level":"info","message":"Checking unlisted bucket","object_key":"any/path.txt","operation":"","process_unlisted":true,"timestamp":"2025-08-26T01:17:55.613853-04:00","trace_id":""}
{"bucket":"test-bucket","component":"","level":"info","matching_prefix":"folder1/","message":"Prefix matched","object_key":"folder1/test.txt","operation":"","timestamp":"2025-08-26T01:17:55.613871-04:00","trace_id":""}
{"allowed":true,"bucket":"unknown-bucket","check_type":"unlisted_bucket","component":"","level":"info","message":"Checking unlisted bucket","object_key":"any/path.txt","operation":"","process_unlisted":true,"timestamp":"2025-08-26T01:17:55.613672-04:00","trace_id":""}
{"allowed":true,"bucket":"unknown-bucket","check_type":"unlisted_bucket","component":"","level":"info","message":"Checking unlisted bucket","object_key":"any/path.txt","operation":"","process_unlisted":true,"timestamp":"2025-08-26T01:17:55.613794-04:00","trace_id":""}
{"bucket":"test-bucket","component":"","level":"info","matching_prefix":"folder1/","message":"Prefix matched","object_key":"folder1/test.txt","operation":"","timestamp":"2025-08-26T01:17:55.613906-04:00","trace_id":""}
{"allowed":true,"bucket":"unknown-bucket","check_type":"unlisted_bucket","component":"","level":"info","message":"Checking unlisted bucket","object_key":"any/path.txt","operation":"","process_unlisted":true,"timestamp":"2025-08-26T01:17:55.613918-04:00","trace_id":""}
{"bucket":"test-bucket","component":"","level":"info","matching_prefix":"folder1/","message":"Prefix matched","object_key":"folder1/test.txt","operation":"","timestamp":"2025-08-26T01:17:55.613931-04:00","trace_id":""}
{"bucket":"test-bucket","component":"","level":"info","matching_prefix":"folder1/","message":"Prefix matched","object_key":"folder1/test.txt","operation":"","timestamp":"2025-08-26T01:17:55.613895-04:00","trace_id":""}
{"allowed":true,"bucket":"unknown-bucket","check_type":"unlisted_bucket","component":"","level":"info","message":"Checking unlisted bucket","object_key":"any/path.txt","operation":"","process_unlisted":true,"timestamp":"2025-08-26T01:17:55.613951-04:00","trace_id":""}
{"bucket":"test-bucket","component":"","level":"info","matching_prefix":"folder1/","message":"Prefix matched","object_key":"folder1/test.txt","operation":"","timestamp":"2025-08-26T01:17:55.613962-04:00","trace_id":""}
{"allowed":true,"bucket":"unknown-bucket","check_type":"unlisted_bucket","component":"","level":"info","message":"Checking unlisted bucket","object_key":"any/path.txt","operation":"","process_unlisted":true,"timestamp":"2025-08-26T01:17:55.61397-04:00","trace_id":""}
{"allowed":true,"bucket":"unknown-bucket","check_type":"unlisted_bucket","component":"","level":"info","message":"Checking unlisted bucket","object_key":"any/path.txt","operation":"","process_unlisted":true,"timestamp":"2025-08-26T01:17:55.613884-04:00","trace_id":""}
{"bucket":"test-bucket","component":"","level":"info","matching_prefix":"folder1/","message":"Prefix matched","object_key":"folder1/test.txt","operation":"","timestamp":"2025-08-26T01:17:55.613749-04:00","trace_id":""}
{"bucket":"test-bucket","component":"","level":"info","matching_prefix":"folder1/","message":"Prefix matched","object_key":"folder1/test.txt","operation":"","timestamp":"2025-08-26T01:17:55.613991-04:00","trace_id":""}
{"allowed":true,"bucket":"unknown-bucket","check_type":"unlisted_bucket","component":"","level":"info","message":"Checking unlisted bucket","object_key":"any/path.txt","operation":"","process_unlisted":true,"timestamp":"2025-08-26T01:17:55.613941-04:00","trace_id":""}
{"bucket":"test-bucket","component":"","level":"info","matching_prefix":"folder1/","message":"Prefix matched","object_key":"folder1/test.txt","operation":"","timestamp":"2025-08-26T01:17:55.614015-04:00","trace_id":""}
{"bucket":"test-bucket","component":"","level":"info","matching_prefix":"folder1/","message":"Prefix matched","object_key":"folder1/test.txt","operation":"","timestamp":"2025-08-26T01:17:55.613979-04:00","trace_id":""}
{"allowed":true,"bucket":"unknown-bucket","check_type":"unlisted_bucket","component":"","level":"info","message":"Checking unlisted bucket","object_key":"any/path.txt","operation":"","process_unlisted":true,"timestamp":"2025-08-26T01:17:55.614001-04:00","trace_id":""}
{"bucket":"test-bucket","component":"","level":"info","matching_prefix":"folder1/","message":"Prefix matched","object_key":"folder1/test.txt","operation":"","timestamp":"2025-08-26T01:17:55.609433-04:00","trace_id":""}
{"allowed":true,"bucket":"unknown-bucket","check_type":"unlisted_bucket","component":"","level":"info","message":"Checking unlisted bucket","object_key":"any/path.txt","operation":"","process_unlisted":true,"timestamp":"2025-08-26T01:17:55.614066-04:00","trace_id":""}
{"allowed":true,"bucket":"unknown-bucket","check_type":"unlisted_bucket","component":"","level":"info","message":"Checking unlisted bucket","object_key":"any/path.txt","operation":"","process_unlisted":true,"timestamp":"2025-08-26T01:17:55.61403-04:00","trace_id":""}
{"bucket":"test-bucket","component":"","level":"info","matching_prefix":"folder1/","message":"Prefix matched","object_key":"folder1/test.txt","operation":"","timestamp":"2025-08-26T01:17:55.614087-04:00","trace_id":""}
{"allowed":true,"bucket":"unknown-bucket","check_type":"unlisted_bucket","component":"","level":"info","message":"Checking unlisted bucket","object_key":"any/path.txt","operation":"","process_unlisted":true,"timestamp":"2025-08-26T01:17:55.614101-04:00","trace_id":""}
{"allowed":true,"bucket":"unknown-bucket","check_type":"unlisted_bucket","component":"","level":"info","message":"Checking unlisted bucket","object_key":"any/path.txt","operation":"","process_unlisted":true,"timestamp":"2025-08-26T01:17:55.614042-04:00","trace_id":""}
{"bucket":"test-bucket","component":"","level":"info","matching_prefix":"folder1/","message":"Prefix matched","object_key":"folder1/test.txt","operation":"","timestamp":"2025-08-26T01:17:55.614081-04:00","trace_id":""}
{"allowed":true,"bucket":"unknown-bucket","check_type":"unlisted_bucket","component":"","level":"info","message":"Checking unlisted bucket","object_key":"any/path.txt","operation":"","process_unlisted":true,"timestamp":"2025-08-26T01:17:55.614134-04:00","trace_id":""}
{"bucket":"test-bucket","component":"","level":"info","matching_prefix":"folder1/","message":"Prefix matched","object_key":"folder1/test.txt","operation":"","timestamp":"2025-08-26T01:17:55.614113-04:00","trace_id":""}
{"allowed":true,"bucket":"unknown-bucket","check_type":"unlisted_bucket","component":"","level":"info","message":"Checking unlisted bucket","object_key":"any/path.txt","operation":"","process_unlisted":true,"timestamp":"2025-08-26T01:17:55.614161-04:00","trace_id":""}
{"bucket":"test-bucket","component":"","level":"info","matching_prefix":"folder1/","message":"Prefix matched","object_key":"folder1/test.txt","operation":"","timestamp":"2025-08-26T01:17:55.614176-04:00","trace_id":""}
{"allowed":true,"bucket":"unknown-bucket","check_type":"unlisted_bucket","component":"","level":"info","message":"Checking unlisted bucket","object_key":"any/path.txt","operation":"","process_unlisted":true,"timestamp":"2025-08-26T01:17:55.614186-04:00","trace_id":""}
{"bucket":"test-bucket","component":"","level":"info","matching_prefix":"folder1/","message":"Prefix matched","object_key":"folder1/test.txt","operation":"","timestamp":"2025-08-26T01:17:55.614195-04:00","trace_id":""}
{"allowed":true,"bucket":"unknown-bucket","check_type":"unlisted_bucket","component":"","level":"info","message":"Checking unlisted bucket","object_key":"any/path.txt","operation":"","process_unlisted":true,"timestamp":"2025-08-26T01:17:55.614205-04:00","trace_id":""}
{"bucket":"test-bucket","component":"","level":"info","matching_prefix":"folder1/","message":"Prefix matched","object_key":"folder1/test.txt","operation":"","timestamp":"2025-08-26T01:17:55.61412-04:00","trace_id":""}
{"bucket":"test-bucket","component":"","level":"info","matching_prefix":"folder1/","message":"Prefix matched","object_key":"folder1/test.txt","operation":"","timestamp":"2025-08-26T01:17:55.614147-04:00","trace_id":""}
{"allowed":true,"bucket":"unknown-bucket","check_type":"unlisted_bucket","component":"","level":"info","message":"Checking unlisted bucket","object_key":"any/path.txt","operation":"","process_unlisted":true,"timestamp":"2025-08-26T01:17:55.614238-04:00","trace_id":""}
{"bucket":"test-bucket","component":"","level":"info","matching_prefix":"folder1/","message":"Prefix matched","object_key":"folder1/test.txt","operation":"","timestamp":"2025-08-26T01:17:55.614249-04:00","trace_id":""}
{"allowed":true,"bucket":"unknown-bucket","check_type":"unlisted_bucket","component":"","level":"info","message":"Checking unlisted bucket","object_key":"any/path.txt","operation":"","process_unlisted":true,"timestamp":"2025-08-26T01:17:55.614258-04:00","trace_id":""}
{"bucket":"test-bucket","component":"","level":"info","matching_prefix":"folder1/","message":"Prefix matched","object_key":"folder1/test.txt","operation":"","timestamp":"2025-08-26T01:17:55.614217-04:00","trace_id":""}
{"allowed":true,"bucket":"unknown-bucket","check_type":"unlisted_bucket","component":"","level":"info","message":"Checking unlisted bucket","object_key":"any/path.txt","operation":"","process_unlisted":true,"timestamp":"2025-08-26T01:17:55.614229-04:00","trace_id":""}
{"bucket":"test-bucket","component":"","level":"info","matching_prefix":"folder1/","message":"Prefix matched","object_key":"folder1/test.txt","operation":"","timestamp":"2025-08-26T01:17:55.614293-04:00","trace_id":""}
{"allowed":true,"bucket":"unknown-bucket","check_type":"unlisted_bucket","component":"","level":"info","message":"Checking unlisted bucket","object_key":"any/path.txt","operation":"","process_unlisted":true,"timestamp":"2025-08-26T01:17:55.614307-04:00","trace_id":""}
{"bucket":"test-bucket","component":"","level":"info","matching_prefix":"folder1/","message":"Prefix matched","object_key":"folder1/test.txt","operation":"","timestamp":"2025-08-26T01:17:55.614268-04:00","trace_id":""}
{"allowed":true,"bucket":"unknown-bucket","check_type":"unlisted_bucket","component":"","level":"info","message":"Checking unlisted bucket","object_key":"any/path.txt","operation":"","process_unlisted":true,"timestamp":"2025-08-26T01:17:55.614276-04:00","trace_id":""}
{"allowed":true,"bucket":"unknown-bucket","check_type":"unlisted_bucket","component":"","level":"info","message":"Checking unlisted bucket","object_key":"any/path.txt","operation":"","process_unlisted":true,"timestamp":"2025-08-26T01:17:55.613513-04:00","trace_id":""}
{"bucket":"test-bucket","component":"","level":"info","matching_prefix":"folder1/","message":"Prefix matched","object_key":"folder1/test.txt","operation":"","timestamp":"2025-08-26T01:17:55.614354-04:00","trace_id":""}
{"allowed":true,"bucket":"unknown-bucket","check_type":"unlisted_bucket","component":"","level":"info","message":"Checking unlisted bucket","object_key":"any/path.txt","operation":"","process_unlisted":true,"timestamp":"2025-08-26T01:17:55.614364-04:00","trace_id":""}
{"bucket":"test-bucket","component":"","level":"info","matching_prefix":"folder1/","message":"Prefix matched","object_key":"folder1/test.txt","operation":"","timestamp":"2025-08-26T01:17:55.614323-04:00","trace_id":""}
{"allowed":true,"bucket":"unknown-bucket","check_type":"unlisted_bucket","component":"","level":"info","message":"Checking unlisted bucket","object_key":"any/path.txt","operation":"","process_unlisted":true,"timestamp":"2025-08-26T01:17:55.614381-04:00","trace_id":""}
{"allowed":true,"bucket":"unknown-bucket","check_type":"unlisted_bucket","component":"","level":"info","message":"Checking unlisted bucket","object_key":"any/path.txt","operation":"","process_unlisted":true,"timestamp":"2025-08-26T01:17:55.61433-04:00","trace_id":""}
{"bucket":"test-bucket","component":"","level":"info","matching_prefix":"folder1/","message":"Prefix matched","object_key":"folder1/test.txt","operation":"","timestamp":"2025-08-26T01:17:55.614398-04:00","trace_id":""}
{"allowed":true,"bucket":"unknown-bucket","check_type":"unlisted_bucket","component":"","level":"info","message":"Checking unlisted bucket","object_key":"any/path.txt","operation":"","process_unlisted":true,"timestamp":"2025-08-26T01:17:55.614405-04:00","trace_id":""}
{"bucket":"test-bucket","component":"","level":"info","matching_prefix":"folder1/","message":"Prefix matched","object_key":"folder1/test.txt","operation":"","timestamp":"2025-08-26T01:17:55.614419-04:00","trace_id":""}
{"bucket":"test-bucket","component":"","level":"info","matching_prefix":"folder1/","message":"Prefix matched","object_key":"folder1/test.txt","operation":"","timestamp":"2025-08-26T01:17:55.614375-04:00","trace_id":""}
{"bucket":"test-bucket","component":"","level":"info","matching_prefix":"folder1/","message":"Prefix matched","object_key":"folder1/test.txt","operation":"","timestamp":"2025-08-26T01:17:55.61439-04:00","trace_id":""}
{"bucket":"test-bucket","component":"","level":"info","matching_prefix":"folder1/","message":"Prefix matched","object_key":"folder1/test.txt","operation":"","timestamp":"2025-08-26T01:17:55.614343-04:00","trace_id":""}
{"allowed":true,"bucket":"unknown-bucket","check_type":"unlisted_bucket","component":"","level":"info","message":"Checking unlisted bucket","object_key":"any/path.txt","operation":"","process_unlisted":true,"timestamp":"2025-08-26T01:17:55.614463-04:00","trace_id":""}
{"bucket":"test-bucket","component":"","level":"info","matching_prefix":"folder1/","message":"Prefix matched","object_key":"folder1/test.txt","operation":"","timestamp":"2025-08-26T01:17:55.614477-04:00","trace_id":""}
{"allowed":true,"bucket":"unknown-bucket","check_type":"unlisted_bucket","component":"","level":"info","message":"Checking unlisted bucket","object_key":"any/path.txt","operation":"","process_unlisted":true,"timestamp":"2025-08-26T01:17:55.614485-04:00","trace_id":""}
{"bucket":"test-bucket","component":"","level":"info","matching_prefix":"folder1/","message":"Prefix matched","object_key":"folder1/test.txt","operation":"","timestamp":"2025-08-26T01:17:55.614496-04:00","trace_id":""}
{"allowed":true,"bucket":"unknown-bucket","check_type":"unlisted_bucket","component":"","level":"info","message":"Checking unlisted bucket","object_key":"any/path.txt","operation":"","process_unlisted":true,"timestamp":"2025-08-26T01:17:55.614503-04:00","trace_id":""}
{"bucket":"test-bucket","component":"","level":"info","matching_prefix":"folder1/","message":"Prefix matched","object_key":"folder1/test.txt","operation":"","timestamp":"2025-08-26T01:17:55.614512-04:00","trace_id":""}
{"allowed":true,"bucket":"unknown-bucket","check_type":"unlisted_bucket","component":"","level":"info","message":"Checking unlisted bucket","object_key":"any/path.txt","operation":"","process_unlisted":true,"timestamp":"2025-08-26T01:17:55.614427-04:00","trace_id":""}
{"allowed":true,"bucket":"unknown-bucket","check_type":"unlisted_bucket","component":"","level":"info","message":"Checking unlisted bucket","object_key":"any/path.txt","operation":"","process_unlisted":true,"timestamp":"2025-08-26T01:17:55.614435-04:00","trace_id":""}
{"allowed":true,"bucket":"unknown-bucket","check_type":"unlisted_bucket","component":"","level":"info","message":"Checking unlisted bucket","object_key":"any/path.txt","operation":"","process_unlisted":true,"timestamp":"2025-08-26T01:17:55.614523-04:00","trace_id":""}
{"allowed":true,"bucket":"unknown-bucket","check_type":"unlisted_bucket","component":"","level":"info","message":"Checking unlisted bucket","object_key":"any/path.txt","operation":"","process_unlisted":true,"timestamp":"2025-08-26T01:17:55.61445-04:00","trace_id":""}
{"bucket":"test-bucket","component":"","level":"info","matching_prefix":"folder1/","message":"Prefix matched","object_key":"folder1/test.txt","operation":"","timestamp":"2025-08-26T01:17:55.614544-04:00","trace_id":""}
{"allowed":true,"bucket":"unknown-bucket","check_type":"unlisted_bucket","component":"","level":"info","message":"Checking unlisted bucket","object_key":"any/path.txt","operation":"","process_unlisted":true,"timestamp":"2025-08-26T01:17:55.614581-04:00","trace_id":""}
{"bucket":"test-bucket","component":"","level":"info","matching_prefix":"folder1/","message":"Prefix matched","object_key":"folder1/test.txt","operation":"","timestamp":"2025-08-26T01:17:55.614592-04:00","trace_id":""}
{"allowed":true,"bucket":"unknown-bucket","check_type":"unlisted_bucket","component":"","level":"info","message":"Checking unlisted bucket","object_key":"any/path.txt","operation":"","process_unlisted":true,"timestamp":"2025-08-26T01:17:55.6146-04:00","trace_id":""}
{"bucket":"test-bucket","component":"","level":"info","matching_prefix":"folder1/","message":"Prefix matched","object_key":"folder1/test.txt","operation":"","timestamp":"2025-08-26T01:17:55.614571-04:00","trace_id":""}
{"allowed":true,"bucket":"unknown-bucket","check_type":"unlisted_bucket","component":"","level":"info","message":"Checking unlisted bucket","object_key":"any/path.txt","operation":"","process_unlisted":true,"timestamp":"2025-08-26T01:17:55.614624-04:00","trace_id":""}
{"bucket":"test-bucket","component":"","level":"info","matching_prefix":"folder1/","message":"Prefix matched","object_key":"folder1/test.txt","operation":"","timestamp":"2025-08-26T01:17:55.614641-04:00","trace_id":""}
{"bucket":"test-bucket","component":"","level":"info","matching_prefix":"folder1/","message":"Prefix matched","object_key":"folder1/test.txt","operation":"","timestamp":"2025-08-26T01:17:55.614535-04:00","trace_id":""}
{"bucket":"test-bucket","component":"","level":"info","matching_prefix":"folder1/","message":"Prefix matched","object_key":"folder1/test.txt","operation":"","timestamp":"2025-08-26T01:17:55.614559-04:00","trace_id":""}
{"allowed":true,"bucket":"unknown-bucket","check_type":"unlisted_bucket","component":"","level":"info","message":"Checking unlisted bucket","object_key":"any/path.txt","operation":"","process_unlisted":true,"timestamp":"2025-08-26T01:17:55.614674-04:00","trace_id":""}
{"bucket":"test-bucket","component":"","level":"info","matching_prefix":"folder1/","message":"Prefix matched","object_key":"folder1/test.txt","operation":"","timestamp":"2025-08-26T01:17:55.614685-04:00","trace_id":""}
{"allowed":true,"bucket":"unknown-bucket","check_type":"unlisted_bucket","component":"","level":"info","message":"Checking unlisted bucket","object_key":"any/path.txt","operation":"","process_unlisted":true,"timestamp":"2025-08-26T01:17:55.614693-04:00","trace_id":""}
{"allowed":true,"bucket":"unknown-bucket","check_type":"unlisted_bucket","component":"","level":"info","message":"Checking unlisted bucket","object_key":"any/path.txt","operation":"","process_unlisted":true,"timestamp":"2025-08-26T01:17:55.614654-04:00","trace_id":""}
{"bucket":"test-bucket","component":"","level":"info","matching_prefix":"folder1/","message":"Prefix matched","object_key":"folder1/test.txt","operation":"","timestamp":"2025-08-26T01:17:55.61461-04:00","trace_id":""}
{"allowed":true,"bucket":"unknown-bucket","check_type":"unlisted_bucket","component":"","level":"info","message":"Checking unlisted bucket","object_key":"any/path.txt","operation":"","process_unlisted":true,"timestamp":"2025-08-26T01:17:55.613996-04:00","trace_id":""}
{"bucket":"test-bucket","component":"","level":"info","matching_prefix":"folder1/","message":"Prefix matched","object_key":"folder1/test.txt","operation":"","timestamp":"2025-08-26T01:17:55.614711-04:00","trace_id":""}
{"allowed":true,"bucket":"unknown-bucket","check_type":"unlisted_bucket","component":"","level":"info","message":"Checking unlisted bucket","object_key":"any/path.txt","operation":"","process_unlisted":true,"timestamp":"2025-08-26T01:17:55.614742-04:00","trace_id":""}
{"allowed":true,"bucket":"unknown-bucket","check_type":"unlisted_bucket","component":"","level":"info","message":"Checking unlisted bucket","object_key":"any/path.txt","operation":"","process_unlisted":true,"timestamp":"2025-08-26T01:17:55.614717-04:00","trace_id":""}
{"bucket":"test-bucket","component":"","level":"info","matching_prefix":"folder1/","message":"Prefix matched","object_key":"folder1/test.txt","operation":"","timestamp":"2025-08-26T01:17:55.614763-04:00","trace_id":""}
{"allowed":true,"bucket":"unknown-bucket","check_type":"unlisted_bucket","component":"","level":"info","message":"Checking unlisted bucket","object_key":"any/path.txt","operation":"","process_unlisted":true,"timestamp":"2025-08-26T01:17:55.614772-04:00","trace_id":""}
{"bucket":"test-bucket","component":"","level":"info","matching_prefix":"folder1/","message":"Prefix matched","object_key":"folder1/test.txt","operation":"","timestamp":"2025-08-26T01:17:55.614783-04:00","trace_id":""}
{"allowed":true,"bucket":"unknown-bucket","check_type":"unlisted_bucket","component":"","level":"info","message":"Checking unlisted bucket","object_key":"any/path.txt","operation":"","process_unlisted":true,"timestamp":"2025-08-26T01:17:55.614793-04:00","trace_id":""}
{"bucket":"test-bucket","component":"","level":"info","matching_prefix":"folder1/","message":"Prefix matched","object_key":"folder1/test.txt","operation":"","timestamp":"2025-08-26T01:17:55.614804-04:00","trace_id":""}
{"allowed":true,"bucket":"unknown-bucket","check_type":"unlisted_bucket","component":"","level":"info","message":"Checking unlisted bucket","object_key":"any/path.txt","operation":"","process_unlisted":true,"timestamp":"2025-08-26T01:17:55.614813-04:00","trace_id":""}
{"bucket":"test-bucket","component":"","level":"info","matching_prefix":"folder1/","message":"Prefix matched","object_key":"folder1/test.txt","operation":"","timestamp":"2025-08-26T01:17:55.614823-04:00","trace_id":""}
{"allowed":true,"bucket":"unknown-bucket","check_type":"unlisted_bucket","component":"","level":"info","message":"Checking unlisted bucket","object_key":"any/path.txt","operation":"","process_unlisted":true,"timestamp":"2025-08-26T01:17:55.614829-04:00","trace_id":""}
{"bucket":"test-bucket","component":"","level":"info","matching_prefix":"folder1/","message":"Prefix matched","object_key":"folder1/test.txt","operation":"","timestamp":"2025-08-26T01:17:55.614838-04:00","trace_id":""}
{"allowed":true,"bucket":"unknown-bucket","check_type":"unlisted_bucket","component":"","level":"info","message":"Checking unlisted bucket","object_key":"any/path.txt","operation":"","process_unlisted":true,"timestamp":"2025-08-26T01:17:55.614848-04:00","trace_id":""}
{"bucket":"test-bucket","component":"","level":"info","matching_prefix":"folder1/","message":"Prefix matched","object_key":"folder1/test.txt","operation":"","timestamp":"2025-08-26T01:17:55.614856-04:00","trace_id":""}
{"bucket":"test-bucket","component":"","level":"info","matching_prefix":"folder1/","message":"Prefix matched","object_key":"folder1/test.txt","operation":"","timestamp":"2025-08-26T01:17:55.614702-04:00","trace_id":""}
{"allowed":true,"bucket":"unknown-bucket","check_type":"unlisted_bucket","component":"","level":"info","message":"Checking unlisted bucket","object_key":"any/path.txt","operation":"","process_unlisted":true,"timestamp":"2025-08-26T01:17:55.61487-04:00","trace_id":""}
{"bucket":"test-bucket","component":"","level":"info","matching_prefix":"folder1/","message":"Prefix matched","object_key":"folder1/test.txt","operation":"","timestamp":"2025-08-26T01:17:55.614882-04:00","trace_id":""}
{"allowed":true,"bucket":"unknown-bucket","check_type":"unlisted_bucket","component":"","level":"info","message":"Checking unlisted bucket","object_key":"any/path.txt","operation":"","process_unlisted":true,"timestamp":"2025-08-26T01:17:55.614891-04:00","trace_id":""}
{"bucket":"test-bucket","component":"","level":"info","matching_prefix":"folder1/","message":"Prefix matched","object_key":"folder1/test.txt","operation":"","timestamp":"2025-08-26T01:17:55.614905-04:00","trace_id":""}
{"allowed":true,"bucket":"unknown-bucket","check_type":"unlisted_bucket","component":"","level":"info","message":"Checking unlisted bucket","object_key":"any/path.txt","operation":"","process_unlisted":true,"timestamp":"2025-08-26T01:17:55.614915-04:00","trace_id":""}
{"allowed":true,"bucket":"unknown-bucket","check_type":"unlisted_bucket","component":"","level":"info","message":"Checking unlisted bucket","object_key":"any/path.txt","operation":"","process_unlisted":true,"timestamp":"2025-08-26T01:17:55.614863-04:00","trace_id":""}
{"bucket":"test-bucket","component":"","level":"info","matching_prefix":"folder1/","message":"Prefix matched","object_key":"folder1/test.txt","operation":"","timestamp":"2025-08-26T01:17:55.614753-04:00","trace_id":""}
{"allowed":true,"bucket":"unknown-bucket","check_type":"unlisted_bucket","component":"","level":"info","message":"Checking unlisted bucket","object_key":"any/path.txt","operation":"","process_unlisted":true,"timestamp":"2025-08-26T01:17:55.614941-04:00","trace_id":""}
{"bucket":"test-bucket","component":"","level":"info","matching_prefix":"folder1/","message":"Prefix matched","object_key":"folder1/test.txt","operation":"","timestamp":"2025-08-26T01:17:55.614932-04:00","trace_id":""}
{"allowed":true,"bucket":"unknown-bucket","check_type":"unlisted_bucket","component":"","level":"info","message":"Checking unlisted bucket","object_key":"any/path.txt","operation":"","process_unlisted":true,"timestamp":"2025-08-26T01:17:55.614956-04:00","trace_id":""}
{"bucket":"test-bucket","component":"","level":"info","matching_prefix":"folder1/","message":"Prefix matched","object_key":"folder1/test.txt","operation":"","timestamp":"2025-08-26T01:17:55.614923-04:00","trace_id":""}
{"allowed":true,"bucket":"unknown-bucket","check_type":"unlisted_bucket","component":"","level":"info","message":"Checking unlisted bucket","object_key":"any/path.txt","operation":"","process_unlisted":true,"timestamp":"2025-08-26T01:17:55.614976-04:00","trace_id":""}
{"bucket":"test-bucket","component":"","level":"info","matching_prefix":"folder1/","message":"Prefix matched","object_key":"folder1/test.txt","operation":"","timestamp":"2025-08-26T01:17:55.614985-04:00","trace_id":""}
{"bucket":"test-bucket","component":"","level":"info","matching_prefix":"folder1/","message":"Prefix matched","object_key":"folder1/test.txt","operation":"","timestamp":"2025-08-26T01:17:55.614952-04:00","trace_id":""}
{"allowed":true,"bucket":"unknown-bucket","check_type":"unlisted_bucket","component":"","level":"info","message":"Checking unlisted bucket","object_key":"any/path.txt","operation":"","process_unlisted":true,"timestamp":"2025-08-26T01:17:55.615002-04:00","trace_id":""}
{"bucket":"test-bucket","component":"","level":"info","matching_prefix":"folder1/","message":"Prefix matched","object_key":"folder1/test.txt","operation":"","timestamp":"2025-08-26T01:17:55.614733-04:00","trace_id":""}
{"allowed":true,"bucket":"unknown-bucket","check_type":"unlisted_bucket","component":"","level":"info","message":"Checking unlisted bucket","object_key":"any/path.txt","operation":"","process_unlisted":true,"timestamp":"2025-08-26T01:17:55.614992-04:00","trace_id":""}
{"bucket":"test-bucket","component":"","level":"info","matching_prefix":"folder1/","message":"Prefix matched","object_key":"folder1/test.txt","operation":"","timestamp":"2025-08-26T01:17:55.615044-04:00","trace_id":""}
{"bucket":"test-bucket","component":"","level":"info","matching_prefix":"folder1/","message":"Prefix matched","object_key":"folder1/test.txt","operation":"","timestamp":"2025-08-26T01:17:55.614966-04:00","trace_id":""}
{"allowed":true,"bucket":"unknown-bucket","check_type":"unlisted_bucket","component":"","level":"info","message":"Checking unlisted bucket","object_key":"any/path.txt","operation":"","process_unlisted":true,"timestamp":"2025-08-26T01:17:55.61506-04:00","trace_id":""}
{"bucket":"test-bucket","component":"","level":"info","matching_prefix":"folder1/","message":"Prefix matched","object_key":"folder1/test.txt","operation":"","timestamp":"2025-08-26T01:17:55.615073-04:00","trace_id":""}
{"allowed":true,"bucket":"unknown-bucket","check_type":"unlisted_bucket","component":"","level":"info","message":"Checking unlisted bucket","object_key":"any/path.txt","operation":"","process_unlisted":true,"timestamp":"2025-08-26T01:17:55.615083-04:00","trace_id":""}
{"allowed":true,"bucket":"unknown-bucket","check_type":"unlisted_bucket","component":"","level":"info","message":"Checking unlisted bucket","object_key":"any/path.txt","operation":"","process_unlisted":true,"timestamp":"2025-08-26T01:17:55.615036-04:00","trace_id":""}
{"bucket":"test-bucket","component":"","level":"info","matching_prefix":"folder1/","message":"Prefix matched","object_key":"folder1/test.txt","operation":"","timestamp":"2025-08-26T01:17:55.615105-04:00","trace_id":""}
{"allowed":true,"bucket":"unknown-bucket","check_type":"unlisted_bucket","component":"","level":"info","message":"Checking unlisted bucket","object_key":"any/path.txt","operation":"","process_unlisted":true,"timestamp":"2025-08-26T01:17:55.615117-04:00","trace_id":""}
{"bucket":"test-bucket","component":"","level":"info","matching_prefix":"folder1/","message":"Prefix matched","object_key":"folder1/test.txt","operation":"","timestamp":"2025-08-26T01:17:55.61513-04:00","trace_id":""}
{"allowed":true,"bucket":"unknown-bucket","check_type":"unlisted_bucket","component":"","level":"info","message":"Checking unlisted bucket","object_key":"any/path.txt","operation":"","process_unlisted":true,"timestamp":"2025-08-26T01:17:55.615139-04:00","trace_id":""}
{"bucket":"test-bucket","component":"","level":"info","matching_prefix":"folder1/","message":"Prefix matched","object_key":"folder1/test.txt","operation":"","timestamp":"2025-08-26T01:17:55.61515-04:00","trace_id":""}
{"allowed":true,"bucket":"unknown-bucket","check_type":"unlisted_bucket","component":"","level":"info","message":"Checking unlisted bucket","object_key":"any/path.txt","operation":"","process_unlisted":true,"timestamp":"2025-08-26T01:17:55.615063-04:00","trace_id":""}
{"bucket":"test-bucket","component":"","level":"info","matching_prefix":"folder1/","message":"Prefix matched","object_key":"folder1/test.txt","operation":"","timestamp":"2025-08-26T01:17:55.615176-04:00","trace_id":""}
{"allowed":true,"bucket":"unknown-bucket","check_type":"unlisted_bucket","component":"","level":"info","message":"Checking unlisted bucket","object_key":"any/path.txt","operation":"","process_unlisted":true,"timestamp":"2025-08-26T01:17:55.615184-04:00","trace_id":""}
{"bucket":"test-bucket","component":"","level":"info","matching_prefix":"folder1/","message":"Prefix matched","object_key":"folder1/test.txt","operation":"","timestamp":"2025-08-26T01:17:55.615095-04:00","trace_id":""}
{"allowed":true,"bucket":"unknown-bucket","check_type":"unlisted_bucket","component":"","level":"info","message":"Checking unlisted bucket","object_key":"any/path.txt","operation":"","process_unlisted":true,"timestamp":"2025-08-26T01:17:55.615208-04:00","trace_id":""}
{"bucket":"test-bucket","component":"","level":"info","matching_prefix":"folder1/","message":"Prefix matched","object_key":"folder1/test.txt","operation":"","timestamp":"2025-08-26T01:17:55.61522-04:00","trace_id":""}
{"bucket":"test-bucket","component":"","level":"info","matching_prefix":"folder1/","message":"Prefix matched","object_key":"folder1/test.txt","operation":"","timestamp":"2025-08-26T01:17:55.615196-04:00","trace_id":""}
{"allowed":true,"bucket":"unknown-bucket","check_type":"unlisted_bucket","component":"","level":"info","message":"Checking unlisted bucket","object_key":"any/path.txt","operation":"","process_unlisted":true,"timestamp":"2025-08-26T01:17:55.615251-04:00","trace_id":""}
{"bucket":"test-bucket","component":"","level":"info","matching_prefix":"folder1/","message":"Prefix matched","object_key":"folder1/test.txt","operation":"","timestamp":"2025-08-26T01:17:55.615263-04:00","trace_id":""}
{"allowed":true,"bucket":"unknown-bucket","check_type":"unlisted_bucket","component":"","level":"info","message":"Checking unlisted bucket","object_key":"any/path.txt","operation":"","process_unlisted":true,"timestamp":"2025-08-26T01:17:55.615271-04:00","trace_id":""}
{"bucket":"test-bucket","component":"","level":"info","matching_prefix":"folder1/","message":"Prefix matched","object_key":"folder1/test.txt","operation":"","timestamp":"2025-08-26T01:17:55.615281-04:00","trace_id":""}
{"allowed":true,"bucket":"unknown-bucket","check_type":"unlisted_bucket","component":"","level":"info","message":"Checking unlisted bucket","object_key":"any/path.txt","operation":"","process_unlisted":true,"timestamp":"2025-08-26T01:17:55.615287-04:00","trace_id":""}
{"bucket":"test-bucket","component":"","level":"info","matching_prefix":"folder1/","message":"Prefix matched","object_key":"folder1/test.txt","operation":"","timestamp":"2025-08-26T01:17:55.615014-04:00","trace_id":""}
{"bucket":"test-bucket","component":"","level":"info","matching_prefix":"folder1/","message":"Prefix matched","object_key":"folder1/test.txt","operation":"","timestamp":"2025-08-26T01:17:55.615296-04:00","trace_id":""}
{"allowed":true,"bucket":"unknown-bucket","check_type":"unlisted_bucket","component":"","level":"info","message":"Checking unlisted bucket","object_key":"any/path.txt","operation":"","process_unlisted":true,"timestamp":"2025-08-26T01:17:55.615304-04:00","trace_id":""}
{"allowed":true,"bucket":"unknown-bucket","check_type":"unlisted_bucket","component":"","level":"info","message":"Checking unlisted bucket","object_key":"any/path.txt","operation":"","process_unlisted":true,"timestamp":"2025-08-26T01:17:55.615253-04:00","trace_id":""}
{"bucket":"test-bucket","component":"","level":"info","matching_prefix":"folder1/","message":"Prefix matched","object_key":"folder1/test.txt","operation":"","timestamp":"2025-08-26T01:17:55.615315-04:00","trace_id":""}
{"allowed":true,"bucket":"unknown-bucket","check_type":"unlisted_bucket","component":"","level":"info","message":"Checking unlisted bucket","object_key":"any/path.txt","operation":"","process_unlisted":true,"timestamp":"2025-08-26T01:17:55.615326-04:00","trace_id":""}
{"bucket":"test-bucket","component":"","level":"info","matching_prefix":"folder1/","message":"Prefix matched","object_key":"folder1/test.txt","operation":"","timestamp":"2025-08-26T01:17:55.615338-04:00","trace_id":""}
{"bucket":"test-bucket","component":"","level":"info","matching_prefix":"folder1/","message":"Prefix matched","object_key":"folder1/test.txt","operation":"","timestamp":"2025-08-26T01:17:55.615319-04:00","trace_id":""}
{"allowed":true,"bucket":"unknown-bucket","check_type":"unlisted_bucket","component":"","level":"info","message":"Checking unlisted bucket","object_key":"any/path.txt","operation":"","process_unlisted":true,"timestamp":"2025-08-26T01:17:55.615351-04:00","trace_id":""}
{"allowed":true,"bucket":"unknown-bucket","check_type":"unlisted_bucket","component":"","level":"info","message":"Checking unlisted bucket","object_key":"any/path.txt","operation":"","process_unlisted":true,"timestamp":"2025-08-26T01:17:55.612842-04:00","trace_id":""}
{"bucket":"test-bucket","component":"","level":"info","matching_prefix":"folder1/","message":"Prefix matched","object_key":"folder1/test.txt","operation":"","timestamp":"2025-08-26T01:17:55.615374-04:00","trace_id":""}
{"allowed":true,"bucket":"unknown-bucket","check_type":"unlisted_bucket","component":"","level":"info","message":"Checking unlisted bucket","object_key":"any/path.txt","operation":"","process_unlisted":true,"timestamp":"2025-08-26T01:17:55.615385-04:00","trace_id":""}
{"allowed":true,"bucket":"unknown-bucket","check_type":"unlisted_bucket","component":"","level":"info","message":"Checking unlisted bucket","object_key":"any/path.txt","operation":"","process_unlisted":true,"timestamp":"2025-08-26T01:17:55.615354-04:00","trace_id":""}
{"allowed":true,"bucket":"unknown-bucket","check_type":"unlisted_bucket","component":"","level":"info","message":"Checking unlisted bucket","object_key":"any/path.txt","operation":"","process_unlisted":true,"timestamp":"2025-08-26T01:17:55.6153-04:00","trace_id":""}
{"bucket":"test-bucket","component":"","level":"info","matching_prefix":"folder1/","message":"Prefix matched","object_key":"folder1/test.txt","operation":"","timestamp":"2025-08-26T01:17:55.615421-04:00","trace_id":""}
{"allowed":true,"bucket":"unknown-bucket","check_type":"unlisted_bucket","component":"","level":"info","message":"Checking unlisted bucket","object_key":"any/path.txt","operation":"","process_unlisted":true,"timestamp":"2025-08-26T01:17:55.615428-04:00","trace_id":""}
{"bucket":"test-bucket","component":"","level":"info","matching_prefix":"folder1/","message":"Prefix matched","object_key":"folder1/test.txt","operation":"","timestamp":"2025-08-26T01:17:55.615441-04:00","trace_id":""}
{"allowed":true,"bucket":"unknown-bucket","check_type":"unlisted_bucket","component":"","level":"info","message":"Checking unlisted bucket","object_key":"any/path.txt","operation":"","process_unlisted":true,"timestamp":"2025-08-26T01:17:55.615449-04:00","trace_id":""}
{"bucket":"test-bucket","component":"","level":"info","matching_prefix":"folder1/","message":"Prefix matched","object_key":"folder1/test.txt","operation":"","timestamp":"2025-08-26T01:17:55.615459-04:00","trace_id":""}
{"bucket":"test-bucket","component":"","level":"info","matching_prefix":"folder1/","message":"Prefix matched","object_key":"folder1/test.txt","operation":"","timestamp":"2025-08-26T01:17:55.615394-04:00","trace_id":""}
{"allowed":true,"bucket":"unknown-bucket","check_type":"unlisted_bucket","component":"","level":"info","message":"Checking unlisted bucket","object_key":"any/path.txt","operation":"","process_unlisted":true,"timestamp":"2025-08-26T01:17:55.615474-04:00","trace_id":""}
{"bucket":"test-bucket","component":"","level":"info","matching_prefix":"folder1/","message":"Prefix matched","object_key":"folder1/test.txt","operation":"","timestamp":"2025-08-26T01:17:55.615411-04:00","trace_id":""}
{"allowed":true,"bucket":"unknown-bucket","check_type":"unlisted_bucket","component":"","level":"info","message":"Checking unlisted bucket","object_key":"any/path.txt","operation":"","process_unlisted":true,"timestamp":"2025-08-26T01:17:55.615466-04:00","trace_id":""}
{"bucket":"test-bucket","component":"","level":"info","matching_prefix":"folder1/","message":"Prefix matched","object_key":"folder1/test.txt","operation":"","timestamp":"2025-08-26T01:17:55.615483-04:00","trace_id":""}
{"allowed":true,"bucket":"unknown-bucket","check_type":"unlisted_bucket","component":"","level":"info","message":"Checking unlisted bucket","object_key":"any/path.txt","operation":"","process_unlisted":true,"timestamp":"2025-08-26T01:17:55.615523-04:00","trace_id":""}
{"allowed":true,"bucket":"unknown-bucket","check_type":"unlisted_bucket","component":"","level":"info","message":"Checking unlisted bucket","object_key":"any/path.txt","operation":"","process_unlisted":true,"timestamp":"2025-08-26T01:17:55.615495-04:00","trace_id":""}
{"bucket":"test-bucket","component":"","level":"info","matching_prefix":"folder1/","message":"Prefix matched","object_key":"folder1/test.txt","operation":"","timestamp":"2025-08-26T01:17:55.615547-04:00","trace_id":""}
{"allowed":true,"bucket":"unknown-bucket","check_type":"unlisted_bucket","component":"","level":"info","message":"Checking unlisted bucket","object_key":"any/path.txt","operation":"","process_unlisted":true,"timestamp":"2025-08-26T01:17:55.615554-04:00","trace_id":""}
{"allowed":true,"bucket":"unknown-bucket","check_type":"unlisted_bucket","component":"","level":"info","message":"Checking unlisted bucket","object_key":"any/path.txt","operation":"","process_unlisted":true,"timestamp":"2025-08-26T01:17:55.614665-04:00","trace_id":""}
{"bucket":"test-bucket","component":"","level":"info","matching_prefix":"folder1/","message":"Prefix matched","object_key":"folder1/test.txt","operation":"","timestamp":"2025-08-26T01:17:55.615565-04:00","trace_id":""}
{"allowed":true,"bucket":"unknown-bucket","check_type":"unlisted_bucket","component":"","level":"info","message":"Checking unlisted bucket","object_key":"any/path.txt","operation":"","process_unlisted":true,"timestamp":"2025-08-26T01:17:55.615575-04:00","trace_id":""}
{"bucket":"test-bucket","component":"","level":"info","matching_prefix":"folder1/","message":"Prefix matched","object_key":"folder1/test.txt","operation":"","timestamp":"2025-08-26T01:17:55.615568-04:00","trace_id":""}
{"allowed":true,"bucket":"unknown-bucket","check_type":"unlisted_bucket","component":"","level":"info","message":"Checking unlisted bucket","object_key":"any/path.txt","operation":"","process_unlisted":true,"timestamp":"2025-08-26T01:17:55.615198-04:00","trace_id":""}
{"bucket":"test-bucket","component":"","level":"info","matching_prefix":"folder1/","message":"Prefix matched","object_key":"folder1/test.txt","operation":"","timestamp":"2025-08-26T01:17:55.615609-04:00","trace_id":""}
{"allowed":true,"bucket":"unknown-bucket","check_type":"unlisted_bucket","component":"","level":"info","message":"Checking unlisted bucket","object_key":"any/path.txt","operation":"","process_unlisted":true,"timestamp":"2025-08-26T01:17:55.615626-04:00","trace_id":""}
{"bucket":"test-bucket","component":"","level":"info","matching_prefix":"folder1/","message":"Prefix matched","object_key":"folder1/test.txt","operation":"","timestamp":"2025-08-26T01:17:55.61559-04:00","trace_id":""}
{"allowed":true,"bucket":"unknown-bucket","check_type":"unlisted_bucket","component":"","level":"info","message":"Checking unlisted bucket","object_key":"any/path.txt","operation":"","process_unlisted":true,"timestamp":"2025-08-26T01:17:55.615645-04:00","trace_id":""}
{"allowed":true,"bucket":"unknown-bucket","check_type":"unlisted_bucket","component":"","level":"info","message":"Checking unlisted bucket","object_key":"any/path.txt","operation":"","process_unlisted":true,"timestamp":"2025-08-26T01:17:55.615597-04:00","trace_id":""}
{"bucket":"test-bucket","component":"","level":"info","matching_prefix":"folder1/","message":"Prefix matched","object_key":"folder1/test.txt","operation":"","timestamp":"2025-08-26T01:17:55.615664-04:00","trace_id":""}
{"bucket":"test-bucket","component":"","level":"info","matching_prefix":"folder1/","message":"Prefix matched","object_key":"folder1/test.txt","operation":"","timestamp":"2025-08-26T01:17:55.615638-04:00","trace_id":""}
{"allowed":true,"bucket":"unknown-bucket","check_type":"unlisted_bucket","component":"","level":"info","message":"Checking unlisted bucket","object_key":"any/path.txt","operation":"","process_unlisted":true,"timestamp":"2025-08-26T01:17:55.615683-04:00","trace_id":""}
{"bucket":"test-bucket","component":"","level":"info","matching_prefix":"folder1/","message":"Prefix matched","object_key":"folder1/test.txt","operation":"","timestamp":"2025-08-26T01:17:55.615697-04:00","trace_id":""}
{"allowed":true,"bucket":"unknown-bucket","check_type":"unlisted_bucket","component":"","level":"info","message":"Checking unlisted bucket","object_key":"any/path.txt","operation":"","process_unlisted":true,"timestamp":"2025-08-26T01:17:55.615705-04:00","trace_id":""}
{"bucket":"test-bucket","component":"","level":"info","matching_prefix":"folder1/","message":"Prefix matched","object_key":"folder1/test.txt","operation":"","timestamp":"2025-08-26T01:17:55.615715-04:00","trace_id":""}
{"allowed":true,"bucket":"unknown-bucket","check_type":"unlisted_bucket","component":"","level":"info","message":"Checking unlisted bucket","object_key":"any/path.txt","operation":"","process_unlisted":true,"timestamp":"2025-08-26T01:17:55.61573-04:00","trace_id":""}
{"bucket":"test-bucket","component":"","level":"info","matching_prefix":"folder1/","message":"Prefix matched","object_key":"folder1/test.txt","operation":"","timestamp":"2025-08-26T01:17:55.615741-04:00","trace_id":""}
{"allowed":true,"bucket":"unknown-bucket","check_type":"unlisted_bucket","component":"","level":"info","message":"Checking unlisted bucket","object_key":"any/path.txt","operation":"","process_unlisted":true,"timestamp":"2025-08-26T01:17:55.615748-04:00","trace_id":""}
{"bucket":"test-bucket","component":"","level":"info","matching_prefix":"folder1/","message":"Prefix matched","object_key":"folder1/test.txt","operation":"","timestamp":"2025-08-26T01:17:55.615756-04:00","trace_id":""}
{"bucket":"test-bucket","component":"","level":"info","matching_prefix":"folder1/","message":"Prefix matched","object_key":"folder1/test.txt","operation":"","timestamp":"2025-08-26T01:17:55.615654-04:00","trace_id":""}
{"allowed":true,"bucket":"unknown-bucket","check_type":"unlisted_bucket","component":"","level":"info","message":"Checking unlisted bucket","object_key":"any/path.txt","operation":"","process_unlisted":true,"timestamp":"2025-08-26T01:17:55.615783-04:00","trace_id":""}
{"allowed":true,"bucket":"unknown-bucket","check_type":"unlisted_bucket","component":"","level":"info","message":"Checking unlisted bucket","object_key":"any/path.txt","operation":"","process_unlisted":true,"timestamp":"2025-08-26T01:17:55.615673-04:00","trace_id":""}
{"allowed":true,"bucket":"unknown-bucket","check_type":"unlisted_bucket","component":"","level":"info","message":"Checking unlisted bucket","object_key":"any/path.txt","operation":"","process_unlisted":true,"timestamp":"2025-08-26T01:17:55.615763-04:00","trace_id":""}
{"bucket":"test-bucket","component":"","level":"info","matching_prefix":"folder1/","message":"Prefix matched","object_key":"folder1/test.txt","operation":"","timestamp":"2025-08-26T01:17:55.615376-04:00","trace_id":""}
{"allowed":true,"bucket":"unknown-bucket","check_type":"unlisted_bucket","component":"","level":"info","message":"Checking unlisted bucket","object_key":"any/path.txt","operation":"","process_unlisted":true,"timestamp":"2025-08-26T01:17:55.615823-04:00","trace_id":""}
{"bucket":"test-bucket","component":"","level":"info","matching_prefix":"folder1/","message":"Prefix matched","object_key":"folder1/test.txt","operation":"","timestamp":"2025-08-26T01:17:55.615835-04:00","trace_id":""}
{"allowed":true,"bucket":"unknown-bucket","check_type":"unlisted_bucket","component":"","level":"info","message":"Checking unlisted bucket","object_key":"any/path.txt","operation":"","process_unlisted":true,"timestamp":"2025-08-26T01:17:55.615846-04:00","trace_id":""}
{"bucket":"test-bucket","component":"","level":"info","matching_prefix":"folder1/","message":"Prefix matched","object_key":"folder1/test.txt","operation":"","timestamp":"2025-08-26T01:17:55.615855-04:00","trace_id":""}
{"allowed":true,"bucket":"unknown-bucket","check_type":"unlisted_bucket","component":"","level":"info","message":"Checking unlisted bucket","object_key":"any/path.txt","operation":"","process_unlisted":true,"timestamp":"2025-08-26T01:17:55.615867-04:00","trace_id":""}
{"bucket":"test-bucket","component":"","level":"info","matching_prefix":"folder1/","message":"Prefix matched","object_key":"folder1/test.txt","operation":"","timestamp":"2025-08-26T01:17:55.615876-04:00","trace_id":""}
{"bucket":"test-bucket","component":"","level":"info","matching_prefix":"folder1/","message":"Prefix matched","object_key":"folder1/test.txt","operation":"","timestamp":"2025-08-26T01:17:55.615839-04:00","trace_id":""}
{"bucket":"test-bucket","component":"","level":"info","matching_prefix":"folder1/","message":"Prefix matched","object_key":"folder1/test.txt","operation":"","timestamp":"2025-08-26T01:17:55.612916-04:00","trace_id":""}
{"bucket":"test-bucket","component":"","level":"info","matching_prefix":"folder1/","message":"Prefix matched","object_key":"folder1/test.txt","operation":"","timestamp":"2025-08-26T01:17:55.6158-04:00","trace_id":""}
{"allowed":true,"bucket":"unknown-bucket","check_type":"unlisted_bucket","component":"","level":"info","message":"Checking unlisted bucket","object_key":"any/path.txt","operation":"","process_unlisted":true,"timestamp":"2025-08-26T01:17:55.615895-04:00","trace_id":""}
{"bucket":"test-bucket","component":"","level":"info","matching_prefix":"folder1/","message":"Prefix matched","object_key":"folder1/test.txt","operation":"","timestamp":"2025-08-26T01:17:55.61593-04:00","trace_id":""}
{"allowed":true,"bucket":"unknown-bucket","check_type":"unlisted_bucket","component":"","level":"info","message":"Checking unlisted bucket","object_key":"any/path.txt","operation":"","process_unlisted":true,"timestamp":"2025-08-26T01:17:55.615939-04:00","trace_id":""}
{"bucket":"test-bucket","component":"","level":"info","matching_prefix":"folder1/","message":"Prefix matched","object_key":"folder1/test.txt","operation":"","timestamp":"2025-08-26T01:17:55.615949-04:00","trace_id":""}
{"allowed":true,"bucket":"unknown-bucket","check_type":"unlisted_bucket","component":"","level":"info","message":"Checking unlisted bucket","object_key":"any/path.txt","operation":"","process_unlisted":true,"timestamp":"2025-08-26T01:17:55.615956-04:00","trace_id":""}
{"bucket":"test-bucket","component":"","level":"info","matching_prefix":"folder1/","message":"Prefix matched","object_key":"folder1/test.txt","operation":"","timestamp":"2025-08-26T01:17:55.615969-04:00","trace_id":""}
{"allowed":true,"bucket":"unknown-bucket","check_type":"unlisted_bucket","component":"","level":"info","message":"Checking unlisted bucket","object_key":"any/path.txt","operation":"","process_unlisted":true,"timestamp":"2025-08-26T01:17:55.615884-04:00","trace_id":""}
{"allowed":true,"bucket":"unknown-bucket","check_type":"unlisted_bucket","component":"","level":"info","message":"Checking unlisted bucket","object_key":"any/path.txt","operation":"","process_unlisted":true,"timestamp":"2025-08-26T01:17:55.615908-04:00","trace_id":""}
{"bucket":"test-bucket","component":"","level":"info","matching_prefix":"folder1/","message":"Prefix matched","object_key":"folder1/test.txt","operation":"","timestamp":"2025-08-26T01:17:55.616003-04:00","trace_id":""}
{"allowed":true,"bucket":"unknown-bucket","check_type":"unlisted_bucket","component":"","level":"info","message":"Checking unlisted bucket","object_key":"any/path.txt","operation":"","process_unlisted":true,"timestamp":"2025-08-26T01:17:55.615921-04:00","trace_id":""}
{"allowed":true,"bucket":"unknown-bucket","check_type":"unlisted_bucket","component":"","level":"info","message":"Checking unlisted bucket","object_key":"any/path.txt","operation":"","process_unlisted":true,"timestamp":"2025-08-26T01:17:55.615977-04:00","trace_id":""}
{"allowed":true,"bucket":"unknown-bucket","check_type":"unlisted_bucket","component":"","level":"info","message":"Checking unlisted bucket","object_key":"any/path.txt","operation":"","process_unlisted":true,"timestamp":"2025-08-26T01:17:55.616014-04:00","trace_id":""}
{"bucket":"test-bucket","component":"","level":"info","matching_prefix":"folder1/","message":"Prefix matched","object_key":"folder1/test.txt","operation":"","timestamp":"2025-08-26T01:17:55.616162-04:00","trace_id":""}
{"allowed":true,"bucket":"unknown-bucket","check_type":"unlisted_bucket","component":"","level":"info","message":"Checking unlisted bucket","object_key":"any/path.txt","operation":"","process_unlisted":true,"timestamp":"2025-08-26T01:17:55.616179-04:00","trace_id":""}
{"bucket":"test-bucket","component":"","level":"info","matching_prefix":"folder1/","message":"Prefix matched","object_key":"folder1/test.txt","operation":"","timestamp":"2025-08-26T01:17:55.616187-04:00","trace_id":""}
{"bucket":"test-bucket","component":"","level":"info","matching_prefix":"folder1/","message":"Prefix matched","object_key":"folder1/test.txt","operation":"","timestamp":"2025-08-26T01:17:55.616202-04:00","trace_id":""}
{"allowed":true,"bucket":"unknown-bucket","check_type":"unlisted_bucket","component":"","level":"info","message":"Checking unlisted bucket","object_key":"any/path.txt","operation":"","process_unlisted":true,"timestamp":"2025-08-26T01:17:55.616211-04:00","trace_id":""}
{"bucket":"test-bucket","component":"","level":"info","matching_prefix":"folder1/","message":"Prefix matched","object_key":"folder1/test.txt","operation":"","timestamp":"2025-08-26T01:17:55.615507-04:00","trace_id":""}
{"bucket":"test-bucket","component":"","level":"info","matching_prefix":"folder1/","message":"Prefix matched","object_key":"folder1/test.txt","operation":"","timestamp":"2025-08-26T01:17:55.615988-04:00","trace_id":""}
{"allowed":true,"bucket":"unknown-bucket","check_type":"unlisted_bucket","component":"","level":"info","message":"Checking unlisted bucket","object_key":"any/path.txt","operation":"","process_unlisted":true,"timestamp":"2025-08-26T01:17:55.61635-04:00","trace_id":""}
{"allowed":true,"bucket":"unknown-bucket","check_type":"unlisted_bucket","component":"","level":"info","message":"Checking unlisted bucket","object_key":"any/path.txt","operation":"","process_unlisted":true,"timestamp":"2025-08-26T01:17:55.616298-04:00","trace_id":""}
{"bucket":"test-bucket","component":"","level":"info","matching_prefix":"folder1/","message":"Prefix matched","object_key":"folder1/test.txt","operation":"","timestamp":"2025-08-26T01:17:55.616478-04:00","trace_id":""}
{"allowed":true,"bucket":"unknown-bucket","check_type":"unlisted_bucket","component":"","level":"info","message":"Checking unlisted bucket","object_key":"any/path.txt","operation":"","process_unlisted":true,"timestamp":"2025-08-26T01:17:55.616492-04:00","trace_id":""}
{"bucket":"test-bucket","component":"","level":"info","matching_prefix":"folder1/","message":"Prefix matched","object_key":"folder1/test.txt","operation":"","timestamp":"2025-08-26T01:17:55.616248-04:00","trace_id":""}
{"bucket":"test-bucket","component":"","level":"info","matching_prefix":"folder1/","message":"Prefix matched","object_key":"folder1/test.txt","operation":"","timestamp":"2025-08-26T01:17:55.616482-04:00","trace_id":""}
{"allowed":true,"bucket":"unknown-bucket","check_type":"unlisted_bucket","component":"","level":"info","message":"Checking unlisted bucket","object_key":"any/path.txt","operation":"","process_unlisted":true,"timestamp":"2025-08-26T01:17:55.616522-04:00","trace_id":""}
{"bucket":"test-bucket","component":"","level":"info","matching_prefix":"folder1/","message":"Prefix matched","object_key":"folder1/test.txt","operation":"","timestamp":"2025-08-26T01:17:55.61654-04:00","trace_id":""}
{"bucket":"test-bucket","component":"","level":"info","matching_prefix":"folder1/","message":"Prefix matched","object_key":"folder1/test.txt","operation":"","timestamp":"2025-08-26T01:17:55.616505-04:00","trace_id":""}
{"allowed":true,"bucket":"unknown-bucket","check_type":"unlisted_bucket","component":"","level":"info","message":"Checking unlisted bucket","object_key":"any/path.txt","operation":"","process_unlisted":true,"timestamp":"2025-08-26T01:17:55.616566-04:00","trace_id":""}
{"bucket":"test-bucket","component":"","level":"info","matching_prefix":"folder1/","message":"Prefix matched","object_key":"folder1/test.txt","operation":"","timestamp":"2025-08-26T01:17:55.61659-04:00","trace_id":""}
{"allowed":true,"bucket":"unknown-bucket","check_type":"unlisted_bucket","component":"","level":"info","message":"Checking unlisted bucket","object_key":"any/path.txt","operation":"","process_unlisted":true,"timestamp":"2025-08-26T01:17:55.616604-04:00","trace_id":""}
{"bucket":"test-bucket","component":"","level":"info","matching_prefix":"folder1/","message":"Prefix matched","object_key":"folder1/test.txt","operation":"","timestamp":"2025-08-26T01:17:55.616614-04:00","trace_id":""}
{"allowed":true,"bucket":"unknown-bucket","check_type":"unlisted_bucket","component":"","level":"info","message":"Checking unlisted bucket","object_key":"any/path.txt","operation":"","process_unlisted":true,"timestamp":"2025-08-26T01:17:55.616621-04:00","trace_id":""}
{"bucket":"test-bucket","component":"","level":"info","matching_prefix":"folder1/","message":"Prefix matched","object_key":"folder1/test.txt","operation":"","timestamp":"2025-08-26T01:17:55.616629-04:00","trace_id":""}
{"allowed":true,"bucket":"unknown-bucket","check_type":"unlisted_bucket","component":"","level":"info","message":"Checking unlisted bucket","object_key":"any/path.txt","operation":"","process_unlisted":true,"timestamp":"2025-08-26T01:17:55.616639-04:00","trace_id":""}
{"bucket":"test-bucket","component":"","level":"info","matching_prefix":"folder1/","message":"Prefix matched","object_key":"folder1/test.txt","operation":"","timestamp":"2025-08-26T01:17:55.616648-04:00","trace_id":""}
{"allowed":true,"bucket":"unknown-bucket","check_type":"unlisted_bucket","component":"","level":"info","message":"Checking unlisted bucket","object_key":"any/path.txt","operation":"","process_unlisted":true,"timestamp":"2025-08-26T01:17:55.616657-04:00","trace_id":""}
{"allowed":true,"bucket":"unknown-bucket","check_type":"unlisted_bucket","component":"","level":"info","message":"Checking unlisted bucket","object_key":"any/path.txt","operation":"","process_unlisted":true,"timestamp":"2025-08-26T01:17:55.616525-04:00","trace_id":""}
{"bucket":"test-bucket","component":"","level":"info","matching_prefix":"folder1/","message":"Prefix matched","object_key":"folder1/test.txt","operation":"","timestamp":"2025-08-26T01:17:55.616685-04:00","trace_id":""}
{"allowed":true,"bucket":"unknown-bucket","check_type":"unlisted_bucket","component":"","level":"info","message":"Checking unlisted bucket","object_key":"any/path.txt","operation":"","process_unlisted":true,"timestamp":"2025-08-26T01:17:55.616696-04:00","trace_id":""}
{"bucket":"test-bucket","component":"","level":"info","matching_prefix":"folder1/","message":"Prefix matched","object_key":"folder1/test.txt","operation":"","timestamp":"2025-08-26T01:17:55.616705-04:00","trace_id":""}
{"allowed":true,"bucket":"unknown-bucket","check_type":"unlisted_bucket","component":"","level":"info","message":"Checking unlisted bucket","object_key":"any/path.txt","operation":"","process_unlisted":true,"timestamp":"2025-08-26T01:17:55.616714-04:00","trace_id":""}
{"bucket":"test-bucket","component":"","level":"info","matching_prefix":"folder1/","message":"Prefix matched","object_key":"folder1/test.txt","operation":"","timestamp":"2025-08-26T01:17:55.616668-04:00","trace_id":""}
{"allowed":true,"bucket":"unknown-bucket","check_type":"unlisted_bucket","component":"","level":"info","message":"Checking unlisted bucket","object_key":"any/path.txt","operation":"","process_unlisted":true,"timestamp":"2025-08-26T01:17:55.616736-04:00","trace_id":""}
{"bucket":"test-bucket","component":"","level":"info","matching_prefix":"folder1/","message":"Prefix matched","object_key":"folder1/test.txt","operation":"","timestamp":"2025-08-26T01:17:55.616749-04:00","trace_id":""}
{"allowed":true,"bucket":"unknown-bucket","check_type":"unlisted_bucket","component":"","level":"info","message":"Checking unlisted bucket","object_key":"any/path.txt","operation":"","process_unlisted":true,"timestamp":"2025-08-26T01:17:55.61676-04:00","trace_id":""}
{"bucket":"test-bucket","component":"","level":"info","matching_prefix":"folder1/","message":"Prefix matched","object_key":"folder1/test.txt","operation":"","timestamp":"2025-08-26T01:17:55.616723-04:00","trace_id":""}
{"bucket":"test-bucket","component":"","level":"info","matching_prefix":"folder1/","message":"Prefix matched","object_key":"folder1/test.txt","operation":"","timestamp":"2025-08-26T01:17:55.616025-04:00","trace_id":""}
{"allowed":true,"bucket":"unknown-bucket","check_type":"unlisted_bucket","component":"","level":"info","message":"Checking unlisted bucket","object_key":"any/path.txt","operation":"","process_unlisted":true,"timestamp":"2025-08-26T01:17:55.616232-04:00","trace_id":""}
{"bucket":"test-bucket","component":"","level":"info","matching_prefix":"folder1/","message":"Prefix matched","object_key":"folder1/test.txt","operation":"","timestamp":"2025-08-26T01:17:55.616805-04:00","trace_id":""}
{"allowed":true,"bucket":"unknown-bucket","check_type":"unlisted_bucket","component":"","level":"info","message":"Checking unlisted bucket","object_key":"any/path.txt","operation":"","process_unlisted":true,"timestamp":"2025-08-26T01:17:55.616776-04:00","trace_id":""}
{"bucket":"test-bucket","component":"","level":"info","matching_prefix":"folder1/","message":"Prefix matched","object_key":"folder1/test.txt","operation":"","timestamp":"2025-08-26T01:17:55.616826-04:00","trace_id":""}
{"allowed":true,"bucket":"unknown-bucket","check_type":"unlisted_bucket","component":"","level":"info","message":"Checking unlisted bucket","object_key":"any/path.txt","operation":"","process_unlisted":true,"timestamp":"2025-08-26T01:17:55.616834-04:00","trace_id":""}
{"bucket":"test-bucket","component":"","level":"info","matching_prefix":"folder1/","message":"Prefix matched","object_key":"folder1/test.txt","operation":"","timestamp":"2025-08-26T01:17:55.616768-04:00","trace_id":""}
{"allowed":true,"bucket":"unknown-bucket","check_type":"unlisted_bucket","component":"","level":"info","message":"Checking unlisted bucket","object_key":"any/path.txt","operation":"","process_unlisted":true,"timestamp":"2025-08-26T01:17:55.616851-04:00","trace_id":""}
{"bucket":"test-bucket","component":"","level":"info","matching_prefix":"folder1/","message":"Prefix matched","object_key":"folder1/test.txt","operation":"","timestamp":"2025-08-26T01:17:55.616862-04:00","trace_id":""}
{"allowed":true,"bucket":"unknown-bucket","check_type":"unlisted_bucket","component":"","level":"info","message":"Checking unlisted bucket","object_key":"any/path.txt","operation":"","process_unlisted":true,"timestamp":"2025-08-26T01:17:55.616813-04:00","trace_id":""}
{"bucket":"test-bucket","component":"","level":"info","matching_prefix":"folder1/","message":"Prefix matched","object_key":"folder1/test.txt","operation":"","timestamp":"2025-08-26T01:17:55.616882-04:00","trace_id":""}
{"allowed":true,"bucket":"unknown-bucket","check_type":"unlisted_bucket","component":"","level":"info","message":"Checking unlisted bucket","object_key":"any/path.txt","operation":"","process_unlisted":true,"timestamp":"2025-08-26T01:17:55.616891-04:00","trace_id":""}
{"bucket":"test-bucket","component":"","level":"info","matching_prefix":"folder1/","message":"Prefix matched","object_key":"folder1/test.txt","operation":"","timestamp":"2025-08-26T01:17:55.616899-04:00","trace_id":""}
{"allowed":true,"bucket":"unknown-bucket","check_type":"unlisted_bucket","component":"","level":"info","message":"Checking unlisted bucket","object_key":"any/path.txt","operation":"","process_unlisted":true,"timestamp":"2025-08-26T01:17:55.616909-04:00","trace_id":""}
{"bucket":"test-bucket","component":"","level":"info","matching_prefix":"folder1/","message":"Prefix matched","object_key":"folder1/test.txt","operation":"","timestamp":"2025-08-26T01:17:55.616843-04:00","trace_id":""}
{"allowed":true,"bucket":"unknown-bucket","check_type":"unlisted_bucket","component":"","level":"info","message":"Checking unlisted bucket","object_key":"any/path.txt","operation":"","process_unlisted":true,"timestamp":"2025-08-26T01:17:55.616926-04:00","trace_id":""}
{"bucket":"test-bucket","component":"","level":"info","matching_prefix":"folder1/","message":"Prefix matched","object_key":"folder1/test.txt","operation":"","timestamp":"2025-08-26T01:17:55.616918-04:00","trace_id":""}
{"allowed":true,"bucket":"unknown-bucket","check_type":"unlisted_bucket","component":"","level":"info","message":"Checking unlisted bucket","object_key":"any/path.txt","operation":"","process_unlisted":true,"timestamp":"2025-08-26T01:17:55.61687-04:00","trace_id":""}
{"bucket":"test-bucket","component":"","level":"info","matching_prefix":"folder1/","message":"Prefix matched","object_key":"folder1/test.txt","operation":"","timestamp":"2025-08-26T01:17:55.616963-04:00","trace_id":""}
{"allowed":true,"bucket":"unknown-bucket","check_type":"unlisted_bucket","component":"","level":"info","message":"Checking unlisted bucket","object_key":"any/path.txt","operation":"","process_unlisted":true,"timestamp":"2025-08-26T01:17:55.61697-04:00","trace_id":""}
{"bucket":"test-bucket","component":"","level":"info","matching_prefix":"folder1/","message":"Prefix matched","object_key":"folder1/test.txt","operation":"","timestamp":"2025-08-26T01:17:55.61694-04:00","trace_id":""}
{"allowed":true,"bucket":"unknown-bucket","check_type":"unlisted_bucket","component":"","level":"info","message":"Checking unlisted bucket","object_key":"any/path.txt","operation":"","process_unlisted":true,"timestamp":"2025-08-26T01:17:55.616989-04:00","trace_id":""}
{"bucket":"test-bucket","component":"","level":"info","matching_prefix":"folder1/","message":"Prefix matched","object_key":"folder1/test.txt","operation":"","timestamp":"2025-08-26T01:17:55.617-04:00","trace_id":""}
{"allowed":true,"bucket":"unknown-bucket","check_type":"unlisted_bucket","component":"","level":"info","message":"Checking unlisted bucket","object_key":"any/path.txt","operation":"","process_unlisted":true,"timestamp":"2025-08-26T01:17:55.617007-04:00","trace_id":""}
{"bucket":"test-bucket","component":"","level":"info","matching_prefix":"folder1/","message":"Prefix matched","object_key":"folder1/test.txt","operation":"","timestamp":"2025-08-26T01:17:55.617015-04:00","trace_id":""}
{"allowed":true,"bucket":"unknown-bucket","check_type":"unlisted_bucket","component":"","level":"info","message":"Checking unlisted bucket","object_key":"any/path.txt","operation":"","process_unlisted":true,"timestamp":"2025-08-26T01:17:55.617023-04:00","trace_id":""}
{"bucket":"test-bucket","component":"","level":"info","matching_prefix":"folder1/","message":"Prefix matched","object_key":"folder1/test.txt","operation":"","timestamp":"2025-08-26T01:17:55.617034-04:00","trace_id":""}
{"allowed":true,"bucket":"unknown-bucket","check_type":"unlisted_bucket","component":"","level":"info","message":"Checking unlisted bucket","object_key":"any/path.txt","operation":"","process_unlisted":true,"timestamp":"2025-08-26T01:17:55.617041-04:00","trace_id":""}
{"bucket":"test-bucket","component":"","level":"info","matching_prefix":"folder1/","message":"Prefix matched","object_key":"folder1/test.txt","operation":"","timestamp":"2025-08-26T01:17:55.617052-04:00","trace_id":""}
{"allowed":true,"bucket":"unknown-bucket","check_type":"unlisted_bucket","component":"","level":"info","message":"Checking unlisted bucket","object_key":"any/path.txt","operation":"","process_unlisted":true,"timestamp":"2025-08-26T01:17:55.61706-04:00","trace_id":""}
{"bucket":"test-bucket","component":"","level":"info","matching_prefix":"folder1/","message":"Prefix matched","object_key":"folder1/test.txt","operation":"","timestamp":"2025-08-26T01:17:55.617069-04:00","trace_id":""}
{"allowed":true,"bucket":"unknown-bucket","check_type":"unlisted_bucket","component":"","level":"info","message":"Checking unlisted bucket","object_key":"any/path.txt","operation":"","process_unlisted":true,"timestamp":"2025-08-26T01:17:55.617077-04:00","trace_id":""}
{"bucket":"test-bucket","component":"","level":"info","matching_prefix":"folder1/","message":"Prefix matched","object_key":"folder1/test.txt","operation":"","timestamp":"2025-08-26T01:17:55.617086-04:00","trace_id":""}
{"allowed":true,"bucket":"unknown-bucket","check_type":"unlisted_bucket","component":"","level":"info","message":"Checking unlisted bucket","object_key":"any/path.txt","operation":"","process_unlisted":true,"timestamp":"2025-08-26T01:17:55.617093-04:00","trace_id":""}
{"bucket":"test-bucket","component":"","level":"info","matching_prefix":"folder1/","message":"Prefix matched","object_key":"folder1/test.txt","operation":"","timestamp":"2025-08-26T01:17:55.617106-04:00","trace_id":""}
{"allowed":true,"bucket":"unknown-bucket","check_type":"unlisted_bucket","component":"","level":"info","message":"Checking unlisted bucket","object_key":"any/path.txt","operation":"","process_unlisted":true,"timestamp":"2025-08-26T01:17:55.617115-04:00","trace_id":""}
{"allowed":true,"bucket":"unknown-bucket","check_type":"unlisted_bucket","component":"","level":"info","message":"Checking unlisted bucket","object_key":"any/path.txt","operation":"","process_unlisted":true,"timestamp":"2025-08-26T01:17:55.616783-04:00","trace_id":""}
{"bucket":"test-bucket","component":"","level":"info","matching_prefix":"folder1/","message":"Prefix matched","object_key":"folder1/test.txt","operation":"","timestamp":"2025-08-26T01:17:55.616979-04:00","trace_id":""}
{"allowed":true,"bucket":"unknown-bucket","check_type":"unlisted_bucket","component":"","level":"info","message":"Checking unlisted bucket","object_key":"any/path.txt","operation":"","process_unlisted":true,"timestamp":"2025-08-26T01:17:55.61715-04:00","trace_id":""}
{"bucket":"test-bucket","component":"","level":"info","matching_prefix":"folder1/","message":"Prefix matched","object_key":"folder1/test.txt","operation":"","timestamp":"2025-08-26T01:17:55.617161-04:00","trace_id":""}
{"bucket":"test-bucket","component":"","level":"info","matching_prefix":"folder1/","message":"Prefix matched","object_key":"folder1/test.txt","operation":"","timestamp":"2025-08-26T01:17:55.617124-04:00","trace_id":""}
{"allowed":true,"bucket":"unknown-bucket","check_type":"unlisted_bucket","component":"","level":"info","message":"Checking unlisted bucket","object_key":"any/path.txt","operation":"","process_unlisted":true,"timestamp":"2025-08-26T01:17:55.616953-04:00","trace_id":""}
{"bucket":"test-bucket","component":"","level":"info","matching_prefix":"folder1/","message":"Prefix matched","object_key":"folder1/test.txt","operation":"","timestamp":"2025-08-26T01:17:55.617185-04:00","trace_id":""}
{"allowed":true,"bucket":"unknown-bucket","check_type":"unlisted_bucket","component":"","level":"info","message":"Checking unlisted bucket","object_key":"any/path.txt","operation":"","process_unlisted":true,"timestamp":"2025-08-26T01:17:55.617194-04:00","trace_id":""}
{"bucket":"test-bucket","component":"","level":"info","matching_prefix":"folder1/","message":"Prefix matched","object_key":"folder1/test.txt","operation":"","timestamp":"2025-08-26T01:17:55.617203-04:00","trace_id":""}
{"allowed":true,"bucket":"unknown-bucket","check_type":"unlisted_bucket","component":"","level":"info","message":"Checking unlisted bucket","object_key":"any/path.txt","operation":"","process_unlisted":true,"timestamp":"2025-08-26T01:17:55.617211-04:00","trace_id":""}
{"bucket":"test-bucket","component":"","level":"info","matching_prefix":"folder1/","message":"Prefix matched","object_key":"folder1/test.txt","operation":"","timestamp":"2025-08-26T01:17:55.617223-04:00","trace_id":""}
{"bucket":"test-bucket","component":"","level":"info","matching_prefix":"folder1/","message":"Prefix matched","object_key":"folder1/test.txt","operation":"","timestamp":"2025-08-26T01:17:55.617141-04:00","trace_id":""}
{"allowed":true,"bucket":"unknown-bucket","check_type":"unlisted_bucket","component":"","level":"info","message":"Checking unlisted bucket","object_key":"any/path.txt","operation":"","process_unlisted":true,"timestamp":"2025-08-26T01:17:55.617168-04:00","trace_id":""}
{"allowed":true,"bucket":"unknown-bucket","check_type":"unlisted_bucket","component":"","level":"info","message":"Checking unlisted bucket","object_key":"any/path.txt","operation":"","process_unlisted":true,"timestamp":"2025-08-26T01:17:55.617179-04:00","trace_id":""}
{"bucket":"test-bucket","component":"","level":"info","matching_prefix":"folder1/","message":"Prefix matched","object_key":"folder1/test.txt","operation":"","timestamp":"2025-08-26T01:17:55.617257-04:00","trace_id":""}
{"allowed":true,"bucket":"unknown-bucket","check_type":"unlisted_bucket","component":"","level":"info","message":"Checking unlisted bucket","object_key":"any/path.txt","operation":"","process_unlisted":true,"timestamp":"2025-08-26T01:17:55.617269-04:00","trace_id":""}
{"bucket":"test-bucket","component":"","level":"info","matching_prefix":"folder1/","message":"Prefix matched","object_key":"folder1/test.txt","operation":"","timestamp":"2025-08-26T01:17:55.617284-04:00","trace_id":""}
{"allowed":true,"bucket":"unknown-bucket","check_type":"unlisted_bucket","component":"","level":"info","message":"Checking unlisted bucket","object_key":"any/path.txt","operation":"","process_unlisted":true,"timestamp":"2025-08-26T01:17:55.617296-04:00","trace_id":""}
{"bucket":"test-bucket","component":"","level":"info","matching_prefix":"folder1/","message":"Prefix matched","object_key":"folder1/test.txt","operation":"","timestamp":"2025-08-26T01:17:55.617311-04:00","trace_id":""}
{"allowed":true,"bucket":"unknown-bucket","check_type":"unlisted_bucket","component":"","level":"info","message":"Checking unlisted bucket","object_key":"any/path.txt","operation":"","process_unlisted":true,"timestamp":"2025-08-26T01:17:55.617321-04:00","trace_id":""}
{"bucket":"test-bucket","component":"","level":"info","matching_prefix":"folder1/","message":"Prefix matched","object_key":"folder1/test.txt","operation":"","timestamp":"2025-08-26T01:17:55.617338-04:00","trace_id":""}
{"allowed":true,"bucket":"unknown-bucket","check_type":"unlisted_bucket","component":"","level":"info","message":"Checking unlisted bucket","object_key":"any/path.txt","operation":"","process_unlisted":true,"timestamp":"2025-08-26T01:17:55.61735-04:00","trace_id":""}
{"allowed":true,"bucket":"unknown-bucket","check_type":"unlisted_bucket","component":"","level":"info","message":"Checking unlisted bucket","object_key":"any/path.txt","operation":"","process_unlisted":true,"timestamp":"2025-08-26T01:17:55.61723-04:00","trace_id":""}
{"bucket":"test-bucket","component":"","level":"info","matching_prefix":"folder1/","message":"Prefix matched","object_key":"folder1/test.txt","operation":"","timestamp":"2025-08-26T01:17:55.617262-04:00","trace_id":""}
{"allowed":true,"bucket":"unknown-bucket","check_type":"unlisted_bucket","component":"","level":"info","message":"Checking unlisted bucket","object_key":"any/path.txt","operation":"","process_unlisted":true,"timestamp":"2025-08-26T01:17:55.617236-04:00","trace_id":""}
{"bucket":"test-bucket","component":"","level":"info","matching_prefix":"folder1/","message":"Prefix matched","object_key":"folder1/test.txt","operation":"","timestamp":"2025-08-26T01:17:55.617378-04:00","trace_id":""}
{"allowed":true,"bucket":"unknown-bucket","check_type":"unlisted_bucket","component":"","level":"info","message":"Checking unlisted bucket","object_key":"any/path.txt","operation":"","process_unlisted":true,"timestamp":"2025-08-26T01:17:55.617402-04:00","trace_id":""}
{"bucket":"test-bucket","component":"","level":"info","matching_prefix":"folder1/","message":"Prefix matched","object_key":"folder1/test.txt","operation":"","timestamp":"2025-08-26T01:17:55.617361-04:00","trace_id":""}
{"allowed":true,"bucket":"unknown-bucket","check_type":"unlisted_bucket","component":"","level":"info","message":"Checking unlisted bucket","object_key":"any/path.txt","operation":"","process_unlisted":true,"timestamp":"2025-08-26T01:17:55.61743-04:00","trace_id":""}
{"bucket":"test-bucket","component":"","level":"info","matching_prefix":"folder1/","message":"Prefix matched","object_key":"folder1/test.txt","operation":"","timestamp":"2025-08-26T01:17:55.617447-04:00","trace_id":""}
{"bucket":"test-bucket","component":"","level":"info","matching_prefix":"folder1/","message":"Prefix matched","object_key":"folder1/test.txt","operation":"","timestamp":"2025-08-26T01:17:55.617397-04:00","trace_id":""}
{"bucket":"test-bucket","component":"","level":"info","matching_prefix":"folder1/","message":"Prefix matched","object_key":"folder1/test.txt","operation":"","timestamp":"2025-08-26T01:17:55.617411-04:00","trace_id":""}
{"allowed":true,"bucket":"unknown-bucket","check_type":"unlisted_bucket","component":"","level":"info","message":"Checking unlisted bucket","object_key":"any/path.txt","operation":"","process_unlisted":true,"timestamp":"2025-08-26T01:17:55.617482-04:00","trace_id":""}
{"bucket":"test-bucket","component":"","level":"info","matching_prefix":"folder1/","message":"Prefix matched","object_key":"folder1/test.txt","operation":"","timestamp":"2025-08-26T01:17:55.617493-04:00","trace_id":""}
{"allowed":true,"bucket":"unknown-bucket","check_type":"unlisted_bucket","component":"","level":"info","message":"Checking unlisted bucket","object_key":"any/path.txt","operation":"","process_unlisted":true,"timestamp":"2025-08-26T01:17:55.617384-04:00","trace_id":""}
{"allowed":true,"bucket":"unknown-bucket","check_type":"unlisted_bucket","component":"","level":"info","message":"Checking unlisted bucket","object_key":"any/path.txt","operation":"","process_unlisted":true,"timestamp":"2025-08-26T01:17:55.617459-04:00","trace_id":""}
{"bucket":"test-bucket","component":"","level":"info","matching_prefix":"folder1/","message":"Prefix matched","object_key":"folder1/test.txt","operation":"","timestamp":"2025-08-26T01:17:55.61753-04:00","trace_id":""}
{"allowed":true,"bucket":"unknown-bucket","check_type":"unlisted_bucket","component":"","level":"info","message":"Checking unlisted bucket","object_key":"any/path.txt","operation":"","process_unlisted":true,"timestamp":"2025-08-26T01:17:55.617505-04:00","trace_id":""}
{"bucket":"test-bucket","component":"","level":"info","matching_prefix":"folder1/","message":"Prefix matched","object_key":"folder1/test.txt","operation":"","timestamp":"2025-08-26T01:17:55.617545-04:00","trace_id":""}
{"allowed":true,"bucket":"unknown-bucket","check_type":"unlisted_bucket","component":"","level":"info","message":"Checking unlisted bucket","object_key":"any/path.txt","operation":"","process_unlisted":true,"timestamp":"2025-08-26T01:17:55.617474-04:00","trace_id":""}
{"allowed":true,"bucket":"unknown-bucket","check_type":"unlisted_bucket","component":"","level":"info","message":"Checking unlisted bucket","object_key":"any/path.txt","operation":"","process_unlisted":true,"timestamp":"2025-08-26T01:17:55.617539-04:00","trace_id":""}
{"bucket":"test-bucket","component":"","level":"info","matching_prefix":"folder1/","message":"Prefix matched","object_key":"folder1/test.txt","operation":"","timestamp":"2025-08-26T01:17:55.617582-04:00","trace_id":""}
{"allowed":true,"bucket":"unknown-bucket","check_type":"unlisted_bucket","component":"","level":"info","message":"Checking unlisted bucket","object_key":"any/path.txt","operation":"","process_unlisted":true,"timestamp":"2025-08-26T01:17:55.617597-04:00","trace_id":""}
{"bucket":"test-bucket","component":"","level":"info","matching_prefix":"folder1/","message":"Prefix matched","object_key":"folder1/test.txt","operation":"","timestamp":"2025-08-26T01:17:55.617609-04:00","trace_id":""}
{"allowed":true,"bucket":"unknown-bucket","check_type":"unlisted_bucket","component":"","level":"info","message":"Checking unlisted bucket","object_key":"any/path.txt","operation":"","process_unlisted":true,"timestamp":"2025-08-26T01:17:55.617625-04:00","trace_id":""}
{"allowed":true,"bucket":"unknown-bucket","check_type":"unlisted_bucket","component":"","level":"info","message":"Checking unlisted bucket","object_key":"any/path.txt","operation":"","process_unlisted":true,"timestamp":"2025-08-26T01:17:55.617553-04:00","trace_id":""}
{"bucket":"test-bucket","component":"","level":"info","matching_prefix":"folder1/","message":"Prefix matched","object_key":"folder1/test.txt","operation":"","timestamp":"2025-08-26T01:17:55.617561-04:00","trace_id":""}
{"allowed":true,"bucket":"unknown-bucket","check_type":"unlisted_bucket","component":"","level":"info","message":"Checking unlisted bucket","object_key":"any/path.txt","operation":"","process_unlisted":true,"timestamp":"2025-08-26T01:17:55.617659-04:00","trace_id":""}
{"bucket":"test-bucket","component":"","level":"info","matching_prefix":"folder1/","message":"Prefix matched","object_key":"folder1/test.txt","operation":"","timestamp":"2025-08-26T01:17:55.61765-04:00","trace_id":""}
{"allowed":true,"bucket":"unknown-bucket","check_type":"unlisted_bucket","component":"","level":"info","message":"Checking unlisted bucket","object_key":"any/path.txt","operation":"","process_unlisted":true,"timestamp":"2025-08-26T01:17:55.613043-04:00","trace_id":""}
{"bucket":"test-bucket","component":"","level":"info","matching_prefix":"folder1/","message":"Prefix matched","object_key":"folder1/test.txt","operation":"","timestamp":"2025-08-26T01:17:55.617693-04:00","trace_id":""}
{"allowed":true,"bucket":"unknown-bucket","check_type":"unlisted_bucket","component":"","level":"info","message":"Checking unlisted bucket","object_key":"any/path.txt","operation":"","process_unlisted":true,"timestamp":"2025-08-26T01:17:55.617705-04:00","trace_id":""}
{"bucket":"test-bucket","component":"","level":"info","matching_prefix":"folder1/","message":"Prefix matched","object_key":"folder1/test.txt","operation":"","timestamp":"2025-08-26T01:17:55.617719-04:00","trace_id":""}
{"allowed":true,"bucket":"unknown-bucket","check_type":"unlisted_bucket","component":"","level":"info","message":"Checking unlisted bucket","object_key":"any/path.txt","operation":"","process_unlisted":true,"timestamp":"2025-08-26T01:17:55.617677-04:00","trace_id":""}
{"bucket":"test-bucket","component":"","level":"info","matching_prefix":"folder1/","message":"Prefix matched","object_key":"folder1/test.txt","operation":"","timestamp":"2025-08-26T01:17:55.617639-04:00","trace_id":""}
{"allowed":true,"bucket":"unknown-bucket","check_type":"unlisted_bucket","component":"","level":"info","message":"Checking unlisted bucket","object_key":"any/path.txt","operation":"","process_unlisted":true,"timestamp":"2025-08-26T01:17:55.617746-04:00","trace_id":""}
{"bucket":"test-bucket","component":"","level":"info","matching_prefix":"folder1/","message":"Prefix matched","object_key":"folder1/test.txt","operation":"","timestamp":"2025-08-26T01:17:55.617755-04:00","trace_id":""}
{"allowed":true,"bucket":"unknown-bucket","check_type":"unlisted_bucket","component":"","level":"info","message":"Checking unlisted bucket","object_key":"any/path.txt","operation":"","process_unlisted":true,"timestamp":"2025-08-26T01:17:55.617727-04:00","trace_id":""}
{"bucket":"test-bucket","component":"","level":"info","matching_prefix":"folder1/","message":"Prefix matched","object_key":"folder1/test.txt","operation":"","timestamp":"2025-08-26T01:17:55.61777-04:00","trace_id":""}
{"allowed":true,"bucket":"unknown-bucket","check_type":"unlisted_bucket","component":"","level":"info","message":"Checking unlisted bucket","object_key":"any/path.txt","operation":"","process_unlisted":true,"timestamp":"2025-08-26T01:17:55.61778-04:00","trace_id":""}
{"bucket":"test-bucket","component":"","level":"info","matching_prefix":"folder1/","message":"Prefix matched","object_key":"folder1/test.txt","operation":"","timestamp":"2025-08-26T01:17:55.617789-04:00","trace_id":""}
{"allowed":true,"bucket":"unknown-bucket","check_type":"unlisted_bucket","component":"","level":"info","message":"Checking unlisted bucket","object_key":"any/path.txt","operation":"","process_unlisted":true,"timestamp":"2025-08-26T01:17:55.617797-04:00","trace_id":""}
{"bucket":"test-bucket","component":"","level":"info","matching_prefix":"folder1/","message":"Prefix matched","object_key":"folder1/test.txt","operation":"","timestamp":"2025-08-26T01:17:55.61781-04:00","trace_id":""}
{"allowed":true,"bucket":"unknown-bucket","check_type":"unlisted_bucket","component":"","level":"info","message":"Checking unlisted bucket","object_key":"any/path.txt","operation":"","process_unlisted":true,"timestamp":"2025-08-26T01:17:55.617819-04:00","trace_id":""}
{"bucket":"test-bucket","component":"","level":"info","matching_prefix":"folder1/","message":"Prefix matched","object_key":"folder1/test.txt","operation":"","timestamp":"2025-08-26T01:17:55.617827-04:00","trace_id":""}
{"allowed":true,"bucket":"unknown-bucket","check_type":"unlisted_bucket","component":"","level":"info","message":"Checking unlisted bucket","object_key":"any/path.txt","operation":"","process_unlisted":true,"timestamp":"2025-08-26T01:17:55.617838-04:00","trace_id":""}
{"bucket":"test-bucket","component":"","level":"info","matching_prefix":"folder1/","message":"Prefix matched","object_key":"folder1/test.txt","operation":"","timestamp":"2025-08-26T01:17:55.617853-04:00","trace_id":""}
{"allowed":true,"bucket":"unknown-bucket","check_type":"unlisted_bucket","component":"","level":"info","message":"Checking unlisted bucket","object_key":"any/path.txt","operation":"","process_unlisted":true,"timestamp":"2025-08-26T01:17:55.617861-04:00","trace_id":""}
{"bucket":"test-bucket","component":"","level":"info","matching_prefix":"folder1/","message":"Prefix matched","object_key":"folder1/test.txt","operation":"","timestamp":"2025-08-26T01:17:55.617875-04:00","trace_id":""}
{"allowed":true,"bucket":"unknown-bucket","check_type":"unlisted_bucket","component":"","level":"info","message":"Checking unlisted bucket","object_key":"any/path.txt","operation":"","process_unlisted":true,"timestamp":"2025-08-26T01:17:55.617882-04:00","trace_id":""}
{"bucket":"test-bucket","component":"","level":"info","matching_prefix":"folder1/","message":"Prefix matched","object_key":"folder1/test.txt","operation":"","timestamp":"2025-08-26T01:17:55.617737-04:00","trace_id":""}
{"allowed":true,"bucket":"unknown-bucket","check_type":"unlisted_bucket","component":"","level":"info","message":"Checking unlisted bucket","object_key":"any/path.txt","operation":"","process_unlisted":true,"timestamp":"2025-08-26T01:17:55.617897-04:00","trace_id":""}
{"bucket":"test-bucket","component":"","level":"info","matching_prefix":"folder1/","message":"Prefix matched","object_key":"folder1/test.txt","operation":"","timestamp":"2025-08-26T01:17:55.61789-04:00","trace_id":""}
{"bucket":"test-bucket","component":"","level":"info","matching_prefix":"folder1/","message":"Prefix matched","object_key":"folder1/test.txt","operation":"","timestamp":"2025-08-26T01:17:55.617916-04:00","trace_id":""}
{"allowed":true,"bucket":"unknown-bucket","check_type":"unlisted_bucket","component":"","level":"info","message":"Checking unlisted bucket","object_key":"any/path.txt","operation":"","process_unlisted":true,"timestamp":"2025-08-26T01:17:55.617924-04:00","trace_id":""}
{"bucket":"test-bucket","component":"","level":"info","matching_prefix":"folder1/","message":"Prefix matched","object_key":"folder1/test.txt","operation":"","timestamp":"2025-08-26T01:17:55.61794-04:00","trace_id":""}
{"allowed":true,"bucket":"unknown-bucket","check_type":"unlisted_bucket","component":"","level":"info","message":"Checking unlisted bucket","object_key":"any/path.txt","operation":"","process_unlisted":true,"timestamp":"2025-08-26T01:17:55.617956-04:00","trace_id":""}
{"bucket":"test-bucket","component":"","level":"info","matching_prefix":"folder1/","message":"Prefix matched","object_key":"folder1/test.txt","operation":"","timestamp":"2025-08-26T01:17:55.614055-04:00","trace_id":""}
{"allowed":true,"bucket":"unknown-bucket","check_type":"unlisted_bucket","component":"","level":"info","message":"Checking unlisted bucket","object_key":"any/path.txt","operation":"","process_unlisted":true,"timestamp":"2025-08-26T01:17:55.617928-04:00","trace_id":""}
{"bucket":"test-bucket","component":"","level":"info","matching_prefix":"folder1/","message":"Prefix matched","object_key":"folder1/test.txt","operation":"","timestamp":"2025-08-26T01:17:55.617985-04:00","trace_id":""}
{"allowed":true,"bucket":"unknown-bucket","check_type":"unlisted_bucket","component":"","level":"info","message":"Checking unlisted bucket","object_key":"any/path.txt","operation":"","process_unlisted":true,"timestamp":"2025-08-26T01:17:55.617762-04:00","trace_id":""}
{"bucket":"test-bucket","component":"","level":"info","matching_prefix":"folder1/","message":"Prefix matched","object_key":"folder1/test.txt","operation":"","timestamp":"2025-08-26T01:17:55.618002-04:00","trace_id":""}
{"allowed":true,"bucket":"unknown-bucket","check_type":"unlisted_bucket","component":"","level":"info","message":"Checking unlisted bucket","object_key":"any/path.txt","operation":"","process_unlisted":true,"timestamp":"2025-08-26T01:17:55.618011-04:00","trace_id":""}
{"bucket":"test-bucket","component":"","level":"info","matching_prefix":"folder1/","message":"Prefix matched","object_key":"folder1/test.txt","operation":"","timestamp":"2025-08-26T01:17:55.618024-04:00","trace_id":""}
{"allowed":true,"bucket":"unknown-bucket","check_type":"unlisted_bucket","component":"","level":"info","message":"Checking unlisted bucket","object_key":"any/path.txt","operation":"","process_unlisted":true,"timestamp":"2025-08-26T01:17:55.618053-04:00","trace_id":""}
{"bucket":"test-bucket","component":"","level":"info","matching_prefix":"folder1/","message":"Prefix matched","object_key":"folder1/test.txt","operation":"","timestamp":"2025-08-26T01:17:55.618067-04:00","trace_id":""}
{"allowed":true,"bucket":"unknown-bucket","check_type":"unlisted_bucket","component":"","level":"info","message":"Checking unlisted bucket","object_key":"any/path.txt","operation":"","process_unlisted":true,"timestamp":"2025-08-26T01:17:55.618077-04:00","trace_id":""}
{"bucket":"test-bucket","component":"","level":"info","matching_prefix":"folder1/","message":"Prefix matched","object_key":"folder1/test.txt","operation":"","timestamp":"2025-08-26T01:17:55.618088-04:00","trace_id":""}
{"allowed":true,"bucket":"unknown-bucket","check_type":"unlisted_bucket","component":"","level":"info","message":"Checking unlisted bucket","object_key":"any/path.txt","operation":"","process_unlisted":true,"timestamp":"2025-08-26T01:17:55.618105-04:00","trace_id":""}
{"bucket":"test-bucket","component":"","level":"info","matching_prefix":"folder1/","message":"Prefix matched","object_key":"folder1/test.txt","operation":"","timestamp":"2025-08-26T01:17:55.618119-04:00","trace_id":""}
{"allowed":true,"bucket":"unknown-bucket","check_type":"unlisted_bucket","component":"","level":"info","message":"Checking unlisted bucket","object_key":"any/path.txt","operation":"","process_unlisted":true,"timestamp":"2025-08-26T01:17:55.618129-04:00","trace_id":""}
{"allowed":true,"bucket":"unknown-bucket","check_type":"unlisted_bucket","component":"","level":"info","message":"Checking unlisted bucket","object_key":"any/path.txt","operation":"","process_unlisted":true,"timestamp":"2025-08-26T01:17:55.617976-04:00","trace_id":""}
{"bucket":"test-bucket","component":"","level":"info","matching_prefix":"folder1/","message":"Prefix matched","object_key":"folder1/test.txt","operation":"","timestamp":"2025-08-26T01:17:55.61797-04:00","trace_id":""}
{"allowed":true,"bucket":"unknown-bucket","check_type":"unlisted_bucket","component":"","level":"info","message":"Checking unlisted bucket","object_key":"any/path.txt","operation":"","process_unlisted":true,"timestamp":"2025-08-26T01:17:55.618185-04:00","trace_id":""}
{"bucket":"test-bucket","component":"","level":"info","matching_prefix":"folder1/","message":"Prefix matched","object_key":"folder1/test.txt","operation":"","timestamp":"2025-08-26T01:17:55.618142-04:00","trace_id":""}
{"allowed":true,"bucket":"unknown-bucket","check_type":"unlisted_bucket","component":"","level":"info","message":"Checking unlisted bucket","object_key":"any/path.txt","operation":"","process_unlisted":true,"timestamp":"2025-08-26T01:17:55.618203-04:00","trace_id":""}
{"bucket":"test-bucket","component":"","level":"info","matching_prefix":"folder1/","message":"Prefix matched","object_key":"folder1/test.txt","operation":"","timestamp":"2025-08-26T01:17:55.618211-04:00","trace_id":""}
{"allowed":true,"bucket":"unknown-bucket","check_type":"unlisted_bucket","component":"","level":"info","message":"Checking unlisted bucket","object_key":"any/path.txt","operation":"","process_unlisted":true,"timestamp":"2025-08-26T01:17:55.618218-04:00","trace_id":""}
{"bucket":"test-bucket","component":"","level":"info","matching_prefix":"folder1/","message":"Prefix matched","object_key":"folder1/test.txt","operation":"","timestamp":"2025-08-26T01:17:55.618228-04:00","trace_id":""}
{"allowed":true,"bucket":"unknown-bucket","check_type":"unlisted_bucket","component":"","level":"info","message":"Checking unlisted bucket","object_key":"any/path.txt","operation":"","process_unlisted":true,"timestamp":"2025-08-26T01:17:55.618242-04:00","trace_id":""}
{"bucket":"test-bucket","component":"","level":"info","matching_prefix":"folder1/","message":"Prefix matched","object_key":"folder1/test.txt","operation":"","timestamp":"2025-08-26T01:17:55.618251-04:00","trace_id":""}
{"allowed":true,"bucket":"unknown-bucket","check_type":"unlisted_bucket","component":"","level":"info","message":"Checking unlisted bucket","object_key":"any/path.txt","operation":"","process_unlisted":true,"timestamp":"2025-08-26T01:17:55.61827-04:00","trace_id":""}
{"bucket":"test-bucket","component":"","level":"info","matching_prefix":"folder1/","message":"Prefix matched","object_key":"folder1/test.txt","operation":"","timestamp":"2025-08-26T01:17:55.618197-04:00","trace_id":""}
{"bucket":"test-bucket","component":"","level":"info","matching_prefix":"folder1/","message":"Prefix matched","object_key":"folder1/test.txt","operation":"","timestamp":"2025-08-26T01:17:55.61816-04:00","trace_id":""}
{"allowed":true,"bucket":"unknown-bucket","check_type":"unlisted_bucket","component":"","level":"info","message":"Checking unlisted bucket","object_key":"any/path.txt","operation":"","process_unlisted":true,"timestamp":"2025-08-26T01:17:55.618297-04:00","trace_id":""}
{"bucket":"test-bucket","component":"","level":"info","matching_prefix":"folder1/","message":"Prefix matched","object_key":"folder1/test.txt","operation":"","timestamp":"2025-08-26T01:17:55.61828-04:00","trace_id":""}
{"allowed":true,"bucket":"unknown-bucket","check_type":"unlisted_bucket","component":"","level":"info","message":"Checking unlisted bucket","object_key":"any/path.txt","operation":"","process_unlisted":true,"timestamp":"2025-08-26T01:17:55.618315-04:00","trace_id":""}
{"bucket":"test-bucket","component":"","level":"info","matching_prefix":"folder1/","message":"Prefix matched","object_key":"folder1/test.txt","operation":"","timestamp":"2025-08-26T01:17:55.618326-04:00","trace_id":""}
{"bucket":"test-bucket","component":"","level":"info","matching_prefix":"folder1/","message":"Prefix matched","object_key":"folder1/test.txt","operation":"","timestamp":"2025-08-26T01:17:55.618306-04:00","trace_id":""}
{"allowed":true,"bucket":"unknown-bucket","check_type":"unlisted_bucket","component":"","level":"info","message":"Checking unlisted bucket","object_key":"any/path.txt","operation":"","process_unlisted":true,"timestamp":"2025-08-26T01:17:55.617992-04:00","trace_id":""}
{"bucket":"test-bucket","component":"","level":"info","matching_prefix":"folder1/","message":"Prefix matched","object_key":"folder1/test.txt","operation":"","timestamp":"2025-08-26T01:17:55.618353-04:00","trace_id":""}
{"allowed":true,"bucket":"unknown-bucket","check_type":"unlisted_bucket","component":"","level":"info","message":"Checking unlisted bucket","object_key":"any/path.txt","operation":"","process_unlisted":true,"timestamp":"2025-08-26T01:17:55.618334-04:00","trace_id":""}
{"bucket":"test-bucket","component":"","level":"info","matching_prefix":"folder1/","message":"Prefix matched","object_key":"folder1/test.txt","operation":"","timestamp":"2025-08-26T01:17:55.615807-04:00","trace_id":""}
{"bucket":"test-bucket","component":"","level":"info","matching_prefix":"folder1/","message":"Prefix matched","object_key":"folder1/test.txt","operation":"","timestamp":"2025-08-26T01:17:55.617519-04:00","trace_id":""}
{"bucket":"test-bucket","component":"","level":"info","matching_prefix":"folder1/","message":"Prefix matched","object_key":"folder1/test.txt","operation":"","timestamp":"2025-08-26T01:17:55.618369-04:00","trace_id":""}
{"allowed":true,"bucket":"unknown-bucket","check_type":"unlisted_bucket","component":"","level":"info","message":"Checking unlisted bucket","object_key":"any/path.txt","operation":"","process_unlisted":true,"timestamp":"2025-08-26T01:17:55.618391-04:00","trace_id":""}
{"allowed":true,"bucket":"unknown-bucket","check_type":"unlisted_bucket","component":"","level":"info","message":"Checking unlisted bucket","object_key":"any/path.txt","operation":"","process_unlisted":true,"timestamp":"2025-08-26T01:17:55.618376-04:00","trace_id":""}
{"allowed":true,"bucket":"unknown-bucket","check_type":"unlisted_bucket","component":"","level":"info","message":"Checking unlisted bucket","object_key":"any/path.txt","operation":"","process_unlisted":true,"timestamp":"2025-08-26T01:17:55.61836-04:00","trace_id":""}
{"allowed":true,"bucket":"unknown-bucket","check_type":"unlisted_bucket","component":"","level":"info","message":"Checking unlisted bucket","object_key":"any/path.txt","operation":"","process_unlisted":true,"timestamp":"2025-08-26T01:17:55.618385-04:00","trace_id":""}
{"bucket":"test-bucket","component":"","level":"info","matching_prefix":"folder1/","message":"Prefix matched","object_key":"folder1/test.txt","operation":"","timestamp":"2025-08-26T01:17:55.618412-04:00","trace_id":""}
{"bucket":"test-bucket","component":"","level":"info","matching_prefix":"folder1/","message":"Prefix matched","object_key":"folder1/test.txt","operation":"","timestamp":"2025-08-26T01:17:55.618418-04:00","trace_id":""}
{"allowed":true,"bucket":"unknown-bucket","check_type":"unlisted_bucket","component":"","level":"info","message":"Checking unlisted bucket","object_key":"any/path.txt","operation":"","process_unlisted":true,"timestamp":"2025-08-26T01:17:55.618443-04:00","trace_id":""}
{"bucket":"test-bucket","component":"","level":"info","matching_prefix":"folder1/","message":"Prefix matched","object_key":"folder1/test.txt","operation":"","timestamp":"2025-08-26T01:17:55.6184-04:00","trace_id":""}
{"allowed":true,"bucket":"unknown-bucket","check_type":"unlisted_bucket","component":"","level":"info","message":"Checking unlisted bucket","object_key":"any/path.txt","operation":"","process_unlisted":true,"timestamp":"2025-08-26T01:17:55.618458-04:00","trace_id":""}
{"bucket":"test-bucket","component":"","level":"info","matching_prefix":"folder1/","message":"Prefix matched","object_key":"folder1/test.txt","operation":"","timestamp":"2025-08-26T01:17:55.618468-04:00","trace_id":""}
{"bucket":"test-bucket","component":"","level":"info","matching_prefix":"folder1/","message":"Prefix matched","object_key":"folder1/test.txt","operation":"","timestamp":"2025-08-26T01:17:55.618427-04:00","trace_id":""}
{"allowed":true,"bucket":"unknown-bucket","check_type":"unlisted_bucket","component":"","level":"info","message":"Checking unlisted bucket","object_key":"any/path.txt","operation":"","process_unlisted":true,"timestamp":"2025-08-26T01:17:55.618478-04:00","trace_id":""}
{"bucket":"test-bucket","component":"","level":"info","matching_prefix":"folder1/","message":"Prefix matched","object_key":"folder1/test.txt","operation":"","timestamp":"2025-08-26T01:17:55.618452-04:00","trace_id":""}
{"allowed":true,"bucket":"unknown-bucket","check_type":"unlisted_bucket","component":"","level":"info","message":"Checking unlisted bucket","object_key":"any/path.txt","operation":"","process_unlisted":true,"timestamp":"2025-08-26T01:17:55.618492-04:00","trace_id":""}
{"bucket":"test-bucket","component":"","level":"info","matching_prefix":"folder1/","message":"Prefix matched","object_key":"folder1/test.txt","operation":"","timestamp":"2025-08-26T01:17:55.618487-04:00","trace_id":""}
{"bucket":"test-bucket","component":"","level":"info","matching_prefix":"folder1/","message":"Prefix matched","object_key":"folder1/test.txt","operation":"","timestamp":"2025-08-26T01:17:55.613274-04:00","trace_id":""}
{"allowed":true,"bucket":"unknown-bucket","check_type":"unlisted_bucket","component":"","level":"info","message":"Checking unlisted bucket","object_key":"any/path.txt","operation":"","process_unlisted":true,"timestamp":"2025-08-26T01:17:55.616553-04:00","trace_id":""}
{"bucket":"test-bucket","component":"","level":"info","matching_prefix":"folder1/","message":"Prefix matched","object_key":"folder1/test.txt","operation":"","timestamp":"2025-08-26T01:17:55.618531-04:00","trace_id":""}
{"bucket":"test-bucket","component":"","level":"info","matching_prefix":"folder1/","message":"Prefix matched","object_key":"folder1/test.txt","operation":"","timestamp":"2025-08-26T01:17:55.618504-04:00","trace_id":""}
{"allowed":true,"bucket":"unknown-bucket","check_type":"unlisted_bucket","component":"","level":"info","message":"Checking unlisted bucket","object_key":"any/path.txt","operation":"","process_unlisted":true,"timestamp":"2025-08-26T01:17:55.618544-04:00","trace_id":""}
{"bucket":"test-bucket","component":"","level":"info","matching_prefix":"folder1/","message":"Prefix matched","object_key":"folder1/test.txt","operation":"","timestamp":"2025-08-26T01:17:55.618555-04:00","trace_id":""}
{"allowed":true,"bucket":"unknown-bucket","check_type":"unlisted_bucket","component":"","level":"info","message":"Checking unlisted bucket","object_key":"any/path.txt","operation":"","process_unlisted":true,"timestamp":"2025-08-26T01:17:55.618564-04:00","trace_id":""}
{"allowed":true,"bucket":"unknown-bucket","check_type":"unlisted_bucket","component":"","level":"info","message":"Checking unlisted bucket","object_key":"any/path.txt","operation":"","process_unlisted":true,"timestamp":"2025-08-26T01:17:55.618514-04:00","trace_id":""}
{"allowed":true,"bucket":"unknown-bucket","check_type":"unlisted_bucket","component":"","level":"info","message":"Checking unlisted bucket","object_key":"any/path.txt","operation":"","process_unlisted":true,"timestamp":"2025-08-26T01:17:55.618539-04:00","trace_id":""}
{"allowed":true,"bucket":"unknown-bucket","check_type":"unlisted_bucket","component":"","level":"info","message":"Checking unlisted bucket","object_key":"any/path.txt","operation":"","process_unlisted":true,"timestamp":"2025-08-26T01:17:55.618286-04:00","trace_id":""}
{"bucket":"test-bucket","component":"","level":"info","matching_prefix":"folder1/","message":"Prefix matched","object_key":"folder1/test.txt","operation":"","timestamp":"2025-08-26T01:17:55.618605-04:00","trace_id":""}
{"allowed":true,"bucket":"unknown-bucket","check_type":"unlisted_bucket","component":"","level":"info","message":"Checking unlisted bucket","object_key":"any/path.txt","operation":"","process_unlisted":true,"timestamp":"2025-08-26T01:17:55.618612-04:00","trace_id":""}
{"bucket":"test-bucket","component":"","level":"info","matching_prefix":"folder1/","message":"Prefix matched","object_key":"folder1/test.txt","operation":"","timestamp":"2025-08-26T01:17:55.618622-04:00","trace_id":""}
{"allowed":true,"bucket":"unknown-bucket","check_type":"unlisted_bucket","component":"","level":"info","message":"Checking unlisted bucket","object_key":"any/path.txt","operation":"","process_unlisted":true,"timestamp":"2025-08-26T01:17:55.618633-04:00","trace_id":""}
{"bucket":"test-bucket","component":"","level":"info","matching_prefix":"folder1/","message":"Prefix matched","object_key":"folder1/test.txt","operation":"","timestamp":"2025-08-26T01:17:55.618642-04:00","trace_id":""}
{"bucket":"test-bucket","component":"","level":"info","matching_prefix":"folder1/","message":"Prefix matched","object_key":"folder1/test.txt","operation":"","timestamp":"2025-08-26T01:17:55.618573-04:00","trace_id":""}
{"allowed":true,"bucket":"unknown-bucket","check_type":"unlisted_bucket","component":"","level":"info","message":"Checking unlisted bucket","object_key":"any/path.txt","operation":"","process_unlisted":true,"timestamp":"2025-08-26T01:17:55.618654-04:00","trace_id":""}
{"bucket":"test-bucket","component":"","level":"info","matching_prefix":"folder1/","message":"Prefix matched","object_key":"folder1/test.txt","operation":"","timestamp":"2025-08-26T01:17:55.618664-04:00","trace_id":""}
{"bucket":"test-bucket","component":"","level":"info","matching_prefix":"folder1/","message":"Prefix matched","object_key":"folder1/test.txt","operation":"","timestamp":"2025-08-26T01:17:55.618583-04:00","trace_id":""}
{"allowed":true,"bucket":"unknown-bucket","check_type":"unlisted_bucket","component":"","level":"info","message":"Checking unlisted bucket","object_key":"any/path.txt","operation":"","process_unlisted":true,"timestamp":"2025-08-26T01:17:55.61868-04:00","trace_id":""}
{"allowed":true,"bucket":"unknown-bucket","check_type":"unlisted_bucket","component":"","level":"info","message":"Checking unlisted bucket","object_key":"any/path.txt","operation":"","process_unlisted":true,"timestamp":"2025-08-26T01:17:55.618673-04:00","trace_id":""}
{"allowed":true,"bucket":"unknown-bucket","check_type":"unlisted_bucket","component":"","level":"info","message":"Checking unlisted bucket","object_key":"any/path.txt","operation":"","process_unlisted":true,"timestamp":"2025-08-26T01:17:55.618342-04:00","trace_id":""}
{"bucket":"test-bucket","component":"","level":"info","matching_prefix":"folder1/","message":"Prefix matched","object_key":"folder1/test.txt","operation":"","timestamp":"2025-08-26T01:17:55.618706-04:00","trace_id":""}
{"bucket":"test-bucket","component":"","level":"info","matching_prefix":"folder1/","message":"Prefix matched","object_key":"folder1/test.txt","operation":"","timestamp":"2025-08-26T01:17:55.618689-04:00","trace_id":""}
{"allowed":true,"bucket":"unknown-bucket","check_type":"unlisted_bucket","component":"","level":"info","message":"Checking unlisted bucket","object_key":"any/path.txt","operation":"","process_unlisted":true,"timestamp":"2025-08-26T01:17:55.618721-04:00","trace_id":""}
{"bucket":"test-bucket","component":"","level":"info","matching_prefix":"folder1/","message":"Prefix matched","object_key":"folder1/test.txt","operation":"","timestamp":"2025-08-26T01:17:55.618729-04:00","trace_id":""}
{"allowed":true,"bucket":"unknown-bucket","check_type":"unlisted_bucket","component":"","level":"info","message":"Checking unlisted bucket","object_key":"any/path.txt","operation":"","process_unlisted":true,"timestamp":"2025-08-26T01:17:55.618738-04:00","trace_id":""}
{"allowed":true,"bucket":"unknown-bucket","check_type":"unlisted_bucket","component":"","level":"info","message":"Checking unlisted bucket","object_key":"any/path.txt","operation":"","process_unlisted":true,"timestamp":"2025-08-26T01:17:55.618714-04:00","trace_id":""}
{"allowed":true,"bucket":"unknown-bucket","check_type":"unlisted_bucket","component":"","level":"info","message":"Checking unlisted bucket","object_key":"any/path.txt","operation":"","process_unlisted":true,"timestamp":"2025-08-26T01:17:55.618649-04:00","trace_id":""}
{"bucket":"test-bucket","component":"","level":"info","matching_prefix":"folder1/","message":"Prefix matched","object_key":"folder1/test.txt","operation":"","timestamp":"2025-08-26T01:17:55.618701-04:00","trace_id":""}
{"allowed":true,"bucket":"unknown-bucket","check_type":"unlisted_bucket","component":"","level":"info","message":"Checking unlisted bucket","object_key":"any/path.txt","operation":"","process_unlisted":true,"timestamp":"2025-08-26T01:17:55.618786-04:00","trace_id":""}
{"bucket":"test-bucket","component":"","level":"info","matching_prefix":"folder1/","message":"Prefix matched","object_key":"folder1/test.txt","operation":"","timestamp":"2025-08-26T01:17:55.618747-04:00","trace_id":""}
{"allowed":true,"bucket":"unknown-bucket","check_type":"unlisted_bucket","component":"","level":"info","message":"Checking unlisted bucket","object_key":"any/path.txt","operation":"","process_unlisted":true,"timestamp":"2025-08-26T01:17:55.618805-04:00","trace_id":""}
{"bucket":"test-bucket","component":"","level":"info","matching_prefix":"folder1/","message":"Prefix matched","object_key":"folder1/test.txt","operation":"","timestamp":"2025-08-26T01:17:55.618822-04:00","trace_id":""}
{"allowed":true,"bucket":"unknown-bucket","check_type":"unlisted_bucket","component":"","level":"info","message":"Checking unlisted bucket","object_key":"any/path.txt","operation":"","process_unlisted":true,"timestamp":"2025-08-26T01:17:55.618829-04:00","trace_id":""}
{"bucket":"test-bucket","component":"","level":"info","matching_prefix":"folder1/","message":"Prefix matched","object_key":"folder1/test.txt","operation":"","timestamp":"2025-08-26T01:17:55.618776-04:00","trace_id":""}
{"allowed":true,"bucket":"unknown-bucket","check_type":"unlisted_bucket","component":"","level":"info","message":"Checking unlisted bucket","object_key":"any/path.txt","operation":"","process_unlisted":true,"timestamp":"2025-08-26T01:17:55.618843-04:00","trace_id":""}
{"bucket":"test-bucket","component":"","level":"info","matching_prefix":"folder1/","message":"Prefix matched","object_key":"folder1/test.txt","operation":"","timestamp":"2025-08-26T01:17:55.618795-04:00","trace_id":""}
{"bucket":"test-bucket","component":"","level":"info","matching_prefix":"folder1/","message":"Prefix matched","object_key":"folder1/test.txt","operation":"","timestamp":"2025-08-26T01:17:55.618839-04:00","trace_id":""}
{"allowed":true,"bucket":"unknown-bucket","check_type":"unlisted_bucket","component":"","level":"info","message":"Checking unlisted bucket","object_key":"any/path.txt","operation":"","process_unlisted":true,"timestamp":"2025-08-26T01:17:55.618874-04:00","trace_id":""}
{"bucket":"test-bucket","component":"","level":"info","matching_prefix":"folder1/","message":"Prefix matched","object_key":"folder1/test.txt","operation":"","timestamp":"2025-08-26T01:17:55.618883-04:00","trace_id":""}
{"allowed":true,"bucket":"unknown-bucket","check_type":"unlisted_bucket","component":"","level":"info","message":"Checking unlisted bucket","object_key":"any/path.txt","operation":"","process_unlisted":true,"timestamp":"2025-08-26T01:17:55.618866-04:00","trace_id":""}
{"bucket":"test-bucket","component":"","level":"info","matching_prefix":"folder1/","message":"Prefix matched","object_key":"folder1/test.txt","operation":"","timestamp":"2025-08-26T01:17:55.618758-04:00","trace_id":""}
{"allowed":true,"bucket":"unknown-bucket","check_type":"unlisted_bucket","component":"","level":"info","message":"Checking unlisted bucket","object_key":"any/path.txt","operation":"","process_unlisted":true,"timestamp":"2025-08-26T01:17:55.618893-04:00","trace_id":""}
{"bucket":"test-bucket","component":"","level":"info","matching_prefix":"folder1/","message":"Prefix matched","object_key":"folder1/test.txt","operation":"","timestamp":"2025-08-26T01:17:55.618856-04:00","trace_id":""}
{"allowed":true,"bucket":"unknown-bucket","check_type":"unlisted_bucket","component":"","level":"info","message":"Checking unlisted bucket","object_key":"any/path.txt","operation":"","process_unlisted":true,"timestamp":"2025-08-26T01:17:55.618938-04:00","trace_id":""}
{"bucket":"test-bucket","component":"","level":"info","matching_prefix":"folder1/","message":"Prefix matched","object_key":"folder1/test.txt","operation":"","timestamp":"2025-08-26T01:17:55.618947-04:00","trace_id":""}
{"allowed":true,"bucket":"unknown-bucket","check_type":"unlisted_bucket","component":"","level":"info","message":"Checking unlisted bucket","object_key":"any/path.txt","operation":"","process_unlisted":true,"timestamp":"2025-08-26T01:17:55.618918-04:00","trace_id":""}
{"bucket":"test-bucket","component":"","level":"info","matching_prefix":"folder1/","message":"Prefix matched","object_key":"folder1/test.txt","operation":"","timestamp":"2025-08-26T01:17:55.618904-04:00","trace_id":""}
{"allowed":true,"bucket":"unknown-bucket","check_type":"unlisted_bucket","component":"","level":"info","message":"Checking unlisted bucket","object_key":"any/path.txt","operation":"","process_unlisted":true,"timestamp":"2025-08-26T01:17:55.618976-04:00","trace_id":""}
{"allowed":true,"bucket":"unknown-bucket","check_type":"unlisted_bucket","component":"","level":"info","message":"Checking unlisted bucket","object_key":"any/path.txt","operation":"","process_unlisted":true,"timestamp":"2025-08-26T01:17:55.618957-04:00","trace_id":""}
{"bucket":"test-bucket","component":"","level":"info","matching_prefix":"folder1/","message":"Prefix matched","object_key":"folder1/test.txt","operation":"","timestamp":"2025-08-26T01:17:55.618993-04:00","trace_id":""}
{"allowed":true,"bucket":"unknown-bucket","check_type":"unlisted_bucket","component":"","level":"info","message":"Checking unlisted bucket","object_key":"any/path.txt","operation":"","process_unlisted":true,"timestamp":"2025-08-26T01:17:55.619002-04:00","trace_id":""}
{"bucket":"test-bucket","component":"","level":"info","matching_prefix":"folder1/","message":"Prefix matched","object_key":"folder1/test.txt","operation":"","timestamp":"2025-08-26T01:17:55.618971-04:00","trace_id":""}
{"allowed":true,"bucket":"unknown-bucket","check_type":"unlisted_bucket","component":"","level":"info","message":"Checking unlisted bucket","object_key":"any/path.txt","operation":"","process_unlisted":true,"timestamp":"2025-08-26T01:17:55.619019-04:00","trace_id":""}
{"bucket":"test-bucket","component":"","level":"info","matching_prefix":"folder1/","message":"Prefix matched","object_key":"folder1/test.txt","operation":"","timestamp":"2025-08-26T01:17:55.618985-04:00","trace_id":""}
{"bucket":"test-bucket","component":"","level":"info","matching_prefix":"folder1/","message":"Prefix matched","object_key":"folder1/test.txt","operation":"","timestamp":"2025-08-26T01:17:55.619011-04:00","trace_id":""}
{"allowed":true,"bucket":"unknown-bucket","check_type":"unlisted_bucket","component":"","level":"info","message":"Checking unlisted bucket","object_key":"any/path.txt","operation":"","process_unlisted":true,"timestamp":"2025-08-26T01:17:55.619039-04:00","trace_id":""}
{"bucket":"test-bucket","component":"","level":"info","matching_prefix":"folder1/","message":"Prefix matched","object_key":"folder1/test.txt","operation":"","timestamp":"2025-08-26T01:17:55.619029-04:00","trace_id":""}
{"allowed":true,"bucket":"unknown-bucket","check_type":"unlisted_bucket","component":"","level":"info","message":"Checking unlisted bucket","object_key":"any/path.txt","operation":"","process_unlisted":true,"timestamp":"2025-08-26T01:17:55.619033-04:00","trace_id":""}
{"bucket":"test-bucket","component":"","level":"info","matching_prefix":"folder1/","message":"Prefix matched","object_key":"folder1/test.txt","operation":"","timestamp":"2025-08-26T01:17:55.619076-04:00","trace_id":""}
{"allowed":true,"bucket":"unknown-bucket","check_type":"unlisted_bucket","component":"","level":"info","message":"Checking unlisted bucket","object_key":"any/path.txt","operation":"","process_unlisted":true,"timestamp":"2025-08-26T01:17:55.619091-04:00","trace_id":""}
{"bucket":"test-bucket","component":"","level":"info","matching_prefix":"folder1/","message":"Prefix matched","object_key":"folder1/test.txt","operation":"","timestamp":"2025-08-26T01:17:55.619049-04:00","trace_id":""}
{"allowed":true,"bucket":"unknown-bucket","check_type":"unlisted_bucket","component":"","level":"info","message":"Checking unlisted bucket","object_key":"any/path.txt","operation":"","process_unlisted":true,"timestamp":"2025-08-26T01:17:55.619111-04:00","trace_id":""}
{"allowed":true,"bucket":"unknown-bucket","check_type":"unlisted_bucket","component":"","level":"info","message":"Checking unlisted bucket","object_key":"any/path.txt","operation":"","process_unlisted":true,"timestamp":"2025-08-26T01:17:55.619057-04:00","trace_id":""}
{"bucket":"test-bucket","component":"","level":"info","matching_prefix":"folder1/","message":"Prefix matched","object_key":"folder1/test.txt","operation":"","timestamp":"2025-08-26T01:17:55.619132-04:00","trace_id":""}
{"allowed":true,"bucket":"unknown-bucket","check_type":"unlisted_bucket","component":"","level":"info","message":"Checking unlisted bucket","object_key":"any/path.txt","operation":"","process_unlisted":true,"timestamp":"2025-08-26T01:17:55.618488-04:00","trace_id":""}
{"allowed":true,"bucket":"unknown-bucket","check_type":"unlisted_bucket","component":"","level":"info","message":"Checking unlisted bucket","object_key":"any/path.txt","operation":"","process_unlisted":true,"timestamp":"2025-08-26T01:17:55.618521-04:00","trace_id":""}
{"bucket":"test-bucket","component":"","level":"info","matching_prefix":"folder1/","message":"Prefix matched","object_key":"folder1/test.txt","operation":"","timestamp":"2025-08-26T01:17:55.61912-04:00","trace_id":""}
{"bucket":"test-bucket","component":"","level":"info","matching_prefix":"folder1/","message":"Prefix matched","object_key":"folder1/test.txt","operation":"","timestamp":"2025-08-26T01:17:55.619161-04:00","trace_id":""}
{"allowed":true,"bucket":"unknown-bucket","check_type":"unlisted_bucket","component":"","level":"info","message":"Checking unlisted bucket","object_key":"any/path.txt","operation":"","process_unlisted":true,"timestamp":"2025-08-26T01:17:55.61917-04:00","trace_id":""}
{"allowed":true,"bucket":"unknown-bucket","check_type":"unlisted_bucket","component":"","level":"info","message":"Checking unlisted bucket","object_key":"any/path.txt","operation":"","process_unlisted":true,"timestamp":"2025-08-26T01:17:55.619139-04:00","trace_id":""}
{"bucket":"test-bucket","component":"","level":"info","matching_prefix":"folder1/","message":"Prefix matched","object_key":"folder1/test.txt","operation":"","timestamp":"2025-08-26T01:17:55.61915-04:00","trace_id":""}
{"bucket":"test-bucket","component":"","level":"info","matching_prefix":"folder1/","message":"Prefix matched","object_key":"folder1/test.txt","operation":"","timestamp":"2025-08-26T01:17:55.619191-04:00","trace_id":""}
{"allowed":true,"bucket":"unknown-bucket","check_type":"unlisted_bucket","component":"","level":"info","message":"Checking unlisted bucket","object_key":"any/path.txt","operation":"","process_unlisted":true,"timestamp":"2025-08-26T01:17:55.6192-04:00","trace_id":""}
{"bucket":"test-bucket","component":"","level":"info","matching_prefix":"folder1/","message":"Prefix matched","object_key":"folder1/test.txt","operation":"","timestamp":"2025-08-26T01:17:55.61921-04:00","trace_id":""}
{"bucket":"test-bucket","component":"","level":"info","matching_prefix":"folder1/","message":"Prefix matched","object_key":"folder1/test.txt","operation":"","timestamp":"2025-08-26T01:17:55.618592-04:00","trace_id":""}
{"allowed":true,"bucket":"unknown-bucket","check_type":"unlisted_bucket","component":"","level":"info","message":"Checking unlisted bucket","object_key":"any/path.txt","operation":"","process_unlisted":true,"timestamp":"2025-08-26T01:17:55.619224-04:00","trace_id":""}
{"allowed":true,"bucket":"unknown-bucket","check_type":"unlisted_bucket","component":"","level":"info","message":"Checking unlisted bucket","object_key":"any/path.txt","operation":"","process_unlisted":true,"timestamp":"2025-08-26T01:17:55.619217-04:00","trace_id":""}
{"allowed":true,"bucket":"unknown-bucket","check_type":"unlisted_bucket","component":"","level":"info","message":"Checking unlisted bucket","object_key":"any/path.txt","operation":"","process_unlisted":true,"timestamp":"2025-08-26T01:17:55.619193-04:00","trace_id":""}
{"bucket":"test-bucket","component":"","level":"info","matching_prefix":"folder1/","message":"Prefix matched","object_key":"folder1/test.txt","operation":"","timestamp":"2025-08-26T01:17:55.619233-04:00","trace_id":""}
{"bucket":"test-bucket","component":"","level":"info","matching_prefix":"folder1/","message":"Prefix matched","object_key":"folder1/test.txt","operation":"","timestamp":"2025-08-26T01:17:55.619244-04:00","trace_id":""}
{"allowed":true,"bucket":"unknown-bucket","check_type":"unlisted_bucket","component":"","level":"info","message":"Checking unlisted bucket","object_key":"any/path.txt","operation":"","process_unlisted":true,"timestamp":"2025-08-26T01:17:55.619261-04:00","trace_id":""}
{"bucket":"test-bucket","component":"","level":"info","matching_prefix":"folder1/","message":"Prefix matched","object_key":"folder1/test.txt","operation":"","timestamp":"2025-08-26T01:17:55.619271-04:00","trace_id":""}
{"bucket":"test-bucket","component":"","level":"info","matching_prefix":"folder1/","message":"Prefix matched","object_key":"folder1/test.txt","operation":"","timestamp":"2025-08-26T01:17:55.619181-04:00","trace_id":""}
{"allowed":true,"bucket":"unknown-bucket","check_type":"unlisted_bucket","component":"","level":"info","message":"Checking unlisted bucket","object_key":"any/path.txt","operation":"","process_unlisted":true,"timestamp":"2025-08-26T01:17:55.619286-04:00","trace_id":""}
{"allowed":true,"bucket":"unknown-bucket","check_type":"unlisted_bucket","component":"","level":"info","message":"Checking unlisted bucket","object_key":"any/path.txt","operation":"","process_unlisted":true,"timestamp":"2025-08-26T01:17:55.619279-04:00","trace_id":""}
{"bucket":"test-bucket","component":"","level":"info","matching_prefix":"folder1/","message":"Prefix matched","object_key":"folder1/test.txt","operation":"","timestamp":"2025-08-26T01:17:55.619252-04:00","trace_id":""}
{"allowed":true,"bucket":"unknown-bucket","check_type":"unlisted_bucket","component":"","level":"info","message":"Checking unlisted bucket","object_key":"any/path.txt","operation":"","process_unlisted":true,"timestamp":"2025-08-26T01:17:55.619313-04:00","trace_id":""}
{"bucket":"test-bucket","component":"","level":"info","matching_prefix":"folder1/","message":"Prefix matched","object_key":"folder1/test.txt","operation":"","timestamp":"2025-08-26T01:17:55.619305-04:00","trace_id":""}
{"allowed":true,"bucket":"unknown-bucket","check_type":"unlisted_bucket","component":"","level":"info","message":"Checking unlisted bucket","object_key":"any/path.txt","operation":"","process_unlisted":true,"timestamp":"2025-08-26T01:17:55.619329-04:00","trace_id":""}
{"bucket":"test-bucket","component":"","level":"info","matching_prefix":"folder1/","message":"Prefix matched","object_key":"folder1/test.txt","operation":"","timestamp":"2025-08-26T01:17:55.619299-04:00","trace_id":""}
{"allowed":true,"bucket":"unknown-bucket","check_type":"unlisted_bucket","component":"","level":"info","message":"Checking unlisted bucket","object_key":"any/path.txt","operation":"","process_unlisted":true,"timestamp":"2025-08-26T01:17:55.619343-04:00","trace_id":""}
{"bucket":"test-bucket","component":"","level":"info","matching_prefix":"folder1/","message":"Prefix matched","object_key":"folder1/test.txt","operation":"","timestamp":"2025-08-26T01:17:55.619354-04:00","trace_id":""}
{"allowed":true,"bucket":"unknown-bucket","check_type":"unlisted_bucket","component":"","level":"info","message":"Checking unlisted bucket","object_key":"any/path.txt","operation":"","process_unlisted":true,"timestamp":"2025-08-26T01:17:55.619262-04:00","trace_id":""}
{"bucket":"test-bucket","component":"","level":"info","matching_prefix":"folder1/","message":"Prefix matched","object_key":"folder1/test.txt","operation":"","timestamp":"2025-08-26T01:17:55.619337-04:00","trace_id":""}
{"allowed":true,"bucket":"unknown-bucket","check_type":"unlisted_bucket","component":"","level":"info","message":"Checking unlisted bucket","object_key":"any/path.txt","operation":"","process_unlisted":true,"timestamp":"2025-08-26T01:17:55.619379-04:00","trace_id":""}
{"bucket":"test-bucket","component":"","level":"info","matching_prefix":"folder1/","message":"Prefix matched","object_key":"folder1/test.txt","operation":"","timestamp":"2025-08-26T01:17:55.619389-04:00","trace_id":""}
{"allowed":true,"bucket":"unknown-bucket","check_type":"unlisted_bucket","component":"","level":"info","message":"Checking unlisted bucket","object_key":"any/path.txt","operation":"","process_unlisted":true,"timestamp":"2025-08-26T01:17:55.619396-04:00","trace_id":""}
{"allowed":true,"bucket":"unknown-bucket","check_type":"unlisted_bucket","component":"","level":"info","message":"Checking unlisted bucket","object_key":"any/path.txt","operation":"","process_unlisted":true,"timestamp":"2025-08-26T01:17:55.619161-04:00","trace_id":""}
{"bucket":"test-bucket","component":"","level":"info","matching_prefix":"folder1/","message":"Prefix matched","object_key":"folder1/test.txt","operation":"","timestamp":"2025-08-26T01:17:55.619407-04:00","trace_id":""}
{"allowed":true,"bucket":"unknown-bucket","check_type":"unlisted_bucket","component":"","level":"info","message":"Checking unlisted bucket","object_key":"any/path.txt","operation":"","process_unlisted":true,"timestamp":"2025-08-26T01:17:55.61936-04:00","trace_id":""}
{"bucket":"test-bucket","component":"","level":"info","matching_prefix":"folder1/","message":"Prefix matched","object_key":"folder1/test.txt","operation":"","timestamp":"2025-08-26T01:17:55.619422-04:00","trace_id":""}
{"allowed":true,"bucket":"unknown-bucket","check_type":"unlisted_bucket","component":"","level":"info","message":"Checking unlisted bucket","object_key":"any/path.txt","operation":"","process_unlisted":true,"timestamp":"2025-08-26T01:17:55.61943-04:00","trace_id":""}
{"bucket":"test-bucket","component":"","level":"info","matching_prefix":"folder1/","message":"Prefix matched","object_key":"folder1/test.txt","operation":"","timestamp":"2025-08-26T01:17:55.619372-04:00","trace_id":""}
{"allowed":true,"bucket":"unknown-bucket","check_type":"unlisted_bucket","component":"","level":"info","message":"Checking unlisted bucket","object_key":"any/path.txt","operation":"","process_unlisted":true,"timestamp":"2025-08-26T01:17:55.619448-04:00","trace_id":""}
{"bucket":"test-bucket","component":"","level":"info","matching_prefix":"folder1/","message":"Prefix matched","object_key":"folder1/test.txt","operation":"","timestamp":"2025-08-26T01:17:55.619413-04:00","trace_id":""}
{"allowed":true,"bucket":"unknown-bucket","check_type":"unlisted_bucket","component":"","level":"info","message":"Checking unlisted bucket","object_key":"any/path.txt","operation":"","process_unlisted":true,"timestamp":"2025-08-26T01:17:55.619463-04:00","trace_id":""}
{"bucket":"test-bucket","component":"","level":"info","matching_prefix":"folder1/","message":"Prefix matched","object_key":"folder1/test.txt","operation":"","timestamp":"2025-08-26T01:17:55.619476-04:00","trace_id":""}
{"bucket":"test-bucket","component":"","level":"info","matching_prefix":"folder1/","message":"Prefix matched","object_key":"folder1/test.txt","operation":"","timestamp":"2025-08-26T01:17:55.619457-04:00","trace_id":""}
{"allowed":true,"bucket":"unknown-bucket","check_type":"unlisted_bucket","component":"","level":"info","message":"Checking unlisted bucket","object_key":"any/path.txt","operation":"","process_unlisted":true,"timestamp":"2025-08-26T01:17:55.61949-04:00","trace_id":""}
{"bucket":"test-bucket","component":"","level":"info","matching_prefix":"folder1/","message":"Prefix matched","object_key":"folder1/test.txt","operation":"","timestamp":"2025-08-26T01:17:55.619442-04:00","trace_id":""}
{"allowed":true,"bucket":"unknown-bucket","check_type":"unlisted_bucket","component":"","level":"info","message":"Checking unlisted bucket","object_key":"any/path.txt","operation":"","process_unlisted":true,"timestamp":"2025-08-26T01:17:55.619484-04:00","trace_id":""}
{"bucket":"test-bucket","component":"","level":"info","matching_prefix":"folder1/","message":"Prefix matched","object_key":"folder1/test.txt","operation":"","timestamp":"2025-08-26T01:17:55.618932-04:00","trace_id":""}
{"allowed":true,"bucket":"unknown-bucket","check_type":"unlisted_bucket","component":"","level":"info","message":"Checking unlisted bucket","object_key":"any/path.txt","operation":"","process_unlisted":true,"timestamp":"2025-08-26T01:17:55.619525-04:00","trace_id":""}
{"bucket":"test-bucket","component":"","level":"info","matching_prefix":"folder1/","message":"Prefix matched","object_key":"folder1/test.txt","operation":"","timestamp":"2025-08-26T01:17:55.619534-04:00","trace_id":""}
{"bucket":"test-bucket","component":"","level":"info","matching_prefix":"folder1/","message":"Prefix matched","object_key":"folder1/test.txt","operation":"","timestamp":"2025-08-26T01:17:55.619498-04:00","trace_id":""}
{"allowed":true,"bucket":"unknown-bucket","check_type":"unlisted_bucket","component":"","level":"info","message":"Checking unlisted bucket","object_key":"any/path.txt","operation":"","process_unlisted":true,"timestamp":"2025-08-26T01:17:55.619508-04:00","trace_id":""}
{"bucket":"test-bucket","component":"","level":"info","matching_prefix":"folder1/","message":"Prefix matched","object_key":"folder1/test.txt","operation":"","timestamp":"2025-08-26T01:17:55.61957-04:00","trace_id":""}
{"bucket":"test-bucket","component":"","level":"info","matching_prefix":"folder1/","message":"Prefix matched","object_key":"folder1/test.txt","operation":"","timestamp":"2025-08-26T01:17:55.619517-04:00","trace_id":""}
{"allowed":true,"bucket":"unknown-bucket","check_type":"unlisted_bucket","component":"","level":"info","message":"Checking unlisted bucket","object_key":"any/path.txt","operation":"","process_unlisted":true,"timestamp":"2025-08-26T01:17:55.619542-04:00","trace_id":""}
{"bucket":"test-bucket","component":"","level":"info","matching_prefix":"folder1/","message":"Prefix matched","object_key":"folder1/test.txt","operation":"","timestamp":"2025-08-26T01:17:55.619605-04:00","trace_id":""}
{"allowed":true,"bucket":"unknown-bucket","check_type":"unlisted_bucket","component":"","level":"info","message":"Checking unlisted bucket","object_key":"any/path.txt","operation":"","process_unlisted":true,"timestamp":"2025-08-26T01:17:55.619579-04:00","trace_id":""}
{"bucket":"test-bucket","component":"","level":"info","matching_prefix":"folder1/","message":"Prefix matched","object_key":"folder1/test.txt","operation":"","timestamp":"2025-08-26T01:17:55.619628-04:00","trace_id":""}
{"allowed":true,"bucket":"unknown-bucket","check_type":"unlisted_bucket","component":"","level":"info","message":"Checking unlisted bucket","object_key":"any/path.txt","operation":"","process_unlisted":true,"timestamp":"2025-08-26T01:17:55.619636-04:00","trace_id":""}
{"bucket":"test-bucket","component":"","level":"info","matching_prefix":"folder1/","message":"Prefix matched","object_key":"folder1/test.txt","operation":"","timestamp":"2025-08-26T01:17:55.619646-04:00","trace_id":""}
{"allowed":true,"bucket":"unknown-bucket","check_type":"unlisted_bucket","component":"","level":"info","message":"Checking unlisted bucket","object_key":"any/path.txt","operation":"","process_unlisted":true,"timestamp":"2025-08-26T01:17:55.619616-04:00","trace_id":""}
{"bucket":"test-bucket","component":"","level":"info","matching_prefix":"folder1/","message":"Prefix matched","object_key":"folder1/test.txt","operation":"","timestamp":"2025-08-26T01:17:55.619667-04:00","trace_id":""}
{"allowed":true,"bucket":"unknown-bucket","check_type":"unlisted_bucket","component":"","level":"info","message":"Checking unlisted bucket","object_key":"any/path.txt","operation":"","process_unlisted":true,"timestamp":"2025-08-26T01:17:55.619676-04:00","trace_id":""}
{"allowed":true,"bucket":"unknown-bucket","check_type":"unlisted_bucket","component":"","level":"info","message":"Checking unlisted bucket","object_key":"any/path.txt","operation":"","process_unlisted":true,"timestamp":"2025-08-26T01:17:55.619558-04:00","trace_id":""}
{"bucket":"test-bucket","component":"","level":"info","matching_prefix":"folder1/","message":"Prefix matched","object_key":"folder1/test.txt","operation":"","timestamp":"2025-08-26T01:17:55.615536-04:00","trace_id":""}
{"bucket":"test-bucket","component":"","level":"info","matching_prefix":"folder1/","message":"Prefix matched","object_key":"folder1/test.txt","operation":"","timestamp":"2025-08-26T01:17:55.619697-04:00","trace_id":""}
{"allowed":true,"bucket":"unknown-bucket","check_type":"unlisted_bucket","component":"","level":"info","message":"Checking unlisted bucket","object_key":"any/path.txt","operation":"","process_unlisted":true,"timestamp":"2025-08-26T01:17:55.619704-04:00","trace_id":""}
{"bucket":"test-bucket","component":"","level":"info","matching_prefix":"folder1/","message":"Prefix matched","object_key":"folder1/test.txt","operation":"","timestamp":"2025-08-26T01:17:55.619685-04:00","trace_id":""}
{"bucket":"test-bucket","component":"","level":"info","matching_prefix":"folder1/","message":"Prefix matched","object_key":"folder1/test.txt","operation":"","timestamp":"2025-08-26T01:17:55.619714-04:00","trace_id":""}
{"allowed":true,"bucket":"unknown-bucket","check_type":"unlisted_bucket","component":"","level":"info","message":"Checking unlisted bucket","object_key":"any/path.txt","operation":"","process_unlisted":true,"timestamp":"2025-08-26T01:17:55.6197-04:00","trace_id":""}
{"bucket":"test-bucket","component":"","level":"info","matching_prefix":"folder1/","message":"Prefix matched","object_key":"folder1/test.txt","operation":"","timestamp":"2025-08-26T01:17:55.619728-04:00","trace_id":""}
{"allowed":true,"bucket":"unknown-bucket","check_type":"unlisted_bucket","component":"","level":"info","message":"Checking unlisted bucket","object_key":"any/path.txt","operation":"","process_unlisted":true,"timestamp":"2025-08-26T01:17:55.619737-04:00","trace_id":""}
{"allowed":true,"bucket":"unknown-bucket","check_type":"unlisted_bucket","component":"","level":"info","message":"Checking unlisted bucket","object_key":"any/path.txt","operation":"","process_unlisted":true,"timestamp":"2025-08-26T01:17:55.619718-04:00","trace_id":""}
{"allowed":true,"bucket":"unknown-bucket","check_type":"unlisted_bucket","component":"","level":"info","message":"Checking unlisted bucket","object_key":"any/path.txt","operation":"","process_unlisted":true,"timestamp":"2025-08-26T01:17:55.619722-04:00","trace_id":""}
{"bucket":"test-bucket","component":"","level":"info","matching_prefix":"folder1/","message":"Prefix matched","object_key":"folder1/test.txt","operation":"","timestamp":"2025-08-26T01:17:55.619104-04:00","trace_id":""}
{"allowed":true,"bucket":"unknown-bucket","check_type":"unlisted_bucket","component":"","level":"info","message":"Checking unlisted bucket","object_key":"any/path.txt","operation":"","process_unlisted":true,"timestamp":"2025-08-26T01:17:55.619769-04:00","trace_id":""}
{"bucket":"test-bucket","component":"","level":"info","matching_prefix":"folder1/","message":"Prefix matched","object_key":"folder1/test.txt","operation":"","timestamp":"2025-08-26T01:17:55.619746-04:00","trace_id":""}
{"allowed":true,"bucket":"unknown-bucket","check_type":"unlisted_bucket","component":"","level":"info","message":"Checking unlisted bucket","object_key":"any/path.txt","operation":"","process_unlisted":true,"timestamp":"2025-08-26T01:17:55.619783-04:00","trace_id":""}
{"bucket":"test-bucket","component":"","level":"info","matching_prefix":"folder1/","message":"Prefix matched","object_key":"folder1/test.txt","operation":"","timestamp":"2025-08-26T01:17:55.619756-04:00","trace_id":""}
{"bucket":"test-bucket","component":"","level":"info","matching_prefix":"folder1/","message":"Prefix matched","object_key":"folder1/test.txt","operation":"","timestamp":"2025-08-26T01:17:55.619776-04:00","trace_id":""}
{"allowed":true,"bucket":"unknown-bucket","check_type":"unlisted_bucket","component":"","level":"info","message":"Checking unlisted bucket","object_key":"any/path.txt","operation":"","process_unlisted":true,"timestamp":"2025-08-26T01:17:55.619808-04:00","trace_id":""}
{"bucket":"test-bucket","component":"","level":"info","matching_prefix":"folder1/","message":"Prefix matched","object_key":"folder1/test.txt","operation":"","timestamp":"2025-08-26T01:17:55.619763-04:00","trace_id":""}
{"allowed":true,"bucket":"unknown-bucket","check_type":"unlisted_bucket","component":"","level":"info","message":"Checking unlisted bucket","object_key":"any/path.txt","operation":"","process_unlisted":true,"timestamp":"2025-08-26T01:17:55.6198-04:00","trace_id":""}
{"bucket":"test-bucket","component":"","level":"info","matching_prefix":"folder1/","message":"Prefix matched","object_key":"folder1/test.txt","operation":"","timestamp":"2025-08-26T01:17:55.619818-04:00","trace_id":""}
{"allowed":true,"bucket":"unknown-bucket","check_type":"unlisted_bucket","component":"","level":"info","message":"Checking unlisted bucket","object_key":"any/path.txt","operation":"","process_unlisted":true,"timestamp":"2025-08-26T01:17:55.619845-04:00","trace_id":""}
{"bucket":"test-bucket","component":"","level":"info","matching_prefix":"folder1/","message":"Prefix matched","object_key":"folder1/test.txt","operation":"","timestamp":"2025-08-26T01:17:55.619854-04:00","trace_id":""}
{"allowed":true,"bucket":"unknown-bucket","check_type":"unlisted_bucket","component":"","level":"info","message":"Checking unlisted bucket","object_key":"any/path.txt","operation":"","process_unlisted":true,"timestamp":"2025-08-26T01:17:55.61986-04:00","trace_id":""}
{"allowed":true,"bucket":"unknown-bucket","check_type":"unlisted_bucket","component":"","level":"info","message":"Checking unlisted bucket","object_key":"any/path.txt","operation":"","process_unlisted":true,"timestamp":"2025-08-26T01:17:55.619826-04:00","trace_id":""}
{"bucket":"test-bucket","component":"","level":"info","matching_prefix":"folder1/","message":"Prefix matched","object_key":"folder1/test.txt","operation":"","timestamp":"2025-08-26T01:17:55.619878-04:00","trace_id":""}
{"allowed":true,"bucket":"unknown-bucket","check_type":"unlisted_bucket","component":"","level":"info","message":"Checking unlisted bucket","object_key":"any/path.txt","operation":"","process_unlisted":true,"timestamp":"2025-08-26T01:17:55.619886-04:00","trace_id":""}
{"bucket":"test-bucket","component":"","level":"info","matching_prefix":"folder1/","message":"Prefix matched","object_key":"folder1/test.txt","operation":"","timestamp":"2025-08-26T01:17:55.619837-04:00","trace_id":""}
{"bucket":"test-bucket","component":"","level":"info","matching_prefix":"folder1/","message":"Prefix matched","object_key":"folder1/test.txt","operation":"","timestamp":"2025-08-26T01:17:55.619794-04:00","trace_id":""}
{"allowed":true,"bucket":"unknown-bucket","check_type":"unlisted_bucket","component":"","level":"info","message":"Checking unlisted bucket","object_key":"any/path.txt","operation":"","process_unlisted":true,"timestamp":"2025-08-26T01:17:55.61991-04:00","trace_id":""}
{"bucket":"test-bucket","component":"","level":"info","matching_prefix":"folder1/","message":"Prefix matched","object_key":"folder1/test.txt","operation":"","timestamp":"2025-08-26T01:17:55.619869-04:00","trace_id":""}
{"allowed":true,"bucket":"unknown-bucket","check_type":"unlisted_bucket","component":"","level":"info","message":"Checking unlisted bucket","object_key":"any/path.txt","operation":"","process_unlisted":true,"timestamp":"2025-08-26T01:17:55.619925-04:00","trace_id":""}
{"bucket":"test-bucket","component":"","level":"info","matching_prefix":"folder1/","message":"Prefix matched","object_key":"folder1/test.txt","operation":"","timestamp":"2025-08-26T01:17:55.619933-04:00","trace_id":""}
{"bucket":"test-bucket","component":"","level":"info","matching_prefix":"folder1/","message":"Prefix matched","object_key":"folder1/test.txt","operation":"","timestamp":"2025-08-26T01:17:55.619895-04:00","trace_id":""}
{"allowed":true,"bucket":"unknown-bucket","check_type":"unlisted_bucket","component":"","level":"info","message":"Checking unlisted bucket","object_key":"any/path.txt","operation":"","process_unlisted":true,"timestamp":"2025-08-26T01:17:55.619946-04:00","trace_id":""}
{"bucket":"test-bucket","component":"","level":"info","matching_prefix":"folder1/","message":"Prefix matched","object_key":"folder1/test.txt","operation":"","timestamp":"2025-08-26T01:17:55.619955-04:00","trace_id":""}
{"allowed":true,"bucket":"unknown-bucket","check_type":"unlisted_bucket","component":"","level":"info","message":"Checking unlisted bucket","object_key":"any/path.txt","operation":"","process_unlisted":true,"timestamp":"2025-08-26T01:17:55.619962-04:00","trace_id":""}
{"bucket":"test-bucket","component":"","level":"info","matching_prefix":"folder1/","message":"Prefix matched","object_key":"folder1/test.txt","operation":"","timestamp":"2025-08-26T01:17:55.61992-04:00","trace_id":""}
{"allowed":true,"bucket":"unknown-bucket","check_type":"unlisted_bucket","component":"","level":"info","message":"Checking unlisted bucket","object_key":"any/path.txt","operation":"","process_unlisted":true,"timestamp":"2025-08-26T01:17:55.619941-04:00","trace_id":""}
{"bucket":"test-bucket","component":"","level":"info","matching_prefix":"folder1/","message":"Prefix matched","object_key":"folder1/test.txt","operation":"","timestamp":"2025-08-26T01:17:55.619972-04:00","trace_id":""}
{"allowed":true,"bucket":"unknown-bucket","check_type":"unlisted_bucket","component":"","level":"info","message":"Checking unlisted bucket","object_key":"any/path.txt","operation":"","process_unlisted":true,"timestamp":"2025-08-26T01:17:55.619414-04:00","trace_id":""}
{"bucket":"test-bucket","component":"","level":"info","matching_prefix":"folder1/","message":"Prefix matched","object_key":"folder1/test.txt","operation":"","timestamp":"2025-08-26T01:17:55.619983-04:00","trace_id":""}
{"allowed":true,"bucket":"unknown-bucket","check_type":"unlisted_bucket","component":"","level":"info","message":"Checking unlisted bucket","object_key":"any/path.txt","operation":"","process_unlisted":true,"timestamp":"2025-08-26T01:17:55.61999-04:00","trace_id":""}
{"bucket":"test-bucket","component":"","level":"info","matching_prefix":"folder1/","message":"Prefix matched","object_key":"folder1/test.txt","operation":"","timestamp":"2025-08-26T01:17:55.619999-04:00","trace_id":""}
{"allowed":true,"bucket":"unknown-bucket","check_type":"unlisted_bucket","component":"","level":"info","message":"Checking unlisted bucket","object_key":"any/path.txt","operation":"","process_unlisted":true,"timestamp":"2025-08-26T01:17:55.620005-04:00","trace_id":""}
{"bucket":"test-bucket","component":"","level":"info","matching_prefix":"folder1/","message":"Prefix matched","object_key":"folder1/test.txt","operation":"","timestamp":"2025-08-26T01:17:55.620015-04:00","trace_id":""}
{"allowed":true,"bucket":"unknown-bucket","check_type":"unlisted_bucket","component":"","level":"info","message":"Checking unlisted bucket","object_key":"any/path.txt","operation":"","process_unlisted":true,"timestamp":"2025-08-26T01:17:55.620021-04:00","trace_id":""}
{"bucket":"test-bucket","component":"","level":"info","matching_prefix":"folder1/","message":"Prefix matched","object_key":"folder1/test.txt","operation":"","timestamp":"2025-08-26T01:17:55.62003-04:00","trace_id":""}
{"allowed":true,"bucket":"unknown-bucket","check_type":"unlisted_bucket","component":"","level":"info","message":"Checking unlisted bucket","object_key":"any/path.txt","operation":"","process_unlisted":true,"timestamp":"2025-08-26T01:17:55.620037-04:00","trace_id":""}
{"bucket":"test-bucket","component":"","level":"info","matching_prefix":"folder1/","message":"Prefix matched","object_key":"folder1/test.txt","operation":"","timestamp":"2025-08-26T01:17:55.620063-04:00","trace_id":""}
{"bucket":"test-bucket","component":"","level":"info","matching_prefix":"folder1/","message":"Prefix matched","object_key":"folder1/test.txt","operation":"","timestamp":"2025-08-26T01:17:55.620045-04:00","trace_id":""}
{"allowed":true,"bucket":"unknown-bucket","check_type":"unlisted_bucket","component":"","level":"info","message":"Checking unlisted bucket","object_key":"any/path.txt","operation":"","process_unlisted":true,"timestamp":"2025-08-26T01:17:55.620087-04:00","trace_id":""}
{"bucket":"test-bucket","component":"","level":"info","matching_prefix":"folder1/","message":"Prefix matched","object_key":"folder1/test.txt","operation":"","timestamp":"2025-08-26T01:17:55.620098-04:00","trace_id":""}
{"allowed":true,"bucket":"unknown-bucket","check_type":"unlisted_bucket","component":"","level":"info","message":"Checking unlisted bucket","object_key":"any/path.txt","operation":"","process_unlisted":true,"timestamp":"2025-08-26T01:17:55.620105-04:00","trace_id":""}
{"bucket":"test-bucket","component":"","level":"info","matching_prefix":"folder1/","message":"Prefix matched","object_key":"folder1/test.txt","operation":"","timestamp":"2025-08-26T01:17:55.620114-04:00","trace_id":""}
{"allowed":true,"bucket":"unknown-bucket","check_type":"unlisted_bucket","component":"","level":"info","message":"Checking unlisted bucket","object_key":"any/path.txt","operation":"","process_unlisted":true,"timestamp":"2025-08-26T01:17:55.620125-04:00","trace_id":""}
{"allowed":true,"bucket":"unknown-bucket","check_type":"unlisted_bucket","component":"","level":"info","message":"Checking unlisted bucket","object_key":"any/path.txt","operation":"","process_unlisted":true,"timestamp":"2025-08-26T01:17:55.620055-04:00","trace_id":""}
{"allowed":true,"bucket":"unknown-bucket","check_type":"unlisted_bucket","component":"","level":"info","message":"Checking unlisted bucket","object_key":"any/path.txt","operation":"","process_unlisted":true,"timestamp":"2025-08-26T01:17:55.619977-04:00","trace_id":""}
{"bucket":"test-bucket","component":"","level":"info","matching_prefix":"folder1/","message":"Prefix matched","object_key":"folder1/test.txt","operation":"","timestamp":"2025-08-26T01:17:55.620157-04:00","trace_id":""}
{"allowed":true,"bucket":"unknown-bucket","check_type":"unlisted_bucket","component":"","level":"info","message":"Checking unlisted bucket","object_key":"any/path.txt","operation":"","process_unlisted":true,"timestamp":"2025-08-26T01:17:55.620166-04:00","trace_id":""}
{"bucket":"test-bucket","component":"","level":"info","matching_prefix":"folder1/","message":"Prefix matched","object_key":"folder1/test.txt","operation":"","timestamp":"2025-08-26T01:17:55.620179-04:00","trace_id":""}
{"allowed":true,"bucket":"unknown-bucket","check_type":"unlisted_bucket","component":"","level":"info","message":"Checking unlisted bucket","object_key":"any/path.txt","operation":"","process_unlisted":true,"timestamp":"2025-08-26T01:17:55.620188-04:00","trace_id":""}
{"bucket":"test-bucket","component":"","level":"info","matching_prefix":"folder1/","message":"Prefix matched","object_key":"folder1/test.txt","operation":"","timestamp":"2025-08-26T01:17:55.620202-04:00","trace_id":""}
{"allowed":true,"bucket":"unknown-bucket","check_type":"unlisted_bucket","component":"","level":"info","message":"Checking unlisted bucket","object_key":"any/path.txt","operation":"","process_unlisted":true,"timestamp":"2025-08-26T01:17:55.620213-04:00","trace_id":""}
{"bucket":"test-bucket","component":"","level":"info","matching_prefix":"folder1/","message":"Prefix matched","object_key":"folder1/test.txt","operation":"","timestamp":"2025-08-26T01:17:55.620224-04:00","trace_id":""}
{"allowed":true,"bucket":"unknown-bucket","check_type":"unlisted_bucket","component":"","level":"info","message":"Checking unlisted bucket","object_key":"any/path.txt","operation":"","process_unlisted":true,"timestamp":"2025-08-26T01:17:55.62007-04:00","trace_id":""}
{"allowed":true,"bucket":"unknown-bucket","check_type":"unlisted_bucket","component":"","level":"info","message":"Checking unlisted bucket","object_key":"any/path.txt","operation":"","process_unlisted":true,"timestamp":"2025-08-26T01:17:55.620248-04:00","trace_id":""}
{"bucket":"test-bucket","component":"","level":"info","matching_prefix":"folder1/","message":"Prefix matched","object_key":"folder1/test.txt","operation":"","timestamp":"2025-08-26T01:17:55.620265-04:00","trace_id":""}
{"allowed":true,"bucket":"unknown-bucket","check_type":"unlisted_bucket","component":"","level":"info","message":"Checking unlisted bucket","object_key":"any/path.txt","operation":"","process_unlisted":true,"timestamp":"2025-08-26T01:17:55.620273-04:00","trace_id":""}
{"bucket":"test-bucket","component":"","level":"info","matching_prefix":"folder1/","message":"Prefix matched","object_key":"folder1/test.txt","operation":"","timestamp":"2025-08-26T01:17:55.620134-04:00","trace_id":""}
{"allowed":true,"bucket":"unknown-bucket","check_type":"unlisted_bucket","component":"","level":"info","message":"Checking unlisted bucket","object_key":"any/path.txt","operation":"","process_unlisted":true,"timestamp":"2025-08-26T01:17:55.620289-04:00","trace_id":""}
{"bucket":"test-bucket","component":"","level":"info","matching_prefix":"folder1/","message":"Prefix matched","object_key":"folder1/test.txt","operation":"","timestamp":"2025-08-26T01:17:55.620144-04:00","trace_id":""}
{"bucket":"test-bucket","component":"","level":"info","matching_prefix":"folder1/","message":"Prefix matched","object_key":"folder1/test.txt","operation":"","timestamp":"2025-08-26T01:17:55.620298-04:00","trace_id":""}
{"allowed":true,"bucket":"unknown-bucket","check_type":"unlisted_bucket","component":"","level":"info","message":"Checking unlisted bucket","object_key":"any/path.txt","operation":"","process_unlisted":true,"timestamp":"2025-08-26T01:17:55.620322-04:00","trace_id":""}
{"bucket":"test-bucket","component":"","level":"info","matching_prefix":"folder1/","message":"Prefix matched","object_key":"folder1/test.txt","operation":"","timestamp":"2025-08-26T01:17:55.620339-04:00","trace_id":""}
{"allowed":true,"bucket":"unknown-bucket","check_type":"unlisted_bucket","component":"","level":"info","message":"Checking unlisted bucket","object_key":"any/path.txt","operation":"","process_unlisted":true,"timestamp":"2025-08-26T01:17:55.62035-04:00","trace_id":""}
{"bucket":"test-bucket","component":"","level":"info","matching_prefix":"folder1/","message":"Prefix matched","object_key":"folder1/test.txt","operation":"","timestamp":"2025-08-26T01:17:55.620368-04:00","trace_id":""}
{"allowed":true,"bucket":"unknown-bucket","check_type":"unlisted_bucket","component":"","level":"info","message":"Checking unlisted bucket","object_key":"any/path.txt","operation":"","process_unlisted":true,"timestamp":"2025-08-26T01:17:55.620378-04:00","trace_id":""}
{"bucket":"test-bucket","component":"","level":"info","matching_prefix":"folder1/","message":"Prefix matched","object_key":"folder1/test.txt","operation":"","timestamp":"2025-08-26T01:17:55.620387-04:00","trace_id":""}
{"allowed":true,"bucket":"unknown-bucket","check_type":"unlisted_bucket","component":"","level":"info","message":"Checking unlisted bucket","object_key":"any/path.txt","operation":"","process_unlisted":true,"timestamp":"2025-08-26T01:17:55.620396-04:00","trace_id":""}
{"bucket":"test-bucket","component":"","level":"info","matching_prefix":"folder1/","message":"Prefix matched","object_key":"folder1/test.txt","operation":"","timestamp":"2025-08-26T01:17:55.62028-04:00","trace_id":""}
{"allowed":true,"bucket":"unknown-bucket","check_type":"unlisted_bucket","component":"","level":"info","message":"Checking unlisted bucket","object_key":"any/path.txt","operation":"","process_unlisted":true,"timestamp":"2025-08-26T01:17:55.62041-04:00","trace_id":""}
{"bucket":"test-bucket","component":"","level":"info","matching_prefix":"folder1/","message":"Prefix matched","object_key":"folder1/test.txt","operation":"","timestamp":"2025-08-26T01:17:55.620421-04:00","trace_id":""}
{"allowed":true,"bucket":"unknown-bucket","check_type":"unlisted_bucket","component":"","level":"info","message":"Checking unlisted bucket","object_key":"any/path.txt","operation":"","process_unlisted":true,"timestamp":"2025-08-26T01:17:55.620428-04:00","trace_id":""}
{"bucket":"test-bucket","component":"","level":"info","matching_prefix":"folder1/","message":"Prefix matched","object_key":"folder1/test.txt","operation":"","timestamp":"2025-08-26T01:17:55.620441-04:00","trace_id":""}
{"allowed":true,"bucket":"unknown-bucket","check_type":"unlisted_bucket","component":"","level":"info","message":"Checking unlisted bucket","object_key":"any/path.txt","operation":"","process_unlisted":true,"timestamp":"2025-08-26T01:17:55.620303-04:00","trace_id":""}
{"bucket":"test-bucket","component":"","level":"info","matching_prefix":"folder1/","message":"Prefix matched","object_key":"folder1/test.txt","operation":"","timestamp":"2025-08-26T01:17:55.620463-04:00","trace_id":""}
{"allowed":true,"bucket":"unknown-bucket","check_type":"unlisted_bucket","component":"","level":"info","message":"Checking unlisted bucket","object_key":"any/path.txt","operation":"","process_unlisted":true,"timestamp":"2025-08-26T01:17:55.62047-04:00","trace_id":""}
{"allowed":true,"bucket":"unknown-bucket","check_type":"unlisted_bucket","component":"","level":"info","message":"Checking unlisted bucket","object_key":"any/path.txt","operation":"","process_unlisted":true,"timestamp":"2025-08-26T01:17:55.620466-04:00","trace_id":""}
{"bucket":"test-bucket","component":"","level":"info","matching_prefix":"folder1/","message":"Prefix matched","object_key":"folder1/test.txt","operation":"","timestamp":"2025-08-26T01:17:55.620489-04:00","trace_id":""}
{"allowed":true,"bucket":"unknown-bucket","check_type":"unlisted_bucket","component":"","level":"info","message":"Checking unlisted bucket","object_key":"any/path.txt","operation":"","process_unlisted":true,"timestamp":"2025-08-26T01:17:55.620497-04:00","trace_id":""}
{"bucket":"test-bucket","component":"","level":"info","matching_prefix":"folder1/","message":"Prefix matched","object_key":"folder1/test.txt","operation":"","timestamp":"2025-08-26T01:17:55.620404-04:00","trace_id":""}
{"allowed":true,"bucket":"unknown-bucket","check_type":"unlisted_bucket","component":"","level":"info","message":"Checking unlisted bucket","object_key":"any/path.txt","operation":"","process_unlisted":true,"timestamp":"2025-08-26T01:17:55.620518-04:00","trace_id":""}
{"bucket":"test-bucket","component":"","level":"info","matching_prefix":"folder1/","message":"Prefix matched","object_key":"folder1/test.txt","operation":"","timestamp":"2025-08-26T01:17:55.620507-04:00","trace_id":""}
{"bucket":"test-bucket","component":"","level":"info","matching_prefix":"folder1/","message":"Prefix matched","object_key":"folder1/test.txt","operation":"","timestamp":"2025-08-26T01:17:55.619324-04:00","trace_id":""}
{"allowed":true,"bucket":"unknown-bucket","check_type":"unlisted_bucket","component":"","level":"info","message":"Checking unlisted bucket","object_key":"any/path.txt","operation":"","process_unlisted":true,"timestamp":"2025-08-26T01:17:55.620563-04:00","trace_id":""}
{"bucket":"test-bucket","component":"","level":"info","matching_prefix":"folder1/","message":"Prefix matched","object_key":"folder1/test.txt","operation":"","timestamp":"2025-08-26T01:17:55.620532-04:00","trace_id":""}
{"bucket":"test-bucket","component":"","level":"info","matching_prefix":"folder1/","message":"Prefix matched","object_key":"folder1/test.txt","operation":"","timestamp":"2025-08-26T01:17:55.620586-04:00","trace_id":""}
{"allowed":true,"bucket":"unknown-bucket","check_type":"unlisted_bucket","component":"","level":"info","message":"Checking unlisted bucket","object_key":"any/path.txt","operation":"","process_unlisted":true,"timestamp":"2025-08-26T01:17:55.620596-04:00","trace_id":""}
{"bucket":"test-bucket","component":"","level":"info","matching_prefix":"folder1/","message":"Prefix matched","object_key":"folder1/test.txt","operation":"","timestamp":"2025-08-26T01:17:55.620607-04:00","trace_id":""}
{"allowed":true,"bucket":"unknown-bucket","check_type":"unlisted_bucket","component":"","level":"info","message":"Checking unlisted bucket","object_key":"any/path.txt","operation":"","process_unlisted":true,"timestamp":"2025-08-26T01:17:55.620622-04:00","trace_id":""}
{"bucket":"test-bucket","component":"","level":"info","matching_prefix":"folder1/","message":"Prefix matched","object_key":"folder1/test.txt","operation":"","timestamp":"2025-08-26T01:17:55.620635-04:00","trace_id":""}
{"allowed":true,"bucket":"unknown-bucket","check_type":"unlisted_bucket","component":"","level":"info","message":"Checking unlisted bucket","object_key":"any/path.txt","operation":"","process_unlisted":true,"timestamp":"2025-08-26T01:17:55.62065-04:00","trace_id":""}
{"bucket":"test-bucket","component":"","level":"info","matching_prefix":"folder1/","message":"Prefix matched","object_key":"folder1/test.txt","operation":"","timestamp":"2025-08-26T01:17:55.620662-04:00","trace_id":""}
{"allowed":true,"bucket":"unknown-bucket","check_type":"unlisted_bucket","component":"","level":"info","message":"Checking unlisted bucket","object_key":"any/path.txt","operation":"","process_unlisted":true,"timestamp":"2025-08-26T01:17:55.620677-04:00","trace_id":""}
{"bucket":"test-bucket","component":"","level":"info","matching_prefix":"folder1/","message":"Prefix matched","object_key":"folder1/test.txt","operation":"","timestamp":"2025-08-26T01:17:55.620688-04:00","trace_id":""}
{"allowed":true,"bucket":"unknown-bucket","check_type":"unlisted_bucket","component":"","level":"info","message":"Checking unlisted bucket","object_key":"any/path.txt","operation":"","process_unlisted":true,"timestamp":"2025-08-26T01:17:55.620702-04:00","trace_id":""}
{"bucket":"test-bucket","component":"","level":"info","matching_prefix":"folder1/","message":"Prefix matched","object_key":"folder1/test.txt","operation":"","timestamp":"2025-08-26T01:17:55.620714-04:00","trace_id":""}
{"allowed":true,"bucket":"unknown-bucket","check_type":"unlisted_bucket","component":"","level":"info","message":"Checking unlisted bucket","object_key":"any/path.txt","operation":"","process_unlisted":true,"timestamp":"2025-08-26T01:17:55.620727-04:00","trace_id":""}
{"bucket":"test-bucket","component":"","level":"info","matching_prefix":"folder1/","message":"Prefix matched","object_key":"folder1/test.txt","operation":"","timestamp":"2025-08-26T01:17:55.620738-04:00","trace_id":""}
{"allowed":true,"bucket":"unknown-bucket","check_type":"unlisted_bucket","component":"","level":"info","message":"Checking unlisted bucket","object_key":"any/path.txt","operation":"","process_unlisted":true,"timestamp":"2025-08-26T01:17:55.620752-04:00","trace_id":""}
{"bucket":"test-bucket","component":"","level":"info","matching_prefix":"folder1/","message":"Prefix matched","object_key":"folder1/test.txt","operation":"","timestamp":"2025-08-26T01:17:55.620765-04:00","trace_id":""}
{"allowed":true,"bucket":"unknown-bucket","check_type":"unlisted_bucket","component":"","level":"info","message":"Checking unlisted bucket","object_key":"any/path.txt","operation":"","process_unlisted":true,"timestamp":"2025-08-26T01:17:55.620774-04:00","trace_id":""}
{"allowed":true,"bucket":"unknown-bucket","check_type":"unlisted_bucket","component":"","level":"info","message":"Checking unlisted bucket","object_key":"any/path.txt","operation":"","process_unlisted":true,"timestamp":"2025-08-26T01:17:55.62055-04:00","trace_id":""}
{"bucket":"test-bucket","component":"","level":"info","matching_prefix":"folder1/","message":"Prefix matched","object_key":"folder1/test.txt","operation":"","timestamp":"2025-08-26T01:17:55.620801-04:00","trace_id":""}
{"allowed":true,"bucket":"unknown-bucket","check_type":"unlisted_bucket","component":"","level":"info","message":"Checking unlisted bucket","object_key":"any/path.txt","operation":"","process_unlisted":true,"timestamp":"2025-08-26T01:17:55.620812-04:00","trace_id":""}
{"bucket":"test-bucket","component":"","level":"info","matching_prefix":"folder1/","message":"Prefix matched","object_key":"folder1/test.txt","operation":"","timestamp":"2025-08-26T01:17:55.620788-04:00","trace_id":""}
{"allowed":true,"bucket":"unknown-bucket","check_type":"unlisted_bucket","component":"","level":"info","message":"Checking unlisted bucket","object_key":"any/path.txt","operation":"","process_unlisted":true,"timestamp":"2025-08-26T01:17:55.620829-04:00","trace_id":""}
{"allowed":true,"bucket":"unknown-bucket","check_type":"unlisted_bucket","component":"","level":"info","message":"Checking unlisted bucket","object_key":"any/path.txt","operation":"","process_unlisted":true,"timestamp":"2025-08-26T01:17:55.620587-04:00","trace_id":""}
{"bucket":"test-bucket","component":"","level":"info","matching_prefix":"folder1/","message":"Prefix matched","object_key":"folder1/test.txt","operation":"","timestamp":"2025-08-26T01:17:55.620822-04:00","trace_id":""}
{"allowed":true,"bucket":"unknown-bucket","check_type":"unlisted_bucket","component":"","level":"info","message":"Checking unlisted bucket","object_key":"any/path.txt","operation":"","process_unlisted":true,"timestamp":"2025-08-26T01:17:55.620866-04:00","trace_id":""}
{"bucket":"test-bucket","component":"","level":"info","matching_prefix":"folder1/","message":"Prefix matched","object_key":"folder1/test.txt","operation":"","timestamp":"2025-08-26T01:17:55.620858-04:00","trace_id":""}
{"allowed":true,"bucket":"unknown-bucket","check_type":"unlisted_bucket","component":"","level":"info","message":"Checking unlisted bucket","object_key":"any/path.txt","operation":"","process_unlisted":true,"timestamp":"2025-08-26T01:17:55.620879-04:00","trace_id":""}
{"allowed":true,"bucket":"unknown-bucket","check_type":"unlisted_bucket","component":"","level":"info","message":"Checking unlisted bucket","object_key":"any/path.txt","operation":"","process_unlisted":true,"timestamp":"2025-08-26T01:17:55.619654-04:00","trace_id":""}
{"bucket":"test-bucket","component":"","level":"info","matching_prefix":"folder1/","message":"Prefix matched","object_key":"folder1/test.txt","operation":"","timestamp":"2025-08-26T01:17:55.620911-04:00","trace_id":""}
{"allowed":true,"bucket":"unknown-bucket","check_type":"unlisted_bucket","component":"","level":"info","message":"Checking unlisted bucket","object_key":"any/path.txt","operation":"","process_unlisted":true,"timestamp":"2025-08-26T01:17:55.620923-04:00","trace_id":""}
{"bucket":"test-bucket","component":"","level":"info","matching_prefix":"folder1/","message":"Prefix matched","object_key":"folder1/test.txt","operation":"","timestamp":"2025-08-26T01:17:55.62094-04:00","trace_id":""}
{"bucket":"test-bucket","component":"","level":"info","matching_prefix":"folder1/","message":"Prefix matched","object_key":"folder1/test.txt","operation":"","timestamp":"2025-08-26T01:17:55.620846-04:00","trace_id":""}
{"bucket":"test-bucket","component":"","level":"info","matching_prefix":"folder1/","message":"Prefix matched","object_key":"folder1/test.txt","operation":"","timestamp":"2025-08-26T01:17:55.620888-04:00","trace_id":""}
{"allowed":true,"bucket":"unknown-bucket","check_type":"unlisted_bucket","component":"","level":"info","message":"Checking unlisted bucket","object_key":"any/path.txt","operation":"","process_unlisted":true,"timestamp":"2025-08-26T01:17:55.618434-04:00","trace_id":""}
{"allowed":true,"bucket":"unknown-bucket","check_type":"unlisted_bucket","component":"","level":"info","message":"Checking unlisted bucket","object_key":"any/path.txt","operation":"","process_unlisted":true,"timestamp":"2025-08-26T01:17:55.620963-04:00","trace_id":""}
{"bucket":"test-bucket","component":"","level":"info","matching_prefix":"folder1/","message":"Prefix matched","object_key":"folder1/test.txt","operation":"","timestamp":"2025-08-26T01:17:55.62099-04:00","trace_id":""}
{"bucket":"test-bucket","component":"","level":"info","matching_prefix":"folder1/","message":"Prefix matched","object_key":"folder1/test.txt","operation":"","timestamp":"2025-08-26T01:17:55.620995-04:00","trace_id":""}
{"allowed":true,"bucket":"unknown-bucket","check_type":"unlisted_bucket","component":"","level":"info","message":"Checking unlisted bucket","object_key":"any/path.txt","operation":"","process_unlisted":true,"timestamp":"2025-08-26T01:17:55.621006-04:00","trace_id":""}
{"allowed":true,"bucket":"unknown-bucket","check_type":"unlisted_bucket","component":"","level":"info","message":"Checking unlisted bucket","object_key":"any/path.txt","operation":"","process_unlisted":true,"timestamp":"2025-08-26T01:17:55.620952-04:00","trace_id":""}
{"allowed":true,"bucket":"unknown-bucket","check_type":"unlisted_bucket","component":"","level":"info","message":"Checking unlisted bucket","object_key":"any/path.txt","operation":"","process_unlisted":true,"timestamp":"2025-08-26T01:17:55.620977-04:00","trace_id":""}
{"bucket":"test-bucket","component":"","level":"info","matching_prefix":"folder1/","message":"Prefix matched","object_key":"folder1/test.txt","operation":"","timestamp":"2025-08-26T01:17:55.621039-04:00","trace_id":""}
{"allowed":true,"bucket":"unknown-bucket","check_type":"unlisted_bucket","component":"","level":"info","message":"Checking unlisted bucket","object_key":"any/path.txt","operation":"","process_unlisted":true,"timestamp":"2025-08-26T01:17:55.621056-04:00","trace_id":""}
{"bucket":"test-bucket","component":"","level":"info","matching_prefix":"folder1/","message":"Prefix matched","object_key":"folder1/test.txt","operation":"","timestamp":"2025-08-26T01:17:55.621069-04:00","trace_id":""}
{"allowed":true,"bucket":"unknown-bucket","check_type":"unlisted_bucket","component":"","level":"info","message":"Checking unlisted bucket","object_key":"any/path.txt","operation":"","process_unlisted":true,"timestamp":"2025-08-26T01:17:55.621083-04:00","trace_id":""}
{"bucket":"test-bucket","component":"","level":"info","matching_prefix":"folder1/","message":"Prefix matched","object_key":"folder1/test.txt","operation":"","timestamp":"2025-08-26T01:17:55.621093-04:00","trace_id":""}
{"allowed":true,"bucket":"unknown-bucket","check_type":"unlisted_bucket","component":"","level":"info","message":"Checking unlisted bucket","object_key":"any/path.txt","operation":"","process_unlisted":true,"timestamp":"2025-08-26T01:17:55.621108-04:00","trace_id":""}
{"allowed":true,"bucket":"unknown-bucket","check_type":"unlisted_bucket","component":"","level":"info","message":"Checking unlisted bucket","object_key":"any/path.txt","operation":"","process_unlisted":true,"timestamp":"2025-08-26T01:17:55.620997-04:00","trace_id":""}
{"bucket":"test-bucket","component":"","level":"info","matching_prefix":"folder1/","message":"Prefix matched","object_key":"folder1/test.txt","operation":"","timestamp":"2025-08-26T01:17:55.621132-04:00","trace_id":""}
{"allowed":true,"bucket":"unknown-bucket","check_type":"unlisted_bucket","component":"","level":"info","message":"Checking unlisted bucket","object_key":"any/path.txt","operation":"","process_unlisted":true,"timestamp":"2025-08-26T01:17:55.621141-04:00","trace_id":""}
{"bucket":"test-bucket","component":"","level":"info","matching_prefix":"folder1/","message":"Prefix matched","object_key":"folder1/test.txt","operation":"","timestamp":"2025-08-26T01:17:55.621153-04:00","trace_id":""}
{"bucket":"test-bucket","component":"","level":"info","matching_prefix":"folder1/","message":"Prefix matched","object_key":"folder1/test.txt","operation":"","timestamp":"2025-08-26T01:17:55.621015-04:00","trace_id":""}
{"allowed":true,"bucket":"unknown-bucket","check_type":"unlisted_bucket","component":"","level":"info","message":"Checking unlisted bucket","object_key":"any/path.txt","operation":"","process_unlisted":true,"timestamp":"2025-08-26T01:17:55.621168-04:00","trace_id":""}
{"bucket":"test-bucket","component":"","level":"info","matching_prefix":"folder1/","message":"Prefix matched","object_key":"folder1/test.txt","operation":"","timestamp":"2025-08-26T01:17:55.621179-04:00","trace_id":""}
{"allowed":true,"bucket":"unknown-bucket","check_type":"unlisted_bucket","component":"","level":"info","message":"Checking unlisted bucket","object_key":"any/path.txt","operation":"","process_unlisted":true,"timestamp":"2025-08-26T01:17:55.621186-04:00","trace_id":""}
{"bucket":"test-bucket","component":"","level":"info","matching_prefix":"folder1/","message":"Prefix matched","object_key":"folder1/test.txt","operation":"","timestamp":"2025-08-26T01:17:55.621198-04:00","trace_id":""}
{"allowed":true,"bucket":"unknown-bucket","check_type":"unlisted_bucket","component":"","level":"info","message":"Checking unlisted bucket","object_key":"any/path.txt","operation":"","process_unlisted":true,"timestamp":"2025-08-26T01:17:55.621208-04:00","trace_id":""}
{"bucket":"test-bucket","component":"","level":"info","matching_prefix":"folder1/","message":"Prefix matched","object_key":"folder1/test.txt","operation":"","timestamp":"2025-08-26T01:17:55.621217-04:00","trace_id":""}
{"allowed":true,"bucket":"unknown-bucket","check_type":"unlisted_bucket","component":"","level":"info","message":"Checking unlisted bucket","object_key":"any/path.txt","operation":"","process_unlisted":true,"timestamp":"2025-08-26T01:17:55.621227-04:00","trace_id":""}
{"bucket":"test-bucket","component":"","level":"info","matching_prefix":"folder1/","message":"Prefix matched","object_key":"folder1/test.txt","operation":"","timestamp":"2025-08-26T01:17:55.621026-04:00","trace_id":""}
{"allowed":true,"bucket":"unknown-bucket","check_type":"unlisted_bucket","component":"","level":"info","message":"Checking unlisted bucket","object_key":"any/path.txt","operation":"","process_unlisted":true,"timestamp":"2025-08-26T01:17:55.621242-04:00","trace_id":""}
{"allowed":true,"bucket":"unknown-bucket","check_type":"unlisted_bucket","component":"","level":"info","message":"Checking unlisted bucket","object_key":"any/path.txt","operation":"","process_unlisted":true,"timestamp":"2025-08-26T01:17:55.619902-04:00","trace_id":""}
{"bucket":"test-bucket","component":"","level":"info","matching_prefix":"folder1/","message":"Prefix matched","object_key":"folder1/test.txt","operation":"","timestamp":"2025-08-26T01:17:55.620252-04:00","trace_id":""}
{"bucket":"test-bucket","component":"","level":"info","matching_prefix":"folder1/","message":"Prefix matched","object_key":"folder1/test.txt","operation":"","timestamp":"2025-08-26T01:17:55.621268-04:00","trace_id":""}
{"bucket":"test-bucket","component":"","level":"info","matching_prefix":"folder1/","message":"Prefix matched","object_key":"folder1/test.txt","operation":"","timestamp":"2025-08-26T01:17:55.621253-04:00","trace_id":""}
{"allowed":true,"bucket":"unknown-bucket","check_type":"unlisted_bucket","component":"","level":"info","message":"Checking unlisted bucket","object_key":"any/path.txt","operation":"","process_unlisted":true,"timestamp":"2025-08-26T01:17:55.621271-04:00","trace_id":""}
{"allowed":true,"bucket":"unknown-bucket","check_type":"unlisted_bucket","component":"","level":"info","message":"Checking unlisted bucket","object_key":"any/path.txt","operation":"","process_unlisted":true,"timestamp":"2025-08-26T01:17:55.621277-04:00","trace_id":""}
{"bucket":"test-bucket","component":"","level":"info","matching_prefix":"folder1/","message":"Prefix matched","object_key":"folder1/test.txt","operation":"","timestamp":"2025-08-26T01:17:55.621315-04:00","trace_id":""}
{"allowed":true,"bucket":"unknown-bucket","check_type":"unlisted_bucket","component":"","level":"info","message":"Checking unlisted bucket","object_key":"any/path.txt","operation":"","process_unlisted":true,"timestamp":"2025-08-26T01:17:55.62129-04:00","trace_id":""}
{"bucket":"test-bucket","component":"","level":"info","matching_prefix":"folder1/","message":"Prefix matched","object_key":"folder1/test.txt","operation":"","timestamp":"2025-08-26T01:17:55.621336-04:00","trace_id":""}
{"bucket":"test-bucket","component":"","level":"info","matching_prefix":"folder1/","message":"Prefix matched","object_key":"folder1/test.txt","operation":"","timestamp":"2025-08-26T01:17:55.621306-04:00","trace_id":""}
{"allowed":true,"bucket":"unknown-bucket","check_type":"unlisted_bucket","component":"","level":"info","message":"Checking unlisted bucket","object_key":"any/path.txt","operation":"","process_unlisted":true,"timestamp":"2025-08-26T01:17:55.621355-04:00","trace_id":""}
{"bucket":"test-bucket","component":"","level":"info","matching_prefix":"folder1/","message":"Prefix matched","object_key":"folder1/test.txt","operation":"","timestamp":"2025-08-26T01:17:55.621366-04:00","trace_id":""}
{"allowed":true,"bucket":"unknown-bucket","check_type":"unlisted_bucket","component":"","level":"info","message":"Checking unlisted bucket","object_key":"any/path.txt","operation":"","process_unlisted":true,"timestamp":"2025-08-26T01:17:55.621344-04:00","trace_id":""}
{"allowed":true,"bucket":"unknown-bucket","check_type":"unlisted_bucket","component":"","level":"info","message":"Checking unlisted bucket","object_key":"any/path.txt","operation":"","process_unlisted":true,"timestamp":"2025-08-26T01:17:55.62116-04:00","trace_id":""}
{"bucket":"test-bucket","component":"","level":"info","matching_prefix":"folder1/","message":"Prefix matched","object_key":"folder1/test.txt","operation":"","timestamp":"2025-08-26T01:17:55.62139-04:00","trace_id":""}
{"allowed":true,"bucket":"unknown-bucket","check_type":"unlisted_bucket","component":"","level":"info","message":"Checking unlisted bucket","object_key":"any/path.txt","operation":"","process_unlisted":true,"timestamp":"2025-08-26T01:17:55.621399-04:00","trace_id":""}
{"bucket":"test-bucket","component":"","level":"info","matching_prefix":"folder1/","message":"Prefix matched","object_key":"folder1/test.txt","operation":"","timestamp":"2025-08-26T01:17:55.621407-04:00","trace_id":""}
{"bucket":"test-bucket","component":"","level":"info","matching_prefix":"folder1/","message":"Prefix matched","object_key":"folder1/test.txt","operation":"","timestamp":"2025-08-26T01:17:55.621384-04:00","trace_id":""}
{"allowed":true,"bucket":"unknown-bucket","check_type":"unlisted_bucket","component":"","level":"info","message":"Checking unlisted bucket","object_key":"any/path.txt","operation":"","process_unlisted":true,"timestamp":"2025-08-26T01:17:55.621374-04:00","trace_id":""}
{"bucket":"test-bucket","component":"","level":"info","matching_prefix":"folder1/","message":"Prefix matched","object_key":"folder1/test.txt","operation":"","timestamp":"2025-08-26T01:17:55.621236-04:00","trace_id":""}
{"allowed":true,"bucket":"unknown-bucket","check_type":"unlisted_bucket","component":"","level":"info","message":"Checking unlisted bucket","object_key":"any/path.txt","operation":"","process_unlisted":true,"timestamp":"2025-08-26T01:17:55.62142-04:00","trace_id":""}
{"bucket":"test-bucket","component":"","level":"info","matching_prefix":"folder1/","message":"Prefix matched","object_key":"folder1/test.txt","operation":"","timestamp":"2025-08-26T01:17:55.621459-04:00","trace_id":""}
{"allowed":true,"bucket":"unknown-bucket","check_type":"unlisted_bucket","component":"","level":"info","message":"Checking unlisted bucket","object_key":"any/path.txt","operation":"","process_unlisted":true,"timestamp":"2025-08-26T01:17:55.621468-04:00","trace_id":""}
{"bucket":"test-bucket","component":"","level":"info","matching_prefix":"folder1/","message":"Prefix matched","object_key":"folder1/test.txt","operation":"","timestamp":"2025-08-26T01:17:55.621477-04:00","trace_id":""}
{"allowed":true,"bucket":"unknown-bucket","check_type":"unlisted_bucket","component":"","level":"info","message":"Checking unlisted bucket","object_key":"any/path.txt","operation":"","process_unlisted":true,"timestamp":"2025-08-26T01:17:55.621484-04:00","trace_id":""}
{"bucket":"test-bucket","component":"","level":"info","matching_prefix":"folder1/","message":"Prefix matched","object_key":"folder1/test.txt","operation":"","timestamp":"2025-08-26T01:17:55.621496-04:00","trace_id":""}
{"bucket":"test-bucket","component":"","level":"info","matching_prefix":"folder1/","message":"Prefix matched","object_key":"folder1/test.txt","operation":"","timestamp":"2025-08-26T01:17:55.621431-04:00","trace_id":""}
{"allowed":true,"bucket":"unknown-bucket","check_type":"unlisted_bucket","component":"","level":"info","message":"Checking unlisted bucket","object_key":"any/path.txt","operation":"","process_unlisted":true,"timestamp":"2025-08-26T01:17:55.621515-04:00","trace_id":""}
{"bucket":"test-bucket","component":"","level":"info","matching_prefix":"folder1/","message":"Prefix matched","object_key":"folder1/test.txt","operation":"","timestamp":"2025-08-26T01:17:55.621537-04:00","trace_id":""}
{"allowed":true,"bucket":"unknown-bucket","check_type":"unlisted_bucket","component":"","level":"info","message":"Checking unlisted bucket","object_key":"any/path.txt","operation":"","process_unlisted":true,"timestamp":"2025-08-26T01:17:55.621546-04:00","trace_id":""}
{"bucket":"test-bucket","component":"","level":"info","matching_prefix":"folder1/","message":"Prefix matched","object_key":"folder1/test.txt","operation":"","timestamp":"2025-08-26T01:17:55.621603-04:00","trace_id":""}
{"allowed":true,"bucket":"unknown-bucket","check_type":"unlisted_bucket","component":"","level":"info","message":"Checking unlisted bucket","object_key":"any/path.txt","operation":"","process_unlisted":true,"timestamp":"2025-08-26T01:17:55.621504-04:00","trace_id":""}
{"allowed":true,"bucket":"unknown-bucket","check_type":"unlisted_bucket","component":"","level":"info","message":"Checking unlisted bucket","object_key":"any/path.txt","operation":"","process_unlisted":true,"timestamp":"2025-08-26T01:17:55.621414-04:00","trace_id":""}
{"allowed":true,"bucket":"unknown-bucket","check_type":"unlisted_bucket","component":"","level":"info","message":"Checking unlisted bucket","object_key":"any/path.txt","operation":"","process_unlisted":true,"timestamp":"2025-08-26T01:17:55.621616-04:00","trace_id":""}
{"bucket":"test-bucket","component":"","level":"info","matching_prefix":"folder1/","message":"Prefix matched","object_key":"folder1/test.txt","operation":"","timestamp":"2025-08-26T01:17:55.621788-04:00","trace_id":""}
{"allowed":true,"bucket":"unknown-bucket","check_type":"unlisted_bucket","component":"","level":"info","message":"Checking unlisted bucket","object_key":"any/path.txt","operation":"","process_unlisted":true,"timestamp":"2025-08-26T01:17:55.621806-04:00","trace_id":""}
{"bucket":"test-bucket","component":"","level":"info","matching_prefix":"folder1/","message":"Prefix matched","object_key":"folder1/test.txt","operation":"","timestamp":"2025-08-26T01:17:55.621826-04:00","trace_id":""}
{"allowed":true,"bucket":"unknown-bucket","check_type":"unlisted_bucket","component":"","level":"info","message":"Checking unlisted bucket","object_key":"any/path.txt","operation":"","process_unlisted":true,"timestamp":"2025-08-26T01:17:55.621875-04:00","trace_id":""}
{"allowed":true,"bucket":"unknown-bucket","check_type":"unlisted_bucket","component":"","level":"info","message":"Checking unlisted bucket","object_key":"any/path.txt","operation":"","process_unlisted":true,"timestamp":"2025-08-26T01:17:55.621324-04:00","trace_id":""}
{"allowed":true,"bucket":"unknown-bucket","check_type":"unlisted_bucket","component":"","level":"info","message":"Checking unlisted bucket","object_key":"any/path.txt","operation":"","process_unlisted":true,"timestamp":"2025-08-26T01:17:55.619587-04:00","trace_id":""}
{"bucket":"test-bucket","component":"","level":"info","matching_prefix":"folder1/","message":"Prefix matched","object_key":"folder1/test.txt","operation":"","timestamp":"2025-08-26T01:17:55.622119-04:00","trace_id":""}
{"allowed":true,"bucket":"unknown-bucket","check_type":"unlisted_bucket","component":"","level":"info","message":"Checking unlisted bucket","object_key":"any/path.txt","operation":"","process_unlisted":true,"timestamp":"2025-08-26T01:17:55.622136-04:00","trace_id":""}
{"bucket":"test-bucket","component":"","level":"info","matching_prefix":"folder1/","message":"Prefix matched","object_key":"folder1/test.txt","operation":"","timestamp":"2025-08-26T01:17:55.622149-04:00","trace_id":""}
{"allowed":true,"bucket":"unknown-bucket","check_type":"unlisted_bucket","component":"","level":"info","message":"Checking unlisted bucket","object_key":"any/path.txt","operation":"","process_unlisted":true,"timestamp":"2025-08-26T01:17:55.622163-04:00","trace_id":""}
{"bucket":"test-bucket","component":"","level":"info","matching_prefix":"folder1/","message":"Prefix matched","object_key":"folder1/test.txt","operation":"","timestamp":"2025-08-26T01:17:55.622175-04:00","trace_id":""}
{"allowed":true,"bucket":"unknown-bucket","check_type":"unlisted_bucket","component":"","level":"info","message":"Checking unlisted bucket","object_key":"any/path.txt","operation":"","process_unlisted":true,"timestamp":"2025-08-26T01:17:55.62219-04:00","trace_id":""}
{"bucket":"test-bucket","component":"","level":"info","matching_prefix":"folder1/","message":"Prefix matched","object_key":"folder1/test.txt","operation":"","timestamp":"2025-08-26T01:17:55.622202-04:00","trace_id":""}
{"allowed":true,"bucket":"unknown-bucket","check_type":"unlisted_bucket","component":"","level":"info","message":"Checking unlisted bucket","object_key":"any/path.txt","operation":"","process_unlisted":true,"timestamp":"2025-08-26T01:17:55.622215-04:00","trace_id":""}
{"bucket":"test-bucket","component":"","level":"info","matching_prefix":"folder1/","message":"Prefix matched","object_key":"folder1/test.txt","operation":"","timestamp":"2025-08-26T01:17:55.622225-04:00","trace_id":""}
{"allowed":true,"bucket":"unknown-bucket","check_type":"unlisted_bucket","component":"","level":"info","message":"Checking unlisted bucket","object_key":"any/path.txt","operation":"","process_unlisted":true,"timestamp":"2025-08-26T01:17:55.622234-04:00","trace_id":""}
{"bucket":"test-bucket","component":"","level":"info","matching_prefix":"folder1/","message":"Prefix matched","object_key":"folder1/test.txt","operation":"","timestamp":"2025-08-26T01:17:55.622244-04:00","trace_id":""}
{"allowed":true,"bucket":"unknown-bucket","check_type":"unlisted_bucket","component":"","level":"info","message":"Checking unlisted bucket","object_key":"any/path.txt","operation":"","process_unlisted":true,"timestamp":"2025-08-26T01:17:55.622256-04:00","trace_id":""}
{"bucket":"test-bucket","component":"","level":"info","matching_prefix":"folder1/","message":"Prefix matched","object_key":"folder1/test.txt","operation":"","timestamp":"2025-08-26T01:17:55.622265-04:00","trace_id":""}
{"bucket":"test-bucket","component":"","level":"info","matching_prefix":"folder1/","message":"Prefix matched","object_key":"folder1/test.txt","operation":"","timestamp":"2025-08-26T01:17:55.621994-04:00","trace_id":""}
{"bucket":"test-bucket","component":"","level":"info","matching_prefix":"folder1/","message":"Prefix matched","object_key":"folder1/test.txt","operation":"","timestamp":"2025-08-26T01:17:55.621892-04:00","trace_id":""}
{"allowed":true,"bucket":"unknown-bucket","check_type":"unlisted_bucket","component":"","level":"info","message":"Checking unlisted bucket","object_key":"any/path.txt","operation":"","process_unlisted":true,"timestamp":"2025-08-26T01:17:55.621445-04:00","trace_id":""}
{"bucket":"test-bucket","component":"","level":"info","matching_prefix":"folder1/","message":"Prefix matched","object_key":"folder1/test.txt","operation":"","timestamp":"2025-08-26T01:17:55.62232-04:00","trace_id":""}
{"allowed":true,"bucket":"unknown-bucket","check_type":"unlisted_bucket","component":"","level":"info","message":"Checking unlisted bucket","object_key":"any/path.txt","operation":"","process_unlisted":true,"timestamp":"2025-08-26T01:17:55.62233-04:00","trace_id":""}
{"allowed":true,"bucket":"unknown-bucket","check_type":"unlisted_bucket","component":"","level":"info","message":"Checking unlisted bucket","object_key":"any/path.txt","operation":"","process_unlisted":true,"timestamp":"2025-08-26T01:17:55.622272-04:00","trace_id":""}
{"bucket":"test-bucket","component":"","level":"info","matching_prefix":"folder1/","message":"Prefix matched","object_key":"folder1/test.txt","operation":"","timestamp":"2025-08-26T01:17:55.622352-04:00","trace_id":""}
{"allowed":true,"bucket":"unknown-bucket","check_type":"unlisted_bucket","component":"","level":"info","message":"Checking unlisted bucket","object_key":"any/path.txt","operation":"","process_unlisted":true,"timestamp":"2025-08-26T01:17:55.622291-04:00","trace_id":""}
{"bucket":"test-bucket","component":"","level":"info","matching_prefix":"folder1/","message":"Prefix matched","object_key":"folder1/test.txt","operation":"","timestamp":"2025-08-26T01:17:55.620891-04:00","trace_id":""}
{"allowed":true,"bucket":"unknown-bucket","check_type":"unlisted_bucket","component":"","level":"info","message":"Checking unlisted bucket","object_key":"any/path.txt","operation":"","process_unlisted":true,"timestamp":"2025-08-26T01:17:55.622385-04:00","trace_id":""}
{"allowed":true,"bucket":"unknown-bucket","check_type":"unlisted_bucket","component":"","level":"info","message":"Checking unlisted bucket","object_key":"any/path.txt","operation":"","process_unlisted":true,"timestamp":"2025-08-26T01:17:55.62236-04:00","trace_id":""}
{"bucket":"test-bucket","component":"","level":"info","matching_prefix":"folder1/","message":"Prefix matched","object_key":"folder1/test.txt","operation":"","timestamp":"2025-08-26T01:17:55.622409-04:00","trace_id":""}
{"allowed":true,"bucket":"unknown-bucket","check_type":"unlisted_bucket","component":"","level":"info","message":"Checking unlisted bucket","object_key":"any/path.txt","operation":"","process_unlisted":true,"timestamp":"2025-08-26T01:17:55.622419-04:00","trace_id":""}
{"bucket":"test-bucket","component":"","level":"info","matching_prefix":"folder1/","message":"Prefix matched","object_key":"folder1/test.txt","operation":"","timestamp":"2025-08-26T01:17:55.622375-04:00","trace_id":""}
{"allowed":true,"bucket":"unknown-bucket","check_type":"unlisted_bucket","component":"","level":"info","message":"Checking unlisted bucket","object_key":"any/path.txt","operation":"","process_unlisted":true,"timestamp":"2025-08-26T01:17:55.622439-04:00","trace_id":""}
{"bucket":"test-bucket","component":"","level":"info","matching_prefix":"folder1/","message":"Prefix matched","object_key":"folder1/test.txt","operation":"","timestamp":"2025-08-26T01:17:55.622454-04:00","trace_id":""}
{"allowed":true,"bucket":"unknown-bucket","check_type":"unlisted_bucket","component":"","level":"info","message":"Checking unlisted bucket","object_key":"any/path.txt","operation":"","process_unlisted":true,"timestamp":"2025-08-26T01:17:55.622461-04:00","trace_id":""}
{"bucket":"test-bucket","component":"","level":"info","matching_prefix":"folder1/","message":"Prefix matched","object_key":"folder1/test.txt","operation":"","timestamp":"2025-08-26T01:17:55.622472-04:00","trace_id":""}
{"allowed":true,"bucket":"unknown-bucket","check_type":"unlisted_bucket","component":"","level":"info","message":"Checking unlisted bucket","object_key":"any/path.txt","operation":"","process_unlisted":true,"timestamp":"2025-08-26T01:17:55.62248-04:00","trace_id":""}
{"bucket":"test-bucket","component":"","level":"info","matching_prefix":"folder1/","message":"Prefix matched","object_key":"folder1/test.txt","operation":"","timestamp":"2025-08-26T01:17:55.622489-04:00","trace_id":""}
{"allowed":true,"bucket":"unknown-bucket","check_type":"unlisted_bucket","component":"","level":"info","message":"Checking unlisted bucket","object_key":"any/path.txt","operation":"","process_unlisted":true,"timestamp":"2025-08-26T01:17:55.622497-04:00","trace_id":""}
{"bucket":"test-bucket","component":"","level":"info","matching_prefix":"folder1/","message":"Prefix matched","object_key":"folder1/test.txt","operation":"","timestamp":"2025-08-26T01:17:55.622507-04:00","trace_id":""}
{"allowed":true,"bucket":"unknown-bucket","check_type":"unlisted_bucket","component":"","level":"info","message":"Checking unlisted bucket","object_key":"any/path.txt","operation":"","process_unlisted":true,"timestamp":"2025-08-26T01:17:55.622517-04:00","trace_id":""}
{"bucket":"test-bucket","component":"","level":"info","matching_prefix":"folder1/","message":"Prefix matched","object_key":"folder1/test.txt","operation":"","timestamp":"2025-08-26T01:17:55.622527-04:00","trace_id":""}
{"allowed":true,"bucket":"unknown-bucket","check_type":"unlisted_bucket","component":"","level":"info","message":"Checking unlisted bucket","object_key":"any/path.txt","operation":"","process_unlisted":true,"timestamp":"2025-08-26T01:17:55.622534-04:00","trace_id":""}
{"bucket":"test-bucket","component":"","level":"info","matching_prefix":"folder1/","message":"Prefix matched","object_key":"folder1/test.txt","operation":"","timestamp":"2025-08-26T01:17:55.622545-04:00","trace_id":""}
{"allowed":true,"bucket":"unknown-bucket","check_type":"unlisted_bucket","component":"","level":"info","message":"Checking unlisted bucket","object_key":"any/path.txt","operation":"","process_unlisted":true,"timestamp":"2025-08-26T01:17:55.622553-04:00","trace_id":""}
{"bucket":"test-bucket","component":"","level":"info","matching_prefix":"folder1/","message":"Prefix matched","object_key":"folder1/test.txt","operation":"","timestamp":"2025-08-26T01:17:55.622567-04:00","trace_id":""}
{"allowed":true,"bucket":"unknown-bucket","check_type":"unlisted_bucket","component":"","level":"info","message":"Checking unlisted bucket","object_key":"any/path.txt","operation":"","process_unlisted":true,"timestamp":"2025-08-26T01:17:55.622577-04:00","trace_id":""}
{"bucket":"test-bucket","component":"","level":"info","matching_prefix":"folder1/","message":"Prefix matched","object_key":"folder1/test.txt","operation":"","timestamp":"2025-08-26T01:17:55.622398-04:00","trace_id":""}
{"allowed":true,"bucket":"unknown-bucket","check_type":"unlisted_bucket","component":"","level":"info","message":"Checking unlisted bucket","object_key":"any/path.txt","operation":"","process_unlisted":true,"timestamp":"2025-08-26T01:17:55.622594-04:00","trace_id":""}
{"bucket":"test-bucket","component":"","level":"info","matching_prefix":"folder1/","message":"Prefix matched","object_key":"folder1/test.txt","operation":"","timestamp":"2025-08-26T01:17:55.622603-04:00","trace_id":""}
{"allowed":true,"bucket":"unknown-bucket","check_type":"unlisted_bucket","component":"","level":"info","message":"Checking unlisted bucket","object_key":"any/path.txt","operation":"","process_unlisted":true,"timestamp":"2025-08-26T01:17:55.622611-04:00","trace_id":""}
{"bucket":"test-bucket","component":"","level":"info","matching_prefix":"folder1/","message":"Prefix matched","object_key":"folder1/test.txt","operation":"","timestamp":"2025-08-26T01:17:55.622428-04:00","trace_id":""}
{"allowed":true,"bucket":"unknown-bucket","check_type":"unlisted_bucket","component":"","level":"info","message":"Checking unlisted bucket","object_key":"any/path.txt","operation":"","process_unlisted":true,"timestamp":"2025-08-26T01:17:55.622631-04:00","trace_id":""}
{"bucket":"test-bucket","component":"","level":"info","matching_prefix":"folder1/","message":"Prefix matched","object_key":"folder1/test.txt","operation":"","timestamp":"2025-08-26T01:17:55.62262-04:00","trace_id":""}
{"bucket":"test-bucket","component":"","level":"info","matching_prefix":"folder1/","message":"Prefix matched","object_key":"folder1/test.txt","operation":"","timestamp":"2025-08-26T01:17:55.622587-04:00","trace_id":""}
{"allowed":true,"bucket":"unknown-bucket","check_type":"unlisted_bucket","component":"","level":"info","message":"Checking unlisted bucket","object_key":"any/path.txt","operation":"","process_unlisted":true,"timestamp":"2025-08-26T01:17:55.622668-04:00","trace_id":""}
{"allowed":true,"bucket":"unknown-bucket","check_type":"unlisted_bucket","component":"","level":"info","message":"Checking unlisted bucket","object_key":"any/path.txt","operation":"","process_unlisted":true,"timestamp":"2025-08-26T01:17:55.622657-04:00","trace_id":""}
{"bucket":"test-bucket","component":"","level":"info","matching_prefix":"folder1/","message":"Prefix matched","object_key":"folder1/test.txt","operation":"","timestamp":"2025-08-26T01:17:55.621715-04:00","trace_id":""}
{"allowed":true,"bucket":"unknown-bucket","check_type":"unlisted_bucket","component":"","level":"info","message":"Checking unlisted bucket","object_key":"any/path.txt","operation":"","process_unlisted":true,"timestamp":"2025-08-26T01:17:55.622696-04:00","trace_id":""}
{"bucket":"test-bucket","component":"","level":"info","matching_prefix":"folder1/","message":"Prefix matched","object_key":"folder1/test.txt","operation":"","timestamp":"2025-08-26T01:17:55.622704-04:00","trace_id":""}
{"allowed":true,"bucket":"unknown-bucket","check_type":"unlisted_bucket","component":"","level":"info","message":"Checking unlisted bucket","object_key":"any/path.txt","operation":"","process_unlisted":true,"timestamp":"2025-08-26T01:17:55.622718-04:00","trace_id":""}
{"bucket":"test-bucket","component":"","level":"info","matching_prefix":"folder1/","message":"Prefix matched","object_key":"folder1/test.txt","operation":"","timestamp":"2025-08-26T01:17:55.622728-04:00","trace_id":""}
{"bucket":"test-bucket","component":"","level":"info","matching_prefix":"folder1/","message":"Prefix matched","object_key":"folder1/test.txt","operation":"","timestamp":"2025-08-26T01:17:55.621121-04:00","trace_id":""}
{"bucket":"test-bucket","component":"","level":"info","matching_prefix":"folder1/","message":"Prefix matched","object_key":"folder1/test.txt","operation":"","timestamp":"2025-08-26T01:17:55.622704-04:00","trace_id":""}
{"allowed":true,"bucket":"unknown-bucket","check_type":"unlisted_bucket","component":"","level":"info","message":"Checking unlisted bucket","object_key":"any/path.txt","operation":"","process_unlisted":true,"timestamp":"2025-08-26T01:17:55.622757-04:00","trace_id":""}
{"allowed":true,"bucket":"unknown-bucket","check_type":"unlisted_bucket","component":"","level":"info","message":"Checking unlisted bucket","object_key":"any/path.txt","operation":"","process_unlisted":true,"timestamp":"2025-08-26T01:17:55.622735-04:00","trace_id":""}
{"allowed":true,"bucket":"unknown-bucket","check_type":"unlisted_bucket","component":"","level":"info","message":"Checking unlisted bucket","object_key":"any/path.txt","operation":"","process_unlisted":true,"timestamp":"2025-08-26T01:17:55.62275-04:00","trace_id":""}
{"bucket":"test-bucket","component":"","level":"info","matching_prefix":"folder1/","message":"Prefix matched","object_key":"folder1/test.txt","operation":"","timestamp":"2025-08-26T01:17:55.622776-04:00","trace_id":""}
{"allowed":true,"bucket":"unknown-bucket","check_type":"unlisted_bucket","component":"","level":"info","message":"Checking unlisted bucket","object_key":"any/path.txt","operation":"","process_unlisted":true,"timestamp":"2025-08-26T01:17:55.622788-04:00","trace_id":""}
{"bucket":"test-bucket","component":"","level":"info","matching_prefix":"folder1/","message":"Prefix matched","object_key":"folder1/test.txt","operation":"","timestamp":"2025-08-26T01:17:55.621959-04:00","trace_id":""}
{"allowed":true,"bucket":"unknown-bucket","check_type":"unlisted_bucket","component":"","level":"info","message":"Checking unlisted bucket","object_key":"any/path.txt","operation":"","process_unlisted":true,"timestamp":"2025-08-26T01:17:55.622808-04:00","trace_id":""}
{"bucket":"test-bucket","component":"","level":"info","matching_prefix":"folder1/","message":"Prefix matched","object_key":"folder1/test.txt","operation":"","timestamp":"2025-08-26T01:17:55.622821-04:00","trace_id":""}
{"bucket":"test-bucket","component":"","level":"info","matching_prefix":"folder1/","message":"Prefix matched","object_key":"folder1/test.txt","operation":"","timestamp":"2025-08-26T01:17:55.620479-04:00","trace_id":""}
{"allowed":true,"bucket":"unknown-bucket","check_type":"unlisted_bucket","component":"","level":"info","message":"Checking unlisted bucket","object_key":"any/path.txt","operation":"","process_unlisted":true,"timestamp":"2025-08-26T01:17:55.622843-04:00","trace_id":""}
{"bucket":"test-bucket","component":"","level":"info","matching_prefix":"folder1/","message":"Prefix matched","object_key":"folder1/test.txt","operation":"","timestamp":"2025-08-26T01:17:55.622769-04:00","trace_id":""}
{"allowed":true,"bucket":"unknown-bucket","check_type":"unlisted_bucket","component":"","level":"info","message":"Checking unlisted bucket","object_key":"any/path.txt","operation":"","process_unlisted":true,"timestamp":"2025-08-26T01:17:55.622832-04:00","trace_id":""}
{"allowed":true,"bucket":"unknown-bucket","check_type":"unlisted_bucket","component":"","level":"info","message":"Checking unlisted bucket","object_key":"any/path.txt","operation":"","process_unlisted":true,"timestamp":"2025-08-26T01:17:55.622866-04:00","trace_id":""}
{"bucket":"test-bucket","component":"","level":"info","matching_prefix":"folder1/","message":"Prefix matched","object_key":"folder1/test.txt","operation":"","timestamp":"2025-08-26T01:17:55.622876-04:00","trace_id":""}
{"allowed":true,"bucket":"unknown-bucket","check_type":"unlisted_bucket","component":"","level":"info","message":"Checking unlisted bucket","object_key":"any/path.txt","operation":"","process_unlisted":true,"timestamp":"2025-08-26T01:17:55.622885-04:00","trace_id":""}
{"bucket":"test-bucket","component":"","level":"info","matching_prefix":"folder1/","message":"Prefix matched","object_key":"folder1/test.txt","operation":"","timestamp":"2025-08-26T01:17:55.622895-04:00","trace_id":""}
{"allowed":true,"bucket":"unknown-bucket","check_type":"unlisted_bucket","component":"","level":"info","message":"Checking unlisted bucket","object_key":"any/path.txt","operation":"","process_unlisted":true,"timestamp":"2025-08-26T01:17:55.622902-04:00","trace_id":""}
{"bucket":"test-bucket","component":"","level":"info","matching_prefix":"folder1/","message":"Prefix matched","object_key":"folder1/test.txt","operation":"","timestamp":"2025-08-26T01:17:55.622913-04:00","trace_id":""}
{"allowed":true,"bucket":"unknown-bucket","check_type":"unlisted_bucket","component":"","level":"info","message":"Checking unlisted bucket","object_key":"any/path.txt","operation":"","process_unlisted":true,"timestamp":"2025-08-26T01:17:55.622919-04:00","trace_id":""}
{"bucket":"test-bucket","component":"","level":"info","matching_prefix":"folder1/","message":"Prefix matched","object_key":"folder1/test.txt","operation":"","timestamp":"2025-08-26T01:17:55.622928-04:00","trace_id":""}
{"allowed":true,"bucket":"unknown-bucket","check_type":"unlisted_bucket","component":"","level":"info","message":"Checking unlisted bucket","object_key":"any/path.txt","operation":"","process_unlisted":true,"timestamp":"2025-08-26T01:17:55.622936-04:00","trace_id":""}
{"bucket":"test-bucket","component":"","level":"info","matching_prefix":"folder1/","message":"Prefix matched","object_key":"folder1/test.txt","operation":"","timestamp":"2025-08-26T01:17:55.622948-04:00","trace_id":""}
{"allowed":true,"bucket":"unknown-bucket","check_type":"unlisted_bucket","component":"","level":"info","message":"Checking unlisted bucket","object_key":"any/path.txt","operation":"","process_unlisted":true,"timestamp":"2025-08-26T01:17:55.622955-04:00","trace_id":""}
{"bucket":"test-bucket","component":"","level":"info","matching_prefix":"folder1/","message":"Prefix matched","object_key":"folder1/test.txt","operation":"","timestamp":"2025-08-26T01:17:55.622965-04:00","trace_id":""}
{"allowed":true,"bucket":"unknown-bucket","check_type":"unlisted_bucket","component":"","level":"info","message":"Checking unlisted bucket","object_key":"any/path.txt","operation":"","process_unlisted":true,"timestamp":"2025-08-26T01:17:55.622972-04:00","trace_id":""}
{"bucket":"test-bucket","component":"","level":"info","matching_prefix":"folder1/","message":"Prefix matched","object_key":"folder1/test.txt","operation":"","timestamp":"2025-08-26T01:17:55.622982-04:00","trace_id":""}
{"allowed":true,"bucket":"unknown-bucket","check_type":"unlisted_bucket","component":"","level":"info","message":"Checking unlisted bucket","object_key":"any/path.txt","operation":"","process_unlisted":true,"timestamp":"2025-08-26T01:17:55.622989-04:00","trace_id":""}
{"bucket":"test-bucket","component":"","level":"info","matching_prefix":"folder1/","message":"Prefix matched","object_key":"folder1/test.txt","operation":"","timestamp":"2025-08-26T01:17:55.622998-04:00","trace_id":""}
{"bucket":"test-bucket","component":"","level":"info","matching_prefix":"folder1/","message":"Prefix matched","object_key":"folder1/test.txt","operation":"","timestamp":"2025-08-26T01:17:55.622852-04:00","trace_id":""}
{"allowed":true,"bucket":"unknown-bucket","check_type":"unlisted_bucket","component":"","level":"info","message":"Checking unlisted bucket","object_key":"any/path.txt","operation":"","process_unlisted":true,"timestamp":"2025-08-26T01:17:55.623015-04:00","trace_id":""}
{"bucket":"test-bucket","component":"","level":"info","matching_prefix":"folder1/","message":"Prefix matched","object_key":"folder1/test.txt","operation":"","timestamp":"2025-08-26T01:17:55.623023-04:00","trace_id":""}
{"allowed":true,"bucket":"unknown-bucket","check_type":"unlisted_bucket","component":"","level":"info","message":"Checking unlisted bucket","object_key":"any/path.txt","operation":"","process_unlisted":true,"timestamp":"2025-08-26T01:17:55.623031-04:00","trace_id":""}
{"bucket":"test-bucket","component":"","level":"info","matching_prefix":"folder1/","message":"Prefix matched","object_key":"folder1/test.txt","operation":"","timestamp":"2025-08-26T01:17:55.622797-04:00","trace_id":""}
{"bucket":"test-bucket","component":"","level":"info","matching_prefix":"folder1/","message":"Prefix matched","object_key":"folder1/test.txt","operation":"","timestamp":"2025-08-26T01:17:55.622868-04:00","trace_id":""}
{"allowed":true,"bucket":"unknown-bucket","check_type":"unlisted_bucket","component":"","level":"info","message":"Checking unlisted bucket","object_key":"any/path.txt","operation":"","process_unlisted":true,"timestamp":"2025-08-26T01:17:55.623065-04:00","trace_id":""}
{"bucket":"test-bucket","component":"","level":"info","matching_prefix":"folder1/","message":"Prefix matched","object_key":"folder1/test.txt","operation":"","timestamp":"2025-08-26T01:17:55.623075-04:00","trace_id":""}
{"allowed":true,"bucket":"unknown-bucket","check_type":"unlisted_bucket","component":"","level":"info","message":"Checking unlisted bucket","object_key":"any/path.txt","operation":"","process_unlisted":true,"timestamp":"2025-08-26T01:17:55.623083-04:00","trace_id":""}
{"bucket":"test-bucket","component":"","level":"info","matching_prefix":"folder1/","message":"Prefix matched","object_key":"folder1/test.txt","operation":"","timestamp":"2025-08-26T01:17:55.623094-04:00","trace_id":""}
{"allowed":true,"bucket":"unknown-bucket","check_type":"unlisted_bucket","component":"","level":"info","message":"Checking unlisted bucket","object_key":"any/path.txt","operation":"","process_unlisted":true,"timestamp":"2025-08-26T01:17:55.623102-04:00","trace_id":""}
{"allowed":true,"bucket":"unknown-bucket","check_type":"unlisted_bucket","component":"","level":"info","message":"Checking unlisted bucket","object_key":"any/path.txt","operation":"","process_unlisted":true,"timestamp":"2025-08-26T01:17:55.623055-04:00","trace_id":""}
{"bucket":"test-bucket","component":"","level":"info","matching_prefix":"folder1/","message":"Prefix matched","object_key":"folder1/test.txt","operation":"","timestamp":"2025-08-26T01:17:55.623125-04:00","trace_id":""}
{"allowed":true,"bucket":"unknown-bucket","check_type":"unlisted_bucket","component":"","level":"info","message":"Checking unlisted bucket","object_key":"any/path.txt","operation":"","process_unlisted":true,"timestamp":"2025-08-26T01:17:55.623133-04:00","trace_id":""}
{"bucket":"test-bucket","component":"","level":"info","matching_prefix":"folder1/","message":"Prefix matched","object_key":"folder1/test.txt","operation":"","timestamp":"2025-08-26T01:17:55.623041-04:00","trace_id":""}
{"allowed":true,"bucket":"unknown-bucket","check_type":"unlisted_bucket","component":"","level":"info","message":"Checking unlisted bucket","object_key":"any/path.txt","operation":"","process_unlisted":true,"timestamp":"2025-08-26T01:17:55.623153-04:00","trace_id":""}
{"bucket":"test-bucket","component":"","level":"info","matching_prefix":"folder1/","message":"Prefix matched","object_key":"folder1/test.txt","operation":"","timestamp":"2025-08-26T01:17:55.62311-04:00","trace_id":""}
{"allowed":true,"bucket":"unknown-bucket","check_type":"unlisted_bucket","component":"","level":"info","message":"Checking unlisted bucket","object_key":"any/path.txt","operation":"","process_unlisted":true,"timestamp":"2025-08-26T01:17:55.623171-04:00","trace_id":""}
{"bucket":"test-bucket","component":"","level":"info","matching_prefix":"folder1/","message":"Prefix matched","object_key":"folder1/test.txt","operation":"","timestamp":"2025-08-26T01:17:55.623185-04:00","trace_id":""}
{"bucket":"test-bucket","component":"","level":"info","matching_prefix":"folder1/","message":"Prefix matched","object_key":"folder1/test.txt","operation":"","timestamp":"2025-08-26T01:17:55.623162-04:00","trace_id":""}
{"allowed":true,"bucket":"unknown-bucket","check_type":"unlisted_bucket","component":"","level":"info","message":"Checking unlisted bucket","object_key":"any/path.txt","operation":"","process_unlisted":true,"timestamp":"2025-08-26T01:17:55.6232-04:00","trace_id":""}
{"bucket":"test-bucket","component":"","level":"info","matching_prefix":"folder1/","message":"Prefix matched","object_key":"folder1/test.txt","operation":"","timestamp":"2025-08-26T01:17:55.62321-04:00","trace_id":""}
{"allowed":true,"bucket":"unknown-bucket","check_type":"unlisted_bucket","component":"","level":"info","message":"Checking unlisted bucket","object_key":"any/path.txt","operation":"","process_unlisted":true,"timestamp":"2025-08-26T01:17:55.62322-04:00","trace_id":""}
{"bucket":"test-bucket","component":"","level":"info","matching_prefix":"folder1/","message":"Prefix matched","object_key":"folder1/test.txt","operation":"","timestamp":"2025-08-26T01:17:55.623228-04:00","trace_id":""}
{"allowed":true,"bucket":"unknown-bucket","check_type":"unlisted_bucket","component":"","level":"info","message":"Checking unlisted bucket","object_key":"any/path.txt","operation":"","process_unlisted":true,"timestamp":"2025-08-26T01:17:55.623236-04:00","trace_id":""}
{"bucket":"test-bucket","component":"","level":"info","matching_prefix":"folder1/","message":"Prefix matched","object_key":"folder1/test.txt","operation":"","timestamp":"2025-08-26T01:17:55.623244-04:00","trace_id":""}
{"allowed":true,"bucket":"unknown-bucket","check_type":"unlisted_bucket","component":"","level":"info","message":"Checking unlisted bucket","object_key":"any/path.txt","operation":"","process_unlisted":true,"timestamp":"2025-08-26T01:17:55.623253-04:00","trace_id":""}
{"bucket":"test-bucket","component":"","level":"info","matching_prefix":"folder1/","message":"Prefix matched","object_key":"folder1/test.txt","operation":"","timestamp":"2025-08-26T01:17:55.623142-04:00","trace_id":""}
{"allowed":true,"bucket":"unknown-bucket","check_type":"unlisted_bucket","component":"","level":"info","message":"Checking unlisted bucket","object_key":"any/path.txt","operation":"","process_unlisted":true,"timestamp":"2025-08-26T01:17:55.622305-04:00","trace_id":""}
{"allowed":true,"bucket":"unknown-bucket","check_type":"unlisted_bucket","component":"","level":"info","message":"Checking unlisted bucket","object_key":"any/path.txt","operation":"","process_unlisted":true,"timestamp":"2025-08-26T01:17:55.623005-04:00","trace_id":""}
{"allowed":true,"bucket":"unknown-bucket","check_type":"unlisted_bucket","component":"","level":"info","message":"Checking unlisted bucket","object_key":"any/path.txt","operation":"","process_unlisted":true,"timestamp":"2025-08-26T01:17:55.623266-04:00","trace_id":""}
{"bucket":"test-bucket","component":"","level":"info","matching_prefix":"folder1/","message":"Prefix matched","object_key":"folder1/test.txt","operation":"","timestamp":"2025-08-26T01:17:55.623261-04:00","trace_id":""}
{"allowed":true,"bucket":"unknown-bucket","check_type":"unlisted_bucket","component":"","level":"info","message":"Checking unlisted bucket","object_key":"any/path.txt","operation":"","process_unlisted":true,"timestamp":"2025-08-26T01:17:55.623309-04:00","trace_id":""}
{"bucket":"test-bucket","component":"","level":"info","matching_prefix":"folder1/","message":"Prefix matched","object_key":"folder1/test.txt","operation":"","timestamp":"2025-08-26T01:17:55.62333-04:00","trace_id":""}
{"bucket":"test-bucket","component":"","level":"info","matching_prefix":"folder1/","message":"Prefix matched","object_key":"folder1/test.txt","operation":"","timestamp":"2025-08-26T01:17:55.623276-04:00","trace_id":""}
{"bucket":"test-bucket","component":"","level":"info","matching_prefix":"folder1/","message":"Prefix matched","object_key":"folder1/test.txt","operation":"","timestamp":"2025-08-26T01:17:55.623285-04:00","trace_id":""}
{"bucket":"test-bucket","component":"","level":"info","matching_prefix":"folder1/","message":"Prefix matched","object_key":"folder1/test.txt","operation":"","timestamp":"2025-08-26T01:17:55.623296-04:00","trace_id":""}
{"allowed":true,"bucket":"unknown-bucket","check_type":"unlisted_bucket","component":"","level":"info","message":"Checking unlisted bucket","object_key":"any/path.txt","operation":"","process_unlisted":true,"timestamp":"2025-08-26T01:17:55.62338-04:00","trace_id":""}
{"allowed":true,"bucket":"unknown-bucket","check_type":"unlisted_bucket","component":"","level":"info","message":"Checking unlisted bucket","object_key":"any/path.txt","operation":"","process_unlisted":true,"timestamp":"2025-08-26T01:17:55.623353-04:00","trace_id":""}
{"allowed":true,"bucket":"unknown-bucket","check_type":"unlisted_bucket","component":"","level":"info","message":"Checking unlisted bucket","object_key":"any/path.txt","operation":"","process_unlisted":true,"timestamp":"2025-08-26T01:17:55.623369-04:00","trace_id":""}
{"bucket":"test-bucket","component":"","level":"info","matching_prefix":"folder1/","message":"Prefix matched","object_key":"folder1/test.txt","operation":"","timestamp":"2025-08-26T01:17:55.62339-04:00","trace_id":""}
{"allowed":true,"bucket":"unknown-bucket","check_type":"unlisted_bucket","component":"","level":"info","message":"Checking unlisted bucket","object_key":"any/path.txt","operation":"","process_unlisted":true,"timestamp":"2025-08-26T01:17:55.623419-04:00","trace_id":""}
{"bucket":"test-bucket","component":"","level":"info","matching_prefix":"folder1/","message":"Prefix matched","object_key":"folder1/test.txt","operation":"","timestamp":"2025-08-26T01:17:55.623437-04:00","trace_id":""}
{"allowed":true,"bucket":"unknown-bucket","check_type":"unlisted_bucket","component":"","level":"info","message":"Checking unlisted bucket","object_key":"any/path.txt","operation":"","process_unlisted":true,"timestamp":"2025-08-26T01:17:55.623446-04:00","trace_id":""}
{"bucket":"test-bucket","component":"","level":"info","matching_prefix":"folder1/","message":"Prefix matched","object_key":"folder1/test.txt","operation":"","timestamp":"2025-08-26T01:17:55.623398-04:00","trace_id":""}
{"allowed":true,"bucket":"unknown-bucket","check_type":"unlisted_bucket","component":"","level":"info","message":"Checking unlisted bucket","object_key":"any/path.txt","operation":"","process_unlisted":true,"timestamp":"2025-08-26T01:17:55.623342-04:00","trace_id":""}
{"bucket":"test-bucket","component":"","level":"info","matching_prefix":"folder1/","message":"Prefix matched","object_key":"folder1/test.txt","operation":"","timestamp":"2025-08-26T01:17:55.623483-04:00","trace_id":""}
{"bucket":"test-bucket","component":"","level":"info","matching_prefix":"folder1/","message":"Prefix matched","object_key":"folder1/test.txt","operation":"","timestamp":"2025-08-26T01:17:55.623456-04:00","trace_id":""}
{"allowed":true,"bucket":"unknown-bucket","check_type":"unlisted_bucket","component":"","level":"info","message":"Checking unlisted bucket","object_key":"any/path.txt","operation":"","process_unlisted":true,"timestamp":"2025-08-26T01:17:55.623504-04:00","trace_id":""}
{"bucket":"test-bucket","component":"","level":"info","matching_prefix":"folder1/","message":"Prefix matched","object_key":"folder1/test.txt","operation":"","timestamp":"2025-08-26T01:17:55.623513-04:00","trace_id":""}
{"allowed":true,"bucket":"unknown-bucket","check_type":"unlisted_bucket","component":"","level":"info","message":"Checking unlisted bucket","object_key":"any/path.txt","operation":"","process_unlisted":true,"timestamp":"2025-08-26T01:17:55.623519-04:00","trace_id":""}
{"bucket":"test-bucket","component":"","level":"info","matching_prefix":"folder1/","message":"Prefix matched","object_key":"folder1/test.txt","operation":"","timestamp":"2025-08-26T01:17:55.623532-04:00","trace_id":""}
{"allowed":true,"bucket":"unknown-bucket","check_type":"unlisted_bucket","component":"","level":"info","message":"Checking unlisted bucket","object_key":"any/path.txt","operation":"","process_unlisted":true,"timestamp":"2025-08-26T01:17:55.623539-04:00","trace_id":""}
{"allowed":true,"bucket":"unknown-bucket","check_type":"unlisted_bucket","component":"","level":"info","message":"Checking unlisted bucket","object_key":"any/path.txt","operation":"","process_unlisted":true,"timestamp":"2025-08-26T01:17:55.623472-04:00","trace_id":""}
{"bucket":"test-bucket","component":"","level":"info","matching_prefix":"folder1/","message":"Prefix matched","object_key":"folder1/test.txt","operation":"","timestamp":"2025-08-26T01:17:55.623408-04:00","trace_id":""}
{"bucket":"test-bucket","component":"","level":"info","matching_prefix":"folder1/","message":"Prefix matched","object_key":"folder1/test.txt","operation":"","timestamp":"2025-08-26T01:17:55.623547-04:00","trace_id":""}
{"allowed":true,"bucket":"unknown-bucket","check_type":"unlisted_bucket","component":"","level":"info","message":"Checking unlisted bucket","object_key":"any/path.txt","operation":"","process_unlisted":true,"timestamp":"2025-08-26T01:17:55.623592-04:00","trace_id":""}
{"bucket":"test-bucket","component":"","level":"info","matching_prefix":"folder1/","message":"Prefix matched","object_key":"folder1/test.txt","operation":"","timestamp":"2025-08-26T01:17:55.623567-04:00","trace_id":""}
{"allowed":true,"bucket":"unknown-bucket","check_type":"unlisted_bucket","component":"","level":"info","message":"Checking unlisted bucket","object_key":"any/path.txt","operation":"","process_unlisted":true,"timestamp":"2025-08-26T01:17:55.62362-04:00","trace_id":""}
{"allowed":true,"bucket":"unknown-bucket","check_type":"unlisted_bucket","component":"","level":"info","message":"Checking unlisted bucket","object_key":"any/path.txt","operation":"","process_unlisted":true,"timestamp":"2025-08-26T01:17:55.62358-04:00","trace_id":""}
{"bucket":"test-bucket","component":"","level":"info","matching_prefix":"folder1/","message":"Prefix matched","object_key":"folder1/test.txt","operation":"","timestamp":"2025-08-26T01:17:55.623653-04:00","trace_id":""}
{"bucket":"test-bucket","component":"","level":"info","matching_prefix":"folder1/","message":"Prefix matched","object_key":"folder1/test.txt","operation":"","timestamp":"2025-08-26T01:17:55.623607-04:00","trace_id":""}
{"allowed":true,"bucket":"unknown-bucket","check_type":"unlisted_bucket","component":"","level":"info","message":"Checking unlisted bucket","object_key":"any/path.txt","operation":"","process_unlisted":true,"timestamp":"2025-08-26T01:17:55.623677-04:00","trace_id":""}
{"allowed":true,"bucket":"unknown-bucket","check_type":"unlisted_bucket","component":"","level":"info","message":"Checking unlisted bucket","object_key":"any/path.txt","operation":"","process_unlisted":true,"timestamp":"2025-08-26T01:17:55.623493-04:00","trace_id":""}
{"allowed":true,"bucket":"unknown-bucket","check_type":"unlisted_bucket","component":"","level":"info","message":"Checking unlisted bucket","object_key":"any/path.txt","operation":"","process_unlisted":true,"timestamp":"2025-08-26T01:17:55.623663-04:00","trace_id":""}
{"bucket":"test-bucket","component":"","level":"info","matching_prefix":"folder1/","message":"Prefix matched","object_key":"folder1/test.txt","operation":"","timestamp":"2025-08-26T01:17:55.623707-04:00","trace_id":""}
{"allowed":true,"bucket":"unknown-bucket","check_type":"unlisted_bucket","component":"","level":"info","message":"Checking unlisted bucket","object_key":"any/path.txt","operation":"","process_unlisted":true,"timestamp":"2025-08-26T01:17:55.623716-04:00","trace_id":""}
{"bucket":"test-bucket","component":"","level":"info","matching_prefix":"folder1/","message":"Prefix matched","object_key":"folder1/test.txt","operation":"","timestamp":"2025-08-26T01:17:55.623725-04:00","trace_id":""}
{"bucket":"test-bucket","component":"","level":"info","matching_prefix":"folder1/","message":"Prefix matched","object_key":"folder1/test.txt","operation":"","timestamp":"2025-08-26T01:17:55.623687-04:00","trace_id":""}
{"bucket":"test-bucket","component":"","level":"info","matching_prefix":"folder1/","message":"Prefix matched","object_key":"folder1/test.txt","operation":"","timestamp":"2025-08-26T01:17:55.623629-04:00","trace_id":""}
{"allowed":true,"bucket":"unknown-bucket","check_type":"unlisted_bucket","component":"","level":"info","message":"Checking unlisted bucket","object_key":"any/path.txt","operation":"","process_unlisted":true,"timestamp":"2025-08-26T01:17:55.623754-04:00","trace_id":""}
{"bucket":"test-bucket","component":"","level":"info","matching_prefix":"folder1/","message":"Prefix matched","object_key":"folder1/test.txt","operation":"","timestamp":"2025-08-26T01:17:55.623766-04:00","trace_id":""}
{"allowed":true,"bucket":"unknown-bucket","check_type":"unlisted_bucket","component":"","level":"info","message":"Checking unlisted bucket","object_key":"any/path.txt","operation":"","process_unlisted":true,"timestamp":"2025-08-26T01:17:55.623772-04:00","trace_id":""}
{"bucket":"test-bucket","component":"","level":"info","matching_prefix":"folder1/","message":"Prefix matched","object_key":"folder1/test.txt","operation":"","timestamp":"2025-08-26T01:17:55.623781-04:00","trace_id":""}
{"allowed":true,"bucket":"unknown-bucket","check_type":"unlisted_bucket","component":"","level":"info","message":"Checking unlisted bucket","object_key":"any/path.txt","operation":"","process_unlisted":true,"timestamp":"2025-08-26T01:17:55.623791-04:00","trace_id":""}
{"bucket":"test-bucket","component":"","level":"info","matching_prefix":"folder1/","message":"Prefix matched","object_key":"folder1/test.txt","operation":"","timestamp":"2025-08-26T01:17:55.623802-04:00","trace_id":""}
{"bucket":"test-bucket","component":"","level":"info","matching_prefix":"folder1/","message":"Prefix matched","object_key":"folder1/test.txt","operation":"","timestamp":"2025-08-26T01:17:55.6237-04:00","trace_id":""}
{"allowed":true,"bucket":"unknown-bucket","check_type":"unlisted_bucket","component":"","level":"info","message":"Checking unlisted bucket","object_key":"any/path.txt","operation":"","process_unlisted":true,"timestamp":"2025-08-26T01:17:55.623813-04:00","trace_id":""}
{"bucket":"test-bucket","component":"","level":"info","matching_prefix":"folder1/","message":"Prefix matched","object_key":"folder1/test.txt","operation":"","timestamp":"2025-08-26T01:17:55.623824-04:00","trace_id":""}
{"allowed":true,"bucket":"unknown-bucket","check_type":"unlisted_bucket","component":"","level":"info","message":"Checking unlisted bucket","object_key":"any/path.txt","operation":"","process_unlisted":true,"timestamp":"2025-08-26T01:17:55.62383-04:00","trace_id":""}
{"bucket":"test-bucket","component":"","level":"info","matching_prefix":"folder1/","message":"Prefix matched","object_key":"folder1/test.txt","operation":"","timestamp":"2025-08-26T01:17:55.623838-04:00","trace_id":""}
{"allowed":true,"bucket":"unknown-bucket","check_type":"unlisted_bucket","component":"","level":"info","message":"Checking unlisted bucket","object_key":"any/path.txt","operation":"","process_unlisted":true,"timestamp":"2025-08-26T01:17:55.623844-04:00","trace_id":""}
{"bucket":"test-bucket","component":"","level":"info","matching_prefix":"folder1/","message":"Prefix matched","object_key":"folder1/test.txt","operation":"","timestamp":"2025-08-26T01:17:55.623853-04:00","trace_id":""}
{"allowed":true,"bucket":"unknown-bucket","check_type":"unlisted_bucket","component":"","level":"info","message":"Checking unlisted bucket","object_key":"any/path.txt","operation":"","process_unlisted":true,"timestamp":"2025-08-26T01:17:55.623858-04:00","trace_id":""}
{"allowed":true,"bucket":"unknown-bucket","check_type":"unlisted_bucket","component":"","level":"info","message":"Checking unlisted bucket","object_key":"any/path.txt","operation":"","process_unlisted":true,"timestamp":"2025-08-26T01:17:55.623731-04:00","trace_id":""}
{"bucket":"test-bucket","component":"","level":"info","matching_prefix":"folder1/","message":"Prefix matched","object_key":"folder1/test.txt","operation":"","timestamp":"2025-08-26T01:17:55.623878-04:00","trace_id":""}
{"allowed":true,"bucket":"unknown-bucket","check_type":"unlisted_bucket","component":"","level":"info","message":"Checking unlisted bucket","object_key":"any/path.txt","operation":"","process_unlisted":true,"timestamp":"2025-08-26T01:17:55.623886-04:00","trace_id":""}
{"bucket":"test-bucket","component":"","level":"info","matching_prefix":"folder1/","message":"Prefix matched","object_key":"folder1/test.txt","operation":"","timestamp":"2025-08-26T01:17:55.623894-04:00","trace_id":""}
{"allowed":true,"bucket":"unknown-bucket","check_type":"unlisted_bucket","component":"","level":"info","message":"Checking unlisted bucket","object_key":"any/path.txt","operation":"","process_unlisted":true,"timestamp":"2025-08-26T01:17:55.623902-04:00","trace_id":""}
{"bucket":"test-bucket","component":"","level":"info","matching_prefix":"folder1/","message":"Prefix matched","object_key":"folder1/test.txt","operation":"","timestamp":"2025-08-26T01:17:55.62391-04:00","trace_id":""}
{"allowed":true,"bucket":"unknown-bucket","check_type":"unlisted_bucket","component":"","level":"info","message":"Checking unlisted bucket","object_key":"any/path.txt","operation":"","process_unlisted":true,"timestamp":"2025-08-26T01:17:55.623917-04:00","trace_id":""}
{"allowed":true,"bucket":"unknown-bucket","check_type":"unlisted_bucket","component":"","level":"info","message":"Checking unlisted bucket","object_key":"any/path.txt","operation":"","process_unlisted":true,"timestamp":"2025-08-26T01:17:55.623808-04:00","trace_id":""}
{"bucket":"test-bucket","component":"","level":"info","matching_prefix":"folder1/","message":"Prefix matched","object_key":"folder1/test.txt","operation":"","timestamp":"2025-08-26T01:17:55.62394-04:00","trace_id":""}
{"allowed":true,"bucket":"unknown-bucket","check_type":"unlisted_bucket","component":"","level":"info","message":"Checking unlisted bucket","object_key":"any/path.txt","operation":"","process_unlisted":true,"timestamp":"2025-08-26T01:17:55.623949-04:00","trace_id":""}
{"allowed":true,"bucket":"unknown-bucket","check_type":"unlisted_bucket","component":"","level":"info","message":"Checking unlisted bucket","object_key":"any/path.txt","operation":"","process_unlisted":true,"timestamp":"2025-08-26T01:17:55.623741-04:00","trace_id":""}
{"bucket":"test-bucket","component":"","level":"info","matching_prefix":"folder1/","message":"Prefix matched","object_key":"folder1/test.txt","operation":"","timestamp":"2025-08-26T01:17:55.623944-04:00","trace_id":""}
{"allowed":true,"bucket":"unknown-bucket","check_type":"unlisted_bucket","component":"","level":"info","message":"Checking unlisted bucket","object_key":"any/path.txt","operation":"","process_unlisted":true,"timestamp":"2025-08-26T01:17:55.623977-04:00","trace_id":""}
{"bucket":"test-bucket","component":"","level":"info","matching_prefix":"folder1/","message":"Prefix matched","object_key":"folder1/test.txt","operation":"","timestamp":"2025-08-26T01:17:55.623957-04:00","trace_id":""}
{"allowed":true,"bucket":"unknown-bucket","check_type":"unlisted_bucket","component":"","level":"info","message":"Checking unlisted bucket","object_key":"any/path.txt","operation":"","process_unlisted":true,"timestamp":"2025-08-26T01:17:55.623993-04:00","trace_id":""}
{"bucket":"test-bucket","component":"","level":"info","matching_prefix":"folder1/","message":"Prefix matched","object_key":"folder1/test.txt","operation":"","timestamp":"2025-08-26T01:17:55.624004-04:00","trace_id":""}
{"allowed":true,"bucket":"unknown-bucket","check_type":"unlisted_bucket","component":"","level":"info","message":"Checking unlisted bucket","object_key":"any/path.txt","operation":"","process_unlisted":true,"timestamp":"2025-08-26T01:17:55.624011-04:00","trace_id":""}
{"bucket":"test-bucket","component":"","level":"info","matching_prefix":"folder1/","message":"Prefix matched","object_key":"folder1/test.txt","operation":"","timestamp":"2025-08-26T01:17:55.624023-04:00","trace_id":""}
{"allowed":true,"bucket":"unknown-bucket","check_type":"unlisted_bucket","component":"","level":"info","message":"Checking unlisted bucket","object_key":"any/path.txt","operation":"","process_unlisted":true,"timestamp":"2025-08-26T01:17:55.624031-04:00","trace_id":""}
{"bucket":"test-bucket","component":"","level":"info","matching_prefix":"folder1/","message":"Prefix matched","object_key":"folder1/test.txt","operation":"","timestamp":"2025-08-26T01:17:55.624038-04:00","trace_id":""}
{"allowed":true,"bucket":"unknown-bucket","check_type":"unlisted_bucket","component":"","level":"info","message":"Checking unlisted bucket","object_key":"any/path.txt","operation":"","process_unlisted":true,"timestamp":"2025-08-26T01:17:55.624045-04:00","trace_id":""}
{"bucket":"test-bucket","component":"","level":"info","matching_prefix":"folder1/","message":"Prefix matched","object_key":"folder1/test.txt","operation":"","timestamp":"2025-08-26T01:17:55.62397-04:00","trace_id":""}
{"allowed":true,"bucket":"unknown-bucket","check_type":"unlisted_bucket","component":"","level":"info","message":"Checking unlisted bucket","object_key":"any/path.txt","operation":"","process_unlisted":true,"timestamp":"2025-08-26T01:17:55.624058-04:00","trace_id":""}
{"bucket":"test-bucket","component":"","level":"info","matching_prefix":"folder1/","message":"Prefix matched","object_key":"folder1/test.txt","operation":"","timestamp":"2025-08-26T01:17:55.624066-04:00","trace_id":""}
{"allowed":true,"bucket":"unknown-bucket","check_type":"unlisted_bucket","component":"","level":"info","message":"Checking unlisted bucket","object_key":"any/path.txt","operation":"","process_unlisted":true,"timestamp":"2025-08-26T01:17:55.624075-04:00","trace_id":""}
{"bucket":"test-bucket","component":"","level":"info","matching_prefix":"folder1/","message":"Prefix matched","object_key":"folder1/test.txt","operation":"","timestamp":"2025-08-26T01:17:55.623986-04:00","trace_id":""}
{"allowed":true,"bucket":"unknown-bucket","check_type":"unlisted_bucket","component":"","level":"info","message":"Checking unlisted bucket","object_key":"any/path.txt","operation":"","process_unlisted":true,"timestamp":"2025-08-26T01:17:55.62409-04:00","trace_id":""}
{"bucket":"test-bucket","component":"","level":"info","matching_prefix":"folder1/","message":"Prefix matched","object_key":"folder1/test.txt","operation":"","timestamp":"2025-08-26T01:17:55.624099-04:00","trace_id":""}
{"allowed":true,"bucket":"unknown-bucket","check_type":"unlisted_bucket","component":"","level":"info","message":"Checking unlisted bucket","object_key":"any/path.txt","operation":"","process_unlisted":true,"timestamp":"2025-08-26T01:17:55.624107-04:00","trace_id":""}
{"bucket":"test-bucket","component":"","level":"info","matching_prefix":"folder1/","message":"Prefix matched","object_key":"folder1/test.txt","operation":"","timestamp":"2025-08-26T01:17:55.62412-04:00","trace_id":""}
{"allowed":true,"bucket":"unknown-bucket","check_type":"unlisted_bucket","component":"","level":"info","message":"Checking unlisted bucket","object_key":"any/path.txt","operation":"","process_unlisted":true,"timestamp":"2025-08-26T01:17:55.624129-04:00","trace_id":""}
{"bucket":"test-bucket","component":"","level":"info","matching_prefix":"folder1/","message":"Prefix matched","object_key":"folder1/test.txt","operation":"","timestamp":"2025-08-26T01:17:55.624138-04:00","trace_id":""}
{"allowed":true,"bucket":"unknown-bucket","check_type":"unlisted_bucket","component":"","level":"info","message":"Checking unlisted bucket","object_key":"any/path.txt","operation":"","process_unlisted":true,"timestamp":"2025-08-26T01:17:55.624145-04:00","trace_id":""}
{"bucket":"test-bucket","component":"","level":"info","matching_prefix":"folder1/","message":"Prefix matched","object_key":"folder1/test.txt","operation":"","timestamp":"2025-08-26T01:17:55.624153-04:00","trace_id":""}
{"allowed":true,"bucket":"unknown-bucket","check_type":"unlisted_bucket","component":"","level":"info","message":"Checking unlisted bucket","object_key":"any/path.txt","operation":"","process_unlisted":true,"timestamp":"2025-08-26T01:17:55.62416-04:00","trace_id":""}
{"bucket":"test-bucket","component":"","level":"info","matching_prefix":"folder1/","message":"Prefix matched","object_key":"folder1/test.txt","operation":"","timestamp":"2025-08-26T01:17:55.624175-04:00","trace_id":""}
{"allowed":true,"bucket":"unknown-bucket","check_type":"unlisted_bucket","component":"","level":"info","message":"Checking unlisted bucket","object_key":"any/path.txt","operation":"","process_unlisted":true,"timestamp":"2025-08-26T01:17:55.624185-04:00","trace_id":""}
{"bucket":"test-bucket","component":"","level":"info","matching_prefix":"folder1/","message":"Prefix matched","object_key":"folder1/test.txt","operation":"","timestamp":"2025-08-26T01:17:55.624194-04:00","trace_id":""}
{"allowed":true,"bucket":"unknown-bucket","check_type":"unlisted_bucket","component":"","level":"info","message":"Checking unlisted bucket","object_key":"any/path.txt","operation":"","process_unlisted":true,"timestamp":"2025-08-26T01:17:55.624202-04:00","trace_id":""}
{"bucket":"test-bucket","component":"","level":"info","matching_prefix":"folder1/","message":"Prefix matched","object_key":"folder1/test.txt","operation":"","timestamp":"2025-08-26T01:17:55.62421-04:00","trace_id":""}
{"allowed":true,"bucket":"unknown-bucket","check_type":"unlisted_bucket","component":"","level":"info","message":"Checking unlisted bucket","object_key":"any/path.txt","operation":"","process_unlisted":true,"timestamp":"2025-08-26T01:17:55.62422-04:00","trace_id":""}
{"bucket":"test-bucket","component":"","level":"info","matching_prefix":"folder1/","message":"Prefix matched","object_key":"folder1/test.txt","operation":"","timestamp":"2025-08-26T01:17:55.624082-04:00","trace_id":""}
{"allowed":true,"bucket":"unknown-bucket","check_type":"unlisted_bucket","component":"","level":"info","message":"Checking unlisted bucket","object_key":"any/path.txt","operation":"","process_unlisted":true,"timestamp":"2025-08-26T01:17:55.624236-04:00","trace_id":""}
{"bucket":"test-bucket","component":"","level":"info","matching_prefix":"folder1/","message":"Prefix matched","object_key":"folder1/test.txt","operation":"","timestamp":"2025-08-26T01:17:55.624053-04:00","trace_id":""}
{"bucket":"test-bucket","component":"","level":"info","matching_prefix":"folder1/","message":"Prefix matched","object_key":"folder1/test.txt","operation":"","timestamp":"2025-08-26T01:17:55.62423-04:00","trace_id":""}
{"allowed":true,"bucket":"unknown-bucket","check_type":"unlisted_bucket","component":"","level":"info","message":"Checking unlisted bucket","object_key":"any/path.txt","operation":"","process_unlisted":true,"timestamp":"2025-08-26T01:17:55.624258-04:00","trace_id":""}
{"bucket":"test-bucket","component":"","level":"info","matching_prefix":"folder1/","message":"Prefix matched","object_key":"folder1/test.txt","operation":"","timestamp":"2025-08-26T01:17:55.624267-04:00","trace_id":""}
{"bucket":"test-bucket","component":"","level":"info","matching_prefix":"folder1/","message":"Prefix matched","object_key":"folder1/test.txt","operation":"","timestamp":"2025-08-26T01:17:55.624246-04:00","trace_id":""}
{"allowed":true,"bucket":"unknown-bucket","check_type":"unlisted_bucket","component":"","level":"info","message":"Checking unlisted bucket","object_key":"any/path.txt","operation":"","process_unlisted":true,"timestamp":"2025-08-26T01:17:55.624251-04:00","trace_id":""}
{"allowed":true,"bucket":"unknown-bucket","check_type":"unlisted_bucket","component":"","level":"info","message":"Checking unlisted bucket","object_key":"any/path.txt","operation":"","process_unlisted":true,"timestamp":"2025-08-26T01:17:55.623193-04:00","trace_id":""}
{"allowed":true,"bucket":"unknown-bucket","check_type":"unlisted_bucket","component":"","level":"info","message":"Checking unlisted bucket","object_key":"any/path.txt","operation":"","process_unlisted":true,"timestamp":"2025-08-26T01:17:55.624273-04:00","trace_id":""}
{"bucket":"test-bucket","component":"","level":"info","matching_prefix":"folder1/","message":"Prefix matched","object_key":"folder1/test.txt","operation":"","timestamp":"2025-08-26T01:17:55.624317-04:00","trace_id":""}
{"allowed":true,"bucket":"unknown-bucket","check_type":"unlisted_bucket","component":"","level":"info","message":"Checking unlisted bucket","object_key":"any/path.txt","operation":"","process_unlisted":true,"timestamp":"2025-08-26T01:17:55.624324-04:00","trace_id":""}
{"allowed":true,"bucket":"unknown-bucket","check_type":"unlisted_bucket","component":"","level":"info","message":"Checking unlisted bucket","object_key":"any/path.txt","operation":"","process_unlisted":true,"timestamp":"2025-08-26T01:17:55.624286-04:00","trace_id":""}
{"bucket":"test-bucket","component":"","level":"info","matching_prefix":"folder1/","message":"Prefix matched","object_key":"folder1/test.txt","operation":"","timestamp":"2025-08-26T01:17:55.6243-04:00","trace_id":""}
{"allowed":true,"bucket":"unknown-bucket","check_type":"unlisted_bucket","component":"","level":"info","message":"Checking unlisted bucket","object_key":"any/path.txt","operation":"","process_unlisted":true,"timestamp":"2025-08-26T01:17:55.624358-04:00","trace_id":""}
{"bucket":"test-bucket","component":"","level":"info","matching_prefix":"folder1/","message":"Prefix matched","object_key":"folder1/test.txt","operation":"","timestamp":"2025-08-26T01:17:55.624333-04:00","trace_id":""}
{"bucket":"test-bucket","component":"","level":"info","matching_prefix":"folder1/","message":"Prefix matched","object_key":"folder1/test.txt","operation":"","timestamp":"2025-08-26T01:17:55.624348-04:00","trace_id":""}
{"bucket":"test-bucket","component":"","level":"info","matching_prefix":"folder1/","message":"Prefix matched","object_key":"folder1/test.txt","operation":"","timestamp":"2025-08-26T01:17:55.623867-04:00","trace_id":""}
{"allowed":true,"bucket":"unknown-bucket","check_type":"unlisted_bucket","component":"","level":"info","message":"Checking unlisted bucket","object_key":"any/path.txt","operation":"","process_unlisted":true,"timestamp":"2025-08-26T01:17:55.624398-04:00","trace_id":""}
{"bucket":"test-bucket","component":"","level":"info","matching_prefix":"folder1/","message":"Prefix matched","object_key":"folder1/test.txt","operation":"","timestamp":"2025-08-26T01:17:55.624408-04:00","trace_id":""}
{"allowed":true,"bucket":"unknown-bucket","check_type":"unlisted_bucket","component":"","level":"info","message":"Checking unlisted bucket","object_key":"any/path.txt","operation":"","process_unlisted":true,"timestamp":"2025-08-26T01:17:55.624415-04:00","trace_id":""}
{"bucket":"test-bucket","component":"","level":"info","matching_prefix":"folder1/","message":"Prefix matched","object_key":"folder1/test.txt","operation":"","timestamp":"2025-08-26T01:17:55.62443-04:00","trace_id":""}
{"allowed":true,"bucket":"unknown-bucket","check_type":"unlisted_bucket","component":"","level":"info","message":"Checking unlisted bucket","object_key":"any/path.txt","operation":"","process_unlisted":true,"timestamp":"2025-08-26T01:17:55.624441-04:00","trace_id":""}
{"bucket":"test-bucket","component":"","level":"info","matching_prefix":"folder1/","message":"Prefix matched","object_key":"folder1/test.txt","operation":"","timestamp":"2025-08-26T01:17:55.624458-04:00","trace_id":""}
{"allowed":true,"bucket":"unknown-bucket","check_type":"unlisted_bucket","component":"","level":"info","message":"Checking unlisted bucket","object_key":"any/path.txt","operation":"","process_unlisted":true,"timestamp":"2025-08-26T01:17:55.624466-04:00","trace_id":""}
{"bucket":"test-bucket","component":"","level":"info","matching_prefix":"folder1/","message":"Prefix matched","object_key":"folder1/test.txt","operation":"","timestamp":"2025-08-26T01:17:55.624475-04:00","trace_id":""}
{"allowed":true,"bucket":"unknown-bucket","check_type":"unlisted_bucket","component":"","level":"info","message":"Checking unlisted bucket","object_key":"any/path.txt","operation":"","process_unlisted":true,"timestamp":"2025-08-26T01:17:55.62449-04:00","trace_id":""}
{"bucket":"test-bucket","component":"","level":"info","matching_prefix":"folder1/","message":"Prefix matched","object_key":"folder1/test.txt","operation":"","timestamp":"2025-08-26T01:17:55.624502-04:00","trace_id":""}
{"allowed":true,"bucket":"unknown-bucket","check_type":"unlisted_bucket","component":"","level":"info","message":"Checking unlisted bucket","object_key":"any/path.txt","operation":"","process_unlisted":true,"timestamp":"2025-08-26T01:17:55.624508-04:00","trace_id":""}
{"bucket":"test-bucket","component":"","level":"info","matching_prefix":"folder1/","message":"Prefix matched","object_key":"folder1/test.txt","operation":"","timestamp":"2025-08-26T01:17:55.624528-04:00","trace_id":""}
{"allowed":true,"bucket":"unknown-bucket","check_type":"unlisted_bucket","component":"","level":"info","message":"Checking unlisted bucket","object_key":"any/path.txt","operation":"","process_unlisted":true,"timestamp":"2025-08-26T01:17:55.624384-04:00","trace_id":""}
{"bucket":"test-bucket","component":"","level":"info","matching_prefix":"folder1/","message":"Prefix matched","object_key":"folder1/test.txt","operation":"","timestamp":"2025-08-26T01:17:55.624367-04:00","trace_id":""}
{"allowed":true,"bucket":"unknown-bucket","check_type":"unlisted_bucket","component":"","level":"info","message":"Checking unlisted bucket","object_key":"any/path.txt","operation":"","process_unlisted":true,"timestamp":"2025-08-26T01:17:55.624563-04:00","trace_id":""}
{"allowed":true,"bucket":"unknown-bucket","check_type":"unlisted_bucket","component":"","level":"info","message":"Checking unlisted bucket","object_key":"any/path.txt","operation":"","process_unlisted":true,"timestamp":"2025-08-26T01:17:55.624391-04:00","trace_id":""}
{"allowed":true,"bucket":"unknown-bucket","check_type":"unlisted_bucket","component":"","level":"info","message":"Checking unlisted bucket","object_key":"any/path.txt","operation":"","process_unlisted":true,"timestamp":"2025-08-26T01:17:55.624539-04:00","trace_id":""}
{"bucket":"test-bucket","component":"","level":"info","matching_prefix":"folder1/","message":"Prefix matched","object_key":"folder1/test.txt","operation":"","timestamp":"2025-08-26T01:17:55.624605-04:00","trace_id":""}
{"bucket":"test-bucket","component":"","level":"info","matching_prefix":"folder1/","message":"Prefix matched","object_key":"folder1/test.txt","operation":"","timestamp":"2025-08-26T01:17:55.624554-04:00","trace_id":""}
{"allowed":true,"bucket":"unknown-bucket","check_type":"unlisted_bucket","component":"","level":"info","message":"Checking unlisted bucket","object_key":"any/path.txt","operation":"","process_unlisted":true,"timestamp":"2025-08-26T01:17:55.624622-04:00","trace_id":""}
{"bucket":"test-bucket","component":"","level":"info","matching_prefix":"folder1/","message":"Prefix matched","object_key":"folder1/test.txt","operation":"","timestamp":"2025-08-26T01:17:55.624633-04:00","trace_id":""}
{"allowed":true,"bucket":"unknown-bucket","check_type":"unlisted_bucket","component":"","level":"info","message":"Checking unlisted bucket","object_key":"any/path.txt","operation":"","process_unlisted":true,"timestamp":"2025-08-26T01:17:55.624646-04:00","trace_id":""}
{"bucket":"test-bucket","component":"","level":"info","matching_prefix":"folder1/","message":"Prefix matched","object_key":"folder1/test.txt","operation":"","timestamp":"2025-08-26T01:17:55.624659-04:00","trace_id":""}
{"allowed":true,"bucket":"unknown-bucket","check_type":"unlisted_bucket","component":"","level":"info","message":"Checking unlisted bucket","object_key":"any/path.txt","operation":"","process_unlisted":true,"timestamp":"2025-08-26T01:17:55.624668-04:00","trace_id":""}
{"bucket":"test-bucket","component":"","level":"info","matching_prefix":"folder1/","message":"Prefix matched","object_key":"folder1/test.txt","operation":"","timestamp":"2025-08-26T01:17:55.624676-04:00","trace_id":""}
{"allowed":true,"bucket":"unknown-bucket","check_type":"unlisted_bucket","component":"","level":"info","message":"Checking unlisted bucket","object_key":"any/path.txt","operation":"","process_unlisted":true,"timestamp":"2025-08-26T01:17:55.624685-04:00","trace_id":""}
{"bucket":"test-bucket","component":"","level":"info","matching_prefix":"folder1/","message":"Prefix matched","object_key":"folder1/test.txt","operation":"","timestamp":"2025-08-26T01:17:55.624692-04:00","trace_id":""}
{"bucket":"test-bucket","component":"","level":"info","matching_prefix":"folder1/","message":"Prefix matched","object_key":"folder1/test.txt","operation":"","timestamp":"2025-08-26T01:17:55.624577-04:00","trace_id":""}
{"allowed":true,"bucket":"unknown-bucket","check_type":"unlisted_bucket","component":"","level":"info","message":"Checking unlisted bucket","object_key":"any/path.txt","operation":"","process_unlisted":true,"timestamp":"2025-08-26T01:17:55.624704-04:00","trace_id":""}
{"bucket":"test-bucket","component":"","level":"info","matching_prefix":"folder1/","message":"Prefix matched","object_key":"folder1/test.txt","operation":"","timestamp":"2025-08-26T01:17:55.624593-04:00","trace_id":""}
{"allowed":true,"bucket":"unknown-bucket","check_type":"unlisted_bucket","component":"","level":"info","message":"Checking unlisted bucket","object_key":"any/path.txt","operation":"","process_unlisted":true,"timestamp":"2025-08-26T01:17:55.624612-04:00","trace_id":""}
{"allowed":true,"bucket":"unknown-bucket","check_type":"unlisted_bucket","component":"","level":"info","message":"Checking unlisted bucket","object_key":"any/path.txt","operation":"","process_unlisted":true,"timestamp":"2025-08-26T01:17:55.624699-04:00","trace_id":""}
{"bucket":"test-bucket","component":"","level":"info","matching_prefix":"folder1/","message":"Prefix matched","object_key":"folder1/test.txt","operation":"","timestamp":"2025-08-26T01:17:55.624749-04:00","trace_id":""}
{"allowed":true,"bucket":"unknown-bucket","check_type":"unlisted_bucket","component":"","level":"info","message":"Checking unlisted bucket","object_key":"any/path.txt","operation":"","process_unlisted":true,"timestamp":"2025-08-26T01:17:55.624721-04:00","trace_id":""}
{"bucket":"test-bucket","component":"","level":"info","matching_prefix":"folder1/","message":"Prefix matched","object_key":"folder1/test.txt","operation":"","timestamp":"2025-08-26T01:17:55.624715-04:00","trace_id":""}
{"allowed":true,"bucket":"unknown-bucket","check_type":"unlisted_bucket","component":"","level":"info","message":"Checking unlisted bucket","object_key":"any/path.txt","operation":"","process_unlisted":true,"timestamp":"2025-08-26T01:17:55.62478-04:00","trace_id":""}
{"bucket":"test-bucket","component":"","level":"info","matching_prefix":"folder1/","message":"Prefix matched","object_key":"folder1/test.txt","operation":"","timestamp":"2025-08-26T01:17:55.624799-04:00","trace_id":""}
{"allowed":true,"bucket":"unknown-bucket","check_type":"unlisted_bucket","component":"","level":"info","message":"Checking unlisted bucket","object_key":"any/path.txt","operation":"","process_unlisted":true,"timestamp":"2025-08-26T01:17:55.624809-04:00","trace_id":""}
{"bucket":"test-bucket","component":"","level":"info","matching_prefix":"folder1/","message":"Prefix matched","object_key":"folder1/test.txt","operation":"","timestamp":"2025-08-26T01:17:55.624821-04:00","trace_id":""}
{"allowed":true,"bucket":"unknown-bucket","check_type":"unlisted_bucket","component":"","level":"info","message":"Checking unlisted bucket","object_key":"any/path.txt","operation":"","process_unlisted":true,"timestamp":"2025-08-26T01:17:55.624838-04:00","trace_id":""}
{"bucket":"test-bucket","component":"","level":"info","matching_prefix":"folder1/","message":"Prefix matched","object_key":"folder1/test.txt","operation":"","timestamp":"2025-08-26T01:17:55.624849-04:00","trace_id":""}
{"allowed":true,"bucket":"unknown-bucket","check_type":"unlisted_bucket","component":"","level":"info","message":"Checking unlisted bucket","object_key":"any/path.txt","operation":"","process_unlisted":true,"timestamp":"2025-08-26T01:17:55.624859-04:00","trace_id":""}
{"bucket":"test-bucket","component":"","level":"info","matching_prefix":"folder1/","message":"Prefix matched","object_key":"folder1/test.txt","operation":"","timestamp":"2025-08-26T01:17:55.624873-04:00","trace_id":""}
{"allowed":true,"bucket":"unknown-bucket","check_type":"unlisted_bucket","component":"","level":"info","message":"Checking unlisted bucket","object_key":"any/path.txt","operation":"","process_unlisted":true,"timestamp":"2025-08-26T01:17:55.624756-04:00","trace_id":""}
{"bucket":"test-bucket","component":"","level":"info","matching_prefix":"folder1/","message":"Prefix matched","object_key":"folder1/test.txt","operation":"","timestamp":"2025-08-26T01:17:55.624737-04:00","trace_id":""}
{"bucket":"test-bucket","component":"","level":"info","matching_prefix":"folder1/","message":"Prefix matched","object_key":"folder1/test.txt","operation":"","timestamp":"2025-08-26T01:17:55.624768-04:00","trace_id":""}
{"allowed":true,"bucket":"unknown-bucket","check_type":"unlisted_bucket","component":"","level":"info","message":"Checking unlisted bucket","object_key":"any/path.txt","operation":"","process_unlisted":true,"timestamp":"2025-08-26T01:17:55.624912-04:00","trace_id":""}
{"bucket":"test-bucket","component":"","level":"info","matching_prefix":"folder1/","message":"Prefix matched","object_key":"folder1/test.txt","operation":"","timestamp":"2025-08-26T01:17:55.617677-04:00","trace_id":""}
{"allowed":true,"bucket":"unknown-bucket","check_type":"unlisted_bucket","component":"","level":"info","message":"Checking unlisted bucket","object_key":"any/path.txt","operation":"","process_unlisted":true,"timestamp":"2025-08-26T01:17:55.624937-04:00","trace_id":""}
{"bucket":"test-bucket","component":"","level":"info","matching_prefix":"folder1/","message":"Prefix matched","object_key":"folder1/test.txt","operation":"","timestamp":"2025-08-26T01:17:55.624947-04:00","trace_id":""}
{"bucket":"test-bucket","component":"","level":"info","matching_prefix":"folder1/","message":"Prefix matched","object_key":"folder1/test.txt","operation":"","timestamp":"2025-08-26T01:17:55.624896-04:00","trace_id":""}
{"allowed":true,"bucket":"unknown-bucket","check_type":"unlisted_bucket","component":"","level":"info","message":"Checking unlisted bucket","object_key":"any/path.txt","operation":"","process_unlisted":true,"timestamp":"2025-08-26T01:17:55.62497-04:00","trace_id":""}
{"allowed":true,"bucket":"unknown-bucket","check_type":"unlisted_bucket","component":"","level":"info","message":"Checking unlisted bucket","object_key":"any/path.txt","operation":"","process_unlisted":true,"timestamp":"2025-08-26T01:17:55.624959-04:00","trace_id":""}
{"bucket":"test-bucket","component":"","level":"info","matching_prefix":"folder1/","message":"Prefix matched","object_key":"folder1/test.txt","operation":"","timestamp":"2025-08-26T01:17:55.624928-04:00","trace_id":""}
{"allowed":true,"bucket":"unknown-bucket","check_type":"unlisted_bucket","component":"","level":"info","message":"Checking unlisted bucket","object_key":"any/path.txt","operation":"","process_unlisted":true,"timestamp":"2025-08-26T01:17:55.625004-04:00","trace_id":""}
{"bucket":"test-bucket","component":"","level":"info","matching_prefix":"folder1/","message":"Prefix matched","object_key":"folder1/test.txt","operation":"","timestamp":"2025-08-26T01:17:55.624981-04:00","trace_id":""}
{"allowed":true,"bucket":"unknown-bucket","check_type":"unlisted_bucket","component":"","level":"info","message":"Checking unlisted bucket","object_key":"any/path.txt","operation":"","process_unlisted":true,"timestamp":"2025-08-26T01:17:55.624883-04:00","trace_id":""}
{"bucket":"test-bucket","component":"","level":"info","matching_prefix":"folder1/","message":"Prefix matched","object_key":"folder1/test.txt","operation":"","timestamp":"2025-08-26T01:17:55.625039-04:00","trace_id":""}
{"allowed":true,"bucket":"unknown-bucket","check_type":"unlisted_bucket","component":"","level":"info","message":"Checking unlisted bucket","object_key":"any/path.txt","operation":"","process_unlisted":true,"timestamp":"2025-08-26T01:17:55.625029-04:00","trace_id":""}
{"bucket":"test-bucket","component":"","level":"info","matching_prefix":"folder1/","message":"Prefix matched","object_key":"folder1/test.txt","operation":"","timestamp":"2025-08-26T01:17:55.624998-04:00","trace_id":""}
{"allowed":true,"bucket":"unknown-bucket","check_type":"unlisted_bucket","component":"","level":"info","message":"Checking unlisted bucket","object_key":"any/path.txt","operation":"","process_unlisted":true,"timestamp":"2025-08-26T01:17:55.625072-04:00","trace_id":""}
{"bucket":"test-bucket","component":"","level":"info","matching_prefix":"folder1/","message":"Prefix matched","object_key":"folder1/test.txt","operation":"","timestamp":"2025-08-26T01:17:55.625081-04:00","trace_id":""}
{"allowed":true,"bucket":"unknown-bucket","check_type":"unlisted_bucket","component":"","level":"info","message":"Checking unlisted bucket","object_key":"any/path.txt","operation":"","process_unlisted":true,"timestamp":"2025-08-26T01:17:55.625047-04:00","trace_id":""}
{"bucket":"test-bucket","component":"","level":"info","matching_prefix":"folder1/","message":"Prefix matched","object_key":"folder1/test.txt","operation":"","timestamp":"2025-08-26T01:17:55.625017-04:00","trace_id":""}
{"allowed":true,"bucket":"unknown-bucket","check_type":"unlisted_bucket","component":"","level":"info","message":"Checking unlisted bucket","object_key":"any/path.txt","operation":"","process_unlisted":true,"timestamp":"2025-08-26T01:17:55.62509-04:00","trace_id":""}
{"bucket":"test-bucket","component":"","level":"info","matching_prefix":"folder1/","message":"Prefix matched","object_key":"folder1/test.txt","operation":"","timestamp":"2025-08-26T01:17:55.625118-04:00","trace_id":""}
{"allowed":true,"bucket":"unknown-bucket","check_type":"unlisted_bucket","component":"","level":"info","message":"Checking unlisted bucket","object_key":"any/path.txt","operation":"","process_unlisted":true,"timestamp":"2025-08-26T01:17:55.625127-04:00","trace_id":""}
{"bucket":"test-bucket","component":"","level":"info","matching_prefix":"folder1/","message":"Prefix matched","object_key":"folder1/test.txt","operation":"","timestamp":"2025-08-26T01:17:55.625062-04:00","trace_id":""}
{"bucket":"test-bucket","component":"","level":"info","matching_prefix":"folder1/","message":"Prefix matched","object_key":"folder1/test.txt","operation":"","timestamp":"2025-08-26T01:17:55.625104-04:00","trace_id":""}
{"allowed":true,"bucket":"unknown-bucket","check_type":"unlisted_bucket","component":"","level":"info","message":"Checking unlisted bucket","object_key":"any/path.txt","operation":"","process_unlisted":true,"timestamp":"2025-08-26T01:17:55.625159-04:00","trace_id":""}
{"bucket":"test-bucket","component":"","level":"info","matching_prefix":"folder1/","message":"Prefix matched","object_key":"folder1/test.txt","operation":"","timestamp":"2025-08-26T01:17:55.625135-04:00","trace_id":""}
{"allowed":true,"bucket":"unknown-bucket","check_type":"unlisted_bucket","component":"","level":"info","message":"Checking unlisted bucket","object_key":"any/path.txt","operation":"","process_unlisted":true,"timestamp":"2025-08-26T01:17:55.625179-04:00","trace_id":""}
{"bucket":"test-bucket","component":"","level":"info","matching_prefix":"folder1/","message":"Prefix matched","object_key":"folder1/test.txt","operation":"","timestamp":"2025-08-26T01:17:55.62519-04:00","trace_id":""}
{"allowed":true,"bucket":"unknown-bucket","check_type":"unlisted_bucket","component":"","level":"info","message":"Checking unlisted bucket","object_key":"any/path.txt","operation":"","process_unlisted":true,"timestamp":"2025-08-26T01:17:55.625198-04:00","trace_id":""}
{"bucket":"test-bucket","component":"","level":"info","matching_prefix":"folder1/","message":"Prefix matched","object_key":"folder1/test.txt","operation":"","timestamp":"2025-08-26T01:17:55.62521-04:00","trace_id":""}
{"allowed":true,"bucket":"unknown-bucket","check_type":"unlisted_bucket","component":"","level":"info","message":"Checking unlisted bucket","object_key":"any/path.txt","operation":"","process_unlisted":true,"timestamp":"2025-08-26T01:17:55.62522-04:00","trace_id":""}
{"bucket":"test-bucket","component":"","level":"info","matching_prefix":"folder1/","message":"Prefix matched","object_key":"folder1/test.txt","operation":"","timestamp":"2025-08-26T01:17:55.625229-04:00","trace_id":""}
{"allowed":true,"bucket":"unknown-bucket","check_type":"unlisted_bucket","component":"","level":"info","message":"Checking unlisted bucket","object_key":"any/path.txt","operation":"","process_unlisted":true,"timestamp":"2025-08-26T01:17:55.625235-04:00","trace_id":""}
{"bucket":"test-bucket","component":"","level":"info","matching_prefix":"folder1/","message":"Prefix matched","object_key":"folder1/test.txt","operation":"","timestamp":"2025-08-26T01:17:55.625245-04:00","trace_id":""}
{"allowed":true,"bucket":"unknown-bucket","check_type":"unlisted_bucket","component":"","level":"info","message":"Checking unlisted bucket","object_key":"any/path.txt","operation":"","process_unlisted":true,"timestamp":"2025-08-26T01:17:55.625273-04:00","trace_id":""}
{"bucket":"test-bucket","component":"","level":"info","matching_prefix":"folder1/","message":"Prefix matched","object_key":"folder1/test.txt","operation":"","timestamp":"2025-08-26T01:17:55.625283-04:00","trace_id":""}
{"allowed":true,"bucket":"unknown-bucket","check_type":"unlisted_bucket","component":"","level":"info","message":"Checking unlisted bucket","object_key":"any/path.txt","operation":"","process_unlisted":true,"timestamp":"2025-08-26T01:17:55.625151-04:00","trace_id":""}
{"bucket":"test-bucket","component":"","level":"info","matching_prefix":"folder1/","message":"Prefix matched","object_key":"folder1/test.txt","operation":"","timestamp":"2025-08-26T01:17:55.625167-04:00","trace_id":""}
{"allowed":true,"bucket":"unknown-bucket","check_type":"unlisted_bucket","component":"","level":"info","message":"Checking unlisted bucket","object_key":"any/path.txt","operation":"","process_unlisted":true,"timestamp":"2025-08-26T01:17:55.625109-04:00","trace_id":""}
{"bucket":"test-bucket","component":"","level":"info","matching_prefix":"folder1/","message":"Prefix matched","object_key":"folder1/test.txt","operation":"","timestamp":"2025-08-26T01:17:55.625323-04:00","trace_id":""}
{"allowed":true,"bucket":"unknown-bucket","check_type":"unlisted_bucket","component":"","level":"info","message":"Checking unlisted bucket","object_key":"any/path.txt","operation":"","process_unlisted":true,"timestamp":"2025-08-26T01:17:55.625333-04:00","trace_id":""}
{"bucket":"test-bucket","component":"","level":"info","matching_prefix":"folder1/","message":"Prefix matched","object_key":"folder1/test.txt","operation":"","timestamp":"2025-08-26T01:17:55.625344-04:00","trace_id":""}
{"allowed":true,"bucket":"unknown-bucket","check_type":"unlisted_bucket","component":"","level":"info","message":"Checking unlisted bucket","object_key":"any/path.txt","operation":"","process_unlisted":true,"timestamp":"2025-08-26T01:17:55.625352-04:00","trace_id":""}
{"bucket":"test-bucket","component":"","level":"info","matching_prefix":"folder1/","message":"Prefix matched","object_key":"folder1/test.txt","operation":"","timestamp":"2025-08-26T01:17:55.625303-04:00","trace_id":""}
{"allowed":true,"bucket":"unknown-bucket","check_type":"unlisted_bucket","component":"","level":"info","message":"Checking unlisted bucket","object_key":"any/path.txt","operation":"","process_unlisted":true,"timestamp":"2025-08-26T01:17:55.625373-04:00","trace_id":""}
{"allowed":true,"bucket":"unknown-bucket","check_type":"unlisted_bucket","component":"","level":"info","message":"Checking unlisted bucket","object_key":"any/path.txt","operation":"","process_unlisted":true,"timestamp":"2025-08-26T01:17:55.62529-04:00","trace_id":""}
{"bucket":"test-bucket","component":"","level":"info","matching_prefix":"folder1/","message":"Prefix matched","object_key":"folder1/test.txt","operation":"","timestamp":"2025-08-26T01:17:55.625398-04:00","trace_id":""}
{"allowed":true,"bucket":"unknown-bucket","check_type":"unlisted_bucket","component":"","level":"info","message":"Checking unlisted bucket","object_key":"any/path.txt","operation":"","process_unlisted":true,"timestamp":"2025-08-26T01:17:55.62541-04:00","trace_id":""}
{"bucket":"test-bucket","component":"","level":"info","matching_prefix":"folder1/","message":"Prefix matched","object_key":"folder1/test.txt","operation":"","timestamp":"2025-08-26T01:17:55.62542-04:00","trace_id":""}
{"bucket":"test-bucket","component":"","level":"info","matching_prefix":"folder1/","message":"Prefix matched","object_key":"folder1/test.txt","operation":"","timestamp":"2025-08-26T01:17:55.625362-04:00","trace_id":""}
{"allowed":true,"bucket":"unknown-bucket","check_type":"unlisted_bucket","component":"","level":"info","message":"Checking unlisted bucket","object_key":"any/path.txt","operation":"","process_unlisted":true,"timestamp":"2025-08-26T01:17:55.625442-04:00","trace_id":""}
{"bucket":"test-bucket","component":"","level":"info","matching_prefix":"folder1/","message":"Prefix matched","object_key":"folder1/test.txt","operation":"","timestamp":"2025-08-26T01:17:55.625451-04:00","trace_id":""}
{"allowed":true,"bucket":"unknown-bucket","check_type":"unlisted_bucket","component":"","level":"info","message":"Checking unlisted bucket","object_key":"any/path.txt","operation":"","process_unlisted":true,"timestamp":"2025-08-26T01:17:55.625458-04:00","trace_id":""}
{"bucket":"test-bucket","component":"","level":"info","matching_prefix":"folder1/","message":"Prefix matched","object_key":"folder1/test.txt","operation":"","timestamp":"2025-08-26T01:17:55.625381-04:00","trace_id":""}
{"allowed":true,"bucket":"unknown-bucket","check_type":"unlisted_bucket","component":"","level":"info","message":"Checking unlisted bucket","object_key":"any/path.txt","operation":"","process_unlisted":true,"timestamp":"2025-08-26T01:17:55.62548-04:00","trace_id":""}
{"allowed":true,"bucket":"unknown-bucket","check_type":"unlisted_bucket","component":"","level":"info","message":"Checking unlisted bucket","object_key":"any/path.txt","operation":"","process_unlisted":true,"timestamp":"2025-08-26T01:17:55.625316-04:00","trace_id":""}
{"bucket":"test-bucket","component":"","level":"info","matching_prefix":"folder1/","message":"Prefix matched","object_key":"folder1/test.txt","operation":"","timestamp":"2025-08-26T01:17:55.6255-04:00","trace_id":""}
{"allowed":true,"bucket":"unknown-bucket","check_type":"unlisted_bucket","component":"","level":"info","message":"Checking unlisted bucket","object_key":"any/path.txt","operation":"","process_unlisted":true,"timestamp":"2025-08-26T01:17:55.625517-04:00","trace_id":""}
{"bucket":"test-bucket","component":"","level":"info","matching_prefix":"folder1/","message":"Prefix matched","object_key":"folder1/test.txt","operation":"","timestamp":"2025-08-26T01:17:55.625469-04:00","trace_id":""}
{"allowed":true,"bucket":"unknown-bucket","check_type":"unlisted_bucket","component":"","level":"info","message":"Checking unlisted bucket","object_key":"any/path.txt","operation":"","process_unlisted":true,"timestamp":"2025-08-26T01:17:55.625538-04:00","trace_id":""}
{"bucket":"test-bucket","component":"","level":"info","matching_prefix":"folder1/","message":"Prefix matched","object_key":"folder1/test.txt","operation":"","timestamp":"2025-08-26T01:17:55.625547-04:00","trace_id":""}
{"allowed":true,"bucket":"unknown-bucket","check_type":"unlisted_bucket","component":"","level":"info","message":"Checking unlisted bucket","object_key":"any/path.txt","operation":"","process_unlisted":true,"timestamp":"2025-08-26T01:17:55.625553-04:00","trace_id":""}
{"allowed":true,"bucket":"unknown-bucket","check_type":"unlisted_bucket","component":"","level":"info","message":"Checking unlisted bucket","object_key":"any/path.txt","operation":"","process_unlisted":true,"timestamp":"2025-08-26T01:17:55.624921-04:00","trace_id":""}
{"bucket":"test-bucket","component":"","level":"info","matching_prefix":"folder1/","message":"Prefix matched","object_key":"folder1/test.txt","operation":"","timestamp":"2025-08-26T01:17:55.625574-04:00","trace_id":""}
{"allowed":true,"bucket":"unknown-bucket","check_type":"unlisted_bucket","component":"","level":"info","message":"Checking unlisted bucket","object_key":"any/path.txt","operation":"","process_unlisted":true,"timestamp":"2025-08-26T01:17:55.62558-04:00","trace_id":""}
{"bucket":"test-bucket","component":"","level":"info","matching_prefix":"folder1/","message":"Prefix matched","object_key":"folder1/test.txt","operation":"","timestamp":"2025-08-26T01:17:55.62553-04:00","trace_id":""}
{"allowed":true,"bucket":"unknown-bucket","check_type":"unlisted_bucket","component":"","level":"info","message":"Checking unlisted bucket","object_key":"any/path.txt","operation":"","process_unlisted":true,"timestamp":"2025-08-26T01:17:55.625601-04:00","trace_id":""}
{"bucket":"test-bucket","component":"","level":"info","matching_prefix":"folder1/","message":"Prefix matched","object_key":"folder1/test.txt","operation":"","timestamp":"2025-08-26T01:17:55.62562-04:00","trace_id":""}
{"bucket":"test-bucket","component":"","level":"info","matching_prefix":"folder1/","message":"Prefix matched","object_key":"folder1/test.txt","operation":"","timestamp":"2025-08-26T01:17:55.625563-04:00","trace_id":""}
{"allowed":true,"bucket":"unknown-bucket","check_type":"unlisted_bucket","component":"","level":"info","message":"Checking unlisted bucket","object_key":"any/path.txt","operation":"","process_unlisted":true,"timestamp":"2025-08-26T01:17:55.625638-04:00","trace_id":""}
{"bucket":"test-bucket","component":"","level":"info","matching_prefix":"folder1/","message":"Prefix matched","object_key":"folder1/test.txt","operation":"","timestamp":"2025-08-26T01:17:55.625646-04:00","trace_id":""}
{"allowed":true,"bucket":"unknown-bucket","check_type":"unlisted_bucket","component":"","level":"info","message":"Checking unlisted bucket","object_key":"any/path.txt","operation":"","process_unlisted":true,"timestamp":"2025-08-26T01:17:55.625656-04:00","trace_id":""}
{"bucket":"test-bucket","component":"","level":"info","matching_prefix":"folder1/","message":"Prefix matched","object_key":"folder1/test.txt","operation":"","timestamp":"2025-08-26T01:17:55.625588-04:00","trace_id":""}
{"allowed":true,"bucket":"unknown-bucket","check_type":"unlisted_bucket","component":"","level":"info","message":"Checking unlisted bucket","object_key":"any/path.txt","operation":"","process_unlisted":true,"timestamp":"2025-08-26T01:17:55.625678-04:00","trace_id":""}
{"bucket":"test-bucket","component":"","level":"info","matching_prefix":"folder1/","message":"Prefix matched","object_key":"folder1/test.txt","operation":"","timestamp":"2025-08-26T01:17:55.62569-04:00","trace_id":""}
{"allowed":true,"bucket":"unknown-bucket","check_type":"unlisted_bucket","component":"","level":"info","message":"Checking unlisted bucket","object_key":"any/path.txt","operation":"","process_unlisted":true,"timestamp":"2025-08-26T01:17:55.625702-04:00","trace_id":""}
{"bucket":"test-bucket","component":"","level":"info","matching_prefix":"folder1/","message":"Prefix matched","object_key":"folder1/test.txt","operation":"","timestamp":"2025-08-26T01:17:55.625712-04:00","trace_id":""}
{"allowed":true,"bucket":"unknown-bucket","check_type":"unlisted_bucket","component":"","level":"info","message":"Checking unlisted bucket","object_key":"any/path.txt","operation":"","process_unlisted":true,"timestamp":"2025-08-26T01:17:55.625723-04:00","trace_id":""}
{"bucket":"test-bucket","component":"","level":"info","matching_prefix":"folder1/","message":"Prefix matched","object_key":"folder1/test.txt","operation":"","timestamp":"2025-08-26T01:17:55.625732-04:00","trace_id":""}
{"allowed":true,"bucket":"unknown-bucket","check_type":"unlisted_bucket","component":"","level":"info","message":"Checking unlisted bucket","object_key":"any/path.txt","operation":"","process_unlisted":true,"timestamp":"2025-08-26T01:17:55.625739-04:00","trace_id":""}
{"bucket":"test-bucket","component":"","level":"info","matching_prefix":"folder1/","message":"Prefix matched","object_key":"folder1/test.txt","operation":"","timestamp":"2025-08-26T01:17:55.62575-04:00","trace_id":""}
{"allowed":true,"bucket":"unknown-bucket","check_type":"unlisted_bucket","component":"","level":"info","message":"Checking unlisted bucket","object_key":"any/path.txt","operation":"","process_unlisted":true,"timestamp":"2025-08-26T01:17:55.625757-04:00","trace_id":""}
{"bucket":"test-bucket","component":"","level":"info","matching_prefix":"folder1/","message":"Prefix matched","object_key":"folder1/test.txt","operation":"","timestamp":"2025-08-26T01:17:55.625766-04:00","trace_id":""}
{"allowed":true,"bucket":"unknown-bucket","check_type":"unlisted_bucket","component":"","level":"info","message":"Checking unlisted bucket","object_key":"any/path.txt","operation":"","process_unlisted":true,"timestamp":"2025-08-26T01:17:55.625773-04:00","trace_id":""}
{"bucket":"test-bucket","component":"","level":"info","matching_prefix":"folder1/","message":"Prefix matched","object_key":"folder1/test.txt","operation":"","timestamp":"2025-08-26T01:17:55.625782-04:00","trace_id":""}
{"allowed":true,"bucket":"unknown-bucket","check_type":"unlisted_bucket","component":"","level":"info","message":"Checking unlisted bucket","object_key":"any/path.txt","operation":"","process_unlisted":true,"timestamp":"2025-08-26T01:17:55.625789-04:00","trace_id":""}
{"bucket":"test-bucket","component":"","level":"info","matching_prefix":"folder1/","message":"Prefix matched","object_key":"folder1/test.txt","operation":"","timestamp":"2025-08-26T01:17:55.625799-04:00","trace_id":""}
{"bucket":"test-bucket","component":"","level":"info","matching_prefix":"folder1/","message":"Prefix matched","object_key":"folder1/test.txt","operation":"","timestamp":"2025-08-26T01:17:55.625665-04:00","trace_id":""}
{"allowed":true,"bucket":"unknown-bucket","check_type":"unlisted_bucket","component":"","level":"info","message":"Checking unlisted bucket","object_key":"any/path.txt","operation":"","process_unlisted":true,"timestamp":"2025-08-26T01:17:55.625631-04:00","trace_id":""}
{"bucket":"test-bucket","component":"","level":"info","matching_prefix":"folder1/","message":"Prefix matched","object_key":"folder1/test.txt","operation":"","timestamp":"2025-08-26T01:17:55.625829-04:00","trace_id":""}
{"allowed":true,"bucket":"unknown-bucket","check_type":"unlisted_bucket","component":"","level":"info","message":"Checking unlisted bucket","object_key":"any/path.txt","operation":"","process_unlisted":true,"timestamp":"2025-08-26T01:17:55.625839-04:00","trace_id":""}
{"allowed":true,"bucket":"unknown-bucket","check_type":"unlisted_bucket","component":"","level":"info","message":"Checking unlisted bucket","object_key":"any/path.txt","operation":"","process_unlisted":true,"timestamp":"2025-08-26T01:17:55.625807-04:00","trace_id":""}
{"bucket":"test-bucket","component":"","level":"info","matching_prefix":"folder1/","message":"Prefix matched","object_key":"folder1/test.txt","operation":"","timestamp":"2025-08-26T01:17:55.625863-04:00","trace_id":""}
{"bucket":"test-bucket","component":"","level":"info","matching_prefix":"folder1/","message":"Prefix matched","object_key":"folder1/test.txt","operation":"","timestamp":"2025-08-26T01:17:55.625847-04:00","trace_id":""}
{"allowed":true,"bucket":"unknown-bucket","check_type":"unlisted_bucket","component":"","level":"info","message":"Checking unlisted bucket","object_key":"any/path.txt","operation":"","process_unlisted":true,"timestamp":"2025-08-26T01:17:55.625883-04:00","trace_id":""}
{"allowed":true,"bucket":"unknown-bucket","check_type":"unlisted_bucket","component":"","level":"info","message":"Checking unlisted bucket","object_key":"any/path.txt","operation":"","process_unlisted":true,"timestamp":"2025-08-26T01:17:55.625872-04:00","trace_id":""}
{"bucket":"test-bucket","component":"","level":"info","matching_prefix":"folder1/","message":"Prefix matched","object_key":"folder1/test.txt","operation":"","timestamp":"2025-08-26T01:17:55.625902-04:00","trace_id":""}
{"allowed":true,"bucket":"unknown-bucket","check_type":"unlisted_bucket","component":"","level":"info","message":"Checking unlisted bucket","object_key":"any/path.txt","operation":"","process_unlisted":true,"timestamp":"2025-08-26T01:17:55.625428-04:00","trace_id":""}
{"bucket":"test-bucket","component":"","level":"info","matching_prefix":"folder1/","message":"Prefix matched","object_key":"folder1/test.txt","operation":"","timestamp":"2025-08-26T01:17:55.625928-04:00","trace_id":""}
{"allowed":true,"bucket":"unknown-bucket","check_type":"unlisted_bucket","component":"","level":"info","message":"Checking unlisted bucket","object_key":"any/path.txt","operation":"","process_unlisted":true,"timestamp":"2025-08-26T01:17:55.625938-04:00","trace_id":""}
{"bucket":"test-bucket","component":"","level":"info","matching_prefix":"folder1/","message":"Prefix matched","object_key":"folder1/test.txt","operation":"","timestamp":"2025-08-26T01:17:55.62549-04:00","trace_id":""}
{"allowed":true,"bucket":"unknown-bucket","check_type":"unlisted_bucket","component":"","level":"info","message":"Checking unlisted bucket","object_key":"any/path.txt","operation":"","process_unlisted":true,"timestamp":"2025-08-26T01:17:55.625956-04:00","trace_id":""}
{"bucket":"test-bucket","component":"","level":"info","matching_prefix":"folder1/","message":"Prefix matched","object_key":"folder1/test.txt","operation":"","timestamp":"2025-08-26T01:17:55.625966-04:00","trace_id":""}
{"allowed":true,"bucket":"unknown-bucket","check_type":"unlisted_bucket","component":"","level":"info","message":"Checking unlisted bucket","object_key":"any/path.txt","operation":"","process_unlisted":true,"timestamp":"2025-08-26T01:17:55.625973-04:00","trace_id":""}
{"allowed":true,"bucket":"unknown-bucket","check_type":"unlisted_bucket","component":"","level":"info","message":"Checking unlisted bucket","object_key":"any/path.txt","operation":"","process_unlisted":true,"timestamp":"2025-08-26T01:17:55.62591-04:00","trace_id":""}
{"bucket":"test-bucket","component":"","level":"info","matching_prefix":"folder1/","message":"Prefix matched","object_key":"folder1/test.txt","operation":"","timestamp":"2025-08-26T01:17:55.624305-04:00","trace_id":""}
{"allowed":true,"bucket":"unknown-bucket","check_type":"unlisted_bucket","component":"","level":"info","message":"Checking unlisted bucket","object_key":"any/path.txt","operation":"","process_unlisted":true,"timestamp":"2025-08-26T01:17:55.626009-04:00","trace_id":""}
{"bucket":"test-bucket","component":"","level":"info","matching_prefix":"folder1/","message":"Prefix matched","object_key":"folder1/test.txt","operation":"","timestamp":"2025-08-26T01:17:55.62602-04:00","trace_id":""}
{"allowed":true,"bucket":"unknown-bucket","check_type":"unlisted_bucket","component":"","level":"info","message":"Checking unlisted bucket","object_key":"any/path.txt","operation":"","process_unlisted":true,"timestamp":"2025-08-26T01:17:55.626037-04:00","trace_id":""}
{"bucket":"test-bucket","component":"","level":"info","matching_prefix":"folder1/","message":"Prefix matched","object_key":"folder1/test.txt","operation":"","timestamp":"2025-08-26T01:17:55.625984-04:00","trace_id":""}
{"allowed":true,"bucket":"unknown-bucket","check_type":"unlisted_bucket","component":"","level":"info","message":"Checking unlisted bucket","object_key":"any/path.txt","operation":"","process_unlisted":true,"timestamp":"2025-08-26T01:17:55.62606-04:00","trace_id":""}
{"bucket":"test-bucket","component":"","level":"info","matching_prefix":"folder1/","message":"Prefix matched","object_key":"folder1/test.txt","operation":"","timestamp":"2025-08-26T01:17:55.626071-04:00","trace_id":""}
{"allowed":true,"bucket":"unknown-bucket","check_type":"unlisted_bucket","component":"","level":"info","message":"Checking unlisted bucket","object_key":"any/path.txt","operation":"","process_unlisted":true,"timestamp":"2025-08-26T01:17:55.626078-04:00","trace_id":""}
{"bucket":"test-bucket","component":"","level":"info","matching_prefix":"folder1/","message":"Prefix matched","object_key":"folder1/test.txt","operation":"","timestamp":"2025-08-26T01:17:55.626086-04:00","trace_id":""}
{"bucket":"test-bucket","component":"","level":"info","matching_prefix":"folder1/","message":"Prefix matched","object_key":"folder1/test.txt","operation":"","timestamp":"2025-08-26T01:17:55.626049-04:00","trace_id":""}
{"bucket":"test-bucket","component":"","level":"info","matching_prefix":"folder1/","message":"Prefix matched","object_key":"folder1/test.txt","operation":"","timestamp":"2025-08-26T01:17:55.625995-04:00","trace_id":""}
{"allowed":true,"bucket":"unknown-bucket","check_type":"unlisted_bucket","component":"","level":"info","message":"Checking unlisted bucket","object_key":"any/path.txt","operation":"","process_unlisted":true,"timestamp":"2025-08-26T01:17:55.626093-04:00","trace_id":""}
{"bucket":"test-bucket","component":"","level":"info","matching_prefix":"folder1/","message":"Prefix matched","object_key":"folder1/test.txt","operation":"","timestamp":"2025-08-26T01:17:55.626116-04:00","trace_id":""}
{"allowed":true,"bucket":"unknown-bucket","check_type":"unlisted_bucket","component":"","level":"info","message":"Checking unlisted bucket","object_key":"any/path.txt","operation":"","process_unlisted":true,"timestamp":"2025-08-26T01:17:55.626123-04:00","trace_id":""}
{"bucket":"test-bucket","component":"","level":"info","matching_prefix":"folder1/","message":"Prefix matched","object_key":"folder1/test.txt","operation":"","timestamp":"2025-08-26T01:17:55.626132-04:00","trace_id":""}
{"allowed":true,"bucket":"unknown-bucket","check_type":"unlisted_bucket","component":"","level":"info","message":"Checking unlisted bucket","object_key":"any/path.txt","operation":"","process_unlisted":true,"timestamp":"2025-08-26T01:17:55.626109-04:00","trace_id":""}
{"allowed":true,"bucket":"unknown-bucket","check_type":"unlisted_bucket","component":"","level":"info","message":"Checking unlisted bucket","object_key":"any/path.txt","operation":"","process_unlisted":true,"timestamp":"2025-08-26T01:17:55.626106-04:00","trace_id":""}
{"allowed":true,"bucket":"unknown-bucket","check_type":"unlisted_bucket","component":"","level":"info","message":"Checking unlisted bucket","object_key":"any/path.txt","operation":"","process_unlisted":true,"timestamp":"2025-08-26T01:17:55.626141-04:00","trace_id":""}
{"bucket":"test-bucket","component":"","level":"info","matching_prefix":"folder1/","message":"Prefix matched","object_key":"folder1/test.txt","operation":"","timestamp":"2025-08-26T01:17:55.622799-04:00","trace_id":""}
{"allowed":true,"bucket":"unknown-bucket","check_type":"unlisted_bucket","component":"","level":"info","message":"Checking unlisted bucket","object_key":"any/path.txt","operation":"","process_unlisted":true,"timestamp":"2025-08-26T01:17:55.626175-04:00","trace_id":""}
{"bucket":"test-bucket","component":"","level":"info","matching_prefix":"folder1/","message":"Prefix matched","object_key":"folder1/test.txt","operation":"","timestamp":"2025-08-26T01:17:55.626185-04:00","trace_id":""}
{"allowed":true,"bucket":"unknown-bucket","check_type":"unlisted_bucket","component":"","level":"info","message":"Checking unlisted bucket","object_key":"any/path.txt","operation":"","process_unlisted":true,"timestamp":"2025-08-26T01:17:55.626192-04:00","trace_id":""}
{"bucket":"test-bucket","component":"","level":"info","matching_prefix":"folder1/","message":"Prefix matched","object_key":"folder1/test.txt","operation":"","timestamp":"2025-08-26T01:17:55.626204-04:00","trace_id":""}
{"bucket":"test-bucket","component":"","level":"info","matching_prefix":"folder1/","message":"Prefix matched","object_key":"folder1/test.txt","operation":"","timestamp":"2025-08-26T01:17:55.626153-04:00","trace_id":""}
{"bucket":"test-bucket","component":"","level":"info","matching_prefix":"folder1/","message":"Prefix matched","object_key":"folder1/test.txt","operation":"","timestamp":"2025-08-26T01:17:55.625905-04:00","trace_id":""}
{"allowed":true,"bucket":"unknown-bucket","check_type":"unlisted_bucket","component":"","level":"info","message":"Checking unlisted bucket","object_key":"any/path.txt","operation":"","process_unlisted":true,"timestamp":"2025-08-26T01:17:55.626228-04:00","trace_id":""}
{"allowed":true,"bucket":"unknown-bucket","check_type":"unlisted_bucket","component":"","level":"info","message":"Checking unlisted bucket","object_key":"any/path.txt","operation":"","process_unlisted":true,"timestamp":"2025-08-26T01:17:55.625817-04:00","trace_id":""}
{"bucket":"test-bucket","component":"","level":"info","matching_prefix":"folder1/","message":"Prefix matched","object_key":"folder1/test.txt","operation":"","timestamp":"2025-08-26T01:17:55.626251-04:00","trace_id":""}
{"allowed":true,"bucket":"unknown-bucket","check_type":"unlisted_bucket","component":"","level":"info","message":"Checking unlisted bucket","object_key":"any/path.txt","operation":"","process_unlisted":true,"timestamp":"2025-08-26T01:17:55.62626-04:00","trace_id":""}
{"bucket":"test-bucket","component":"","level":"info","matching_prefix":"folder1/","message":"Prefix matched","object_key":"folder1/test.txt","operation":"","timestamp":"2025-08-26T01:17:55.626272-04:00","trace_id":""}
{"allowed":true,"bucket":"unknown-bucket","check_type":"unlisted_bucket","component":"","level":"info","message":"Checking unlisted bucket","object_key":"any/path.txt","operation":"","process_unlisted":true,"timestamp":"2025-08-26T01:17:55.626289-04:00","trace_id":""}
{"bucket":"test-bucket","component":"","level":"info","matching_prefix":"folder1/","message":"Prefix matched","object_key":"folder1/test.txt","operation":"","timestamp":"2025-08-26T01:17:55.626301-04:00","trace_id":""}
{"allowed":true,"bucket":"unknown-bucket","check_type":"unlisted_bucket","component":"","level":"info","message":"Checking unlisted bucket","object_key":"any/path.txt","operation":"","process_unlisted":true,"timestamp":"2025-08-26T01:17:55.626318-04:00","trace_id":""}
{"bucket":"test-bucket","component":"","level":"info","matching_prefix":"folder1/","message":"Prefix matched","object_key":"folder1/test.txt","operation":"","timestamp":"2025-08-26T01:17:55.62633-04:00","trace_id":""}
{"allowed":true,"bucket":"unknown-bucket","check_type":"unlisted_bucket","component":"","level":"info","message":"Checking unlisted bucket","object_key":"any/path.txt","operation":"","process_unlisted":true,"timestamp":"2025-08-26T01:17:55.626337-04:00","trace_id":""}
{"bucket":"test-bucket","component":"","level":"info","matching_prefix":"folder1/","message":"Prefix matched","object_key":"folder1/test.txt","operation":"","timestamp":"2025-08-26T01:17:55.626348-04:00","trace_id":""}
{"allowed":true,"bucket":"unknown-bucket","check_type":"unlisted_bucket","component":"","level":"info","message":"Checking unlisted bucket","object_key":"any/path.txt","operation":"","process_unlisted":true,"timestamp":"2025-08-26T01:17:55.626213-04:00","trace_id":""}
{"bucket":"test-bucket","component":"","level":"info","matching_prefix":"folder1/","message":"Prefix matched","object_key":"folder1/test.txt","operation":"","timestamp":"2025-08-26T01:17:55.626368-04:00","trace_id":""}
{"allowed":true,"bucket":"unknown-bucket","check_type":"unlisted_bucket","component":"","level":"info","message":"Checking unlisted bucket","object_key":"any/path.txt","operation":"","process_unlisted":true,"timestamp":"2025-08-26T01:17:55.626376-04:00","trace_id":""}
{"allowed":true,"bucket":"unknown-bucket","check_type":"unlisted_bucket","component":"","level":"info","message":"Checking unlisted bucket","object_key":"any/path.txt","operation":"","process_unlisted":true,"timestamp":"2025-08-26T01:17:55.626232-04:00","trace_id":""}
{"bucket":"test-bucket","component":"","level":"info","matching_prefix":"folder1/","message":"Prefix matched","object_key":"folder1/test.txt","operation":"","timestamp":"2025-08-26T01:17:55.626393-04:00","trace_id":""}
{"allowed":true,"bucket":"unknown-bucket","check_type":"unlisted_bucket","component":"","level":"info","message":"Checking unlisted bucket","object_key":"any/path.txt","operation":"","process_unlisted":true,"timestamp":"2025-08-26T01:17:55.6264-04:00","trace_id":""}
{"bucket":"test-bucket","component":"","level":"info","matching_prefix":"folder1/","message":"Prefix matched","object_key":"folder1/test.txt","operation":"","timestamp":"2025-08-26T01:17:55.62641-04:00","trace_id":""}
{"allowed":true,"bucket":"unknown-bucket","check_type":"unlisted_bucket","component":"","level":"info","message":"Checking unlisted bucket","object_key":"any/path.txt","operation":"","process_unlisted":true,"timestamp":"2025-08-26T01:17:55.626418-04:00","trace_id":""}
{"bucket":"test-bucket","component":"","level":"info","matching_prefix":"folder1/","message":"Prefix matched","object_key":"folder1/test.txt","operation":"","timestamp":"2025-08-26T01:17:55.626427-04:00","trace_id":""}
{"allowed":true,"bucket":"unknown-bucket","check_type":"unlisted_bucket","component":"","level":"info","message":"Checking unlisted bucket","object_key":"any/path.txt","operation":"","process_unlisted":true,"timestamp":"2025-08-26T01:17:55.626436-04:00","trace_id":""}
{"bucket":"test-bucket","component":"","level":"info","matching_prefix":"folder1/","message":"Prefix matched","object_key":"folder1/test.txt","operation":"","timestamp":"2025-08-26T01:17:55.626444-04:00","trace_id":""}
{"allowed":true,"bucket":"unknown-bucket","check_type":"unlisted_bucket","component":"","level":"info","message":"Checking unlisted bucket","object_key":"any/path.txt","operation":"","process_unlisted":true,"timestamp":"2025-08-26T01:17:55.626452-04:00","trace_id":""}
{"bucket":"test-bucket","component":"","level":"info","matching_prefix":"folder1/","message":"Prefix matched","object_key":"folder1/test.txt","operation":"","timestamp":"2025-08-26T01:17:55.62646-04:00","trace_id":""}
{"allowed":true,"bucket":"unknown-bucket","check_type":"unlisted_bucket","component":"","level":"info","message":"Checking unlisted bucket","object_key":"any/path.txt","operation":"","process_unlisted":true,"timestamp":"2025-08-26T01:17:55.626469-04:00","trace_id":""}
{"bucket":"test-bucket","component":"","level":"info","matching_prefix":"folder1/","message":"Prefix matched","object_key":"folder1/test.txt","operation":"","timestamp":"2025-08-26T01:17:55.626385-04:00","trace_id":""}
{"allowed":true,"bucket":"unknown-bucket","check_type":"unlisted_bucket","component":"","level":"info","message":"Checking unlisted bucket","object_key":"any/path.txt","operation":"","process_unlisted":true,"timestamp":"2025-08-26T01:17:55.626357-04:00","trace_id":""}
{"bucket":"test-bucket","component":"","level":"info","matching_prefix":"folder1/","message":"Prefix matched","object_key":"folder1/test.txt","operation":"","timestamp":"2025-08-26T01:17:55.626494-04:00","trace_id":""}
{"allowed":true,"bucket":"unknown-bucket","check_type":"unlisted_bucket","component":"","level":"info","message":"Checking unlisted bucket","object_key":"any/path.txt","operation":"","process_unlisted":true,"timestamp":"2025-08-26T01:17:55.626501-04:00","trace_id":""}
{"bucket":"test-bucket","component":"","level":"info","matching_prefix":"folder1/","message":"Prefix matched","object_key":"folder1/test.txt","operation":"","timestamp":"2025-08-26T01:17:55.626237-04:00","trace_id":""}
{"allowed":true,"bucket":"unknown-bucket","check_type":"unlisted_bucket","component":"","level":"info","message":"Checking unlisted bucket","object_key":"any/path.txt","operation":"","process_unlisted":true,"timestamp":"2025-08-26T01:17:55.626519-04:00","trace_id":""}
{"bucket":"test-bucket","component":"","level":"info","matching_prefix":"folder1/","message":"Prefix matched","object_key":"folder1/test.txt","operation":"","timestamp":"2025-08-26T01:17:55.626528-04:00","trace_id":""}
{"allowed":true,"bucket":"unknown-bucket","check_type":"unlisted_bucket","component":"","level":"info","message":"Checking unlisted bucket","object_key":"any/path.txt","operation":"","process_unlisted":true,"timestamp":"2025-08-26T01:17:55.626536-04:00","trace_id":""}
{"bucket":"test-bucket","component":"","level":"info","matching_prefix":"folder1/","message":"Prefix matched","object_key":"folder1/test.txt","operation":"","timestamp":"2025-08-26T01:17:55.626478-04:00","trace_id":""}
{"bucket":"test-bucket","component":"","level":"info","matching_prefix":"folder1/","message":"Prefix matched","object_key":"folder1/test.txt","operation":"","timestamp":"2025-08-26T01:17:55.62595-04:00","trace_id":""}
{"bucket":"test-bucket","component":"","level":"info","matching_prefix":"folder1/","message":"Prefix matched","object_key":"folder1/test.txt","operation":"","timestamp":"2025-08-26T01:17:55.62616-04:00","trace_id":""}
{"allowed":true,"bucket":"unknown-bucket","check_type":"unlisted_bucket","component":"","level":"info","message":"Checking unlisted bucket","object_key":"any/path.txt","operation":"","process_unlisted":true,"timestamp":"2025-08-26T01:17:55.626577-04:00","trace_id":""}
{"bucket":"test-bucket","component":"","level":"info","matching_prefix":"folder1/","message":"Prefix matched","object_key":"folder1/test.txt","operation":"","timestamp":"2025-08-26T01:17:55.626586-04:00","trace_id":""}
{"allowed":true,"bucket":"unknown-bucket","check_type":"unlisted_bucket","component":"","level":"info","message":"Checking unlisted bucket","object_key":"any/path.txt","operation":"","process_unlisted":true,"timestamp":"2025-08-26T01:17:55.626559-04:00","trace_id":""}
{"bucket":"test-bucket","component":"","level":"info","matching_prefix":"folder1/","message":"Prefix matched","object_key":"folder1/test.txt","operation":"","timestamp":"2025-08-26T01:17:55.626547-04:00","trace_id":""}
{"allowed":true,"bucket":"unknown-bucket","check_type":"unlisted_bucket","component":"","level":"info","message":"Checking unlisted bucket","object_key":"any/path.txt","operation":"","process_unlisted":true,"timestamp":"2025-08-26T01:17:55.626612-04:00","trace_id":""}
{"allowed":true,"bucket":"unknown-bucket","check_type":"unlisted_bucket","component":"","level":"info","message":"Checking unlisted bucket","object_key":"any/path.txt","operation":"","process_unlisted":true,"timestamp":"2025-08-26T01:17:55.62657-04:00","trace_id":""}
{"allowed":true,"bucket":"unknown-bucket","check_type":"unlisted_bucket","component":"","level":"info","message":"Checking unlisted bucket","object_key":"any/path.txt","operation":"","process_unlisted":true,"timestamp":"2025-08-26T01:17:55.626593-04:00","trace_id":""}
{"bucket":"test-bucket","component":"","level":"info","matching_prefix":"folder1/","message":"Prefix matched","object_key":"folder1/test.txt","operation":"","timestamp":"2025-08-26T01:17:55.626626-04:00","trace_id":""}
{"allowed":true,"bucket":"unknown-bucket","check_type":"unlisted_bucket","component":"","level":"info","message":"Checking unlisted bucket","object_key":"any/path.txt","operation":"","process_unlisted":true,"timestamp":"2025-08-26T01:17:55.626655-04:00","trace_id":""}
{"bucket":"test-bucket","component":"","level":"info","matching_prefix":"folder1/","message":"Prefix matched","object_key":"folder1/test.txt","operation":"","timestamp":"2025-08-26T01:17:55.626667-04:00","trace_id":""}
{"bucket":"test-bucket","component":"","level":"info","matching_prefix":"folder1/","message":"Prefix matched","object_key":"folder1/test.txt","operation":"","timestamp":"2025-08-26T01:17:55.626604-04:00","trace_id":""}
{"allowed":true,"bucket":"unknown-bucket","check_type":"unlisted_bucket","component":"","level":"info","message":"Checking unlisted bucket","object_key":"any/path.txt","operation":"","process_unlisted":true,"timestamp":"2025-08-26T01:17:55.626685-04:00","trace_id":""}
{"bucket":"test-bucket","component":"","level":"info","matching_prefix":"folder1/","message":"Prefix matched","object_key":"folder1/test.txt","operation":"","timestamp":"2025-08-26T01:17:55.626641-04:00","trace_id":""}
{"allowed":true,"bucket":"unknown-bucket","check_type":"unlisted_bucket","component":"","level":"info","message":"Checking unlisted bucket","object_key":"any/path.txt","operation":"","process_unlisted":true,"timestamp":"2025-08-26T01:17:55.626703-04:00","trace_id":""}
{"bucket":"test-bucket","component":"","level":"info","matching_prefix":"folder1/","message":"Prefix matched","object_key":"folder1/test.txt","operation":"","timestamp":"2025-08-26T01:17:55.626716-04:00","trace_id":""}
{"allowed":true,"bucket":"unknown-bucket","check_type":"unlisted_bucket","component":"","level":"info","message":"Checking unlisted bucket","object_key":"any/path.txt","operation":"","process_unlisted":true,"timestamp":"2025-08-26T01:17:55.626725-04:00","trace_id":""}
{"bucket":"test-bucket","component":"","level":"info","matching_prefix":"folder1/","message":"Prefix matched","object_key":"folder1/test.txt","operation":"","timestamp":"2025-08-26T01:17:55.626732-04:00","trace_id":""}
{"allowed":true,"bucket":"unknown-bucket","check_type":"unlisted_bucket","component":"","level":"info","message":"Checking unlisted bucket","object_key":"any/path.txt","operation":"","process_unlisted":true,"timestamp":"2025-08-26T01:17:55.626739-04:00","trace_id":""}
{"allowed":true,"bucket":"unknown-bucket","check_type":"unlisted_bucket","component":"","level":"info","message":"Checking unlisted bucket","object_key":"any/path.txt","operation":"","process_unlisted":true,"timestamp":"2025-08-26T01:17:55.626678-04:00","trace_id":""}
{"bucket":"test-bucket","component":"","level":"info","matching_prefix":"folder1/","message":"Prefix matched","object_key":"folder1/test.txt","operation":"","timestamp":"2025-08-26T01:17:55.626696-04:00","trace_id":""}
{"allowed":true,"bucket":"unknown-bucket","check_type":"unlisted_bucket","component":"","level":"info","message":"Checking unlisted bucket","object_key":"any/path.txt","operation":"","process_unlisted":true,"timestamp":"2025-08-26T01:17:55.626764-04:00","trace_id":""}
{"bucket":"test-bucket","component":"","level":"info","matching_prefix":"folder1/","message":"Prefix matched","object_key":"folder1/test.txt","operation":"","timestamp":"2025-08-26T01:17:55.626774-04:00","trace_id":""}
{"allowed":true,"bucket":"unknown-bucket","check_type":"unlisted_bucket","component":"","level":"info","message":"Checking unlisted bucket","object_key":"any/path.txt","operation":"","process_unlisted":true,"timestamp":"2025-08-26T01:17:55.626782-04:00","trace_id":""}
{"bucket":"test-bucket","component":"","level":"info","matching_prefix":"folder1/","message":"Prefix matched","object_key":"folder1/test.txt","operation":"","timestamp":"2025-08-26T01:17:55.626647-04:00","trace_id":""}
{"allowed":true,"bucket":"unknown-bucket","check_type":"unlisted_bucket","component":"","level":"info","message":"Checking unlisted bucket","object_key":"any/path.txt","operation":"","process_unlisted":true,"timestamp":"2025-08-26T01:17:55.626799-04:00","trace_id":""}
{"bucket":"test-bucket","component":"","level":"info","matching_prefix":"folder1/","message":"Prefix matched","object_key":"folder1/test.txt","operation":"","timestamp":"2025-08-26T01:17:55.626808-04:00","trace_id":""}
{"allowed":true,"bucket":"unknown-bucket","check_type":"unlisted_bucket","component":"","level":"info","message":"Checking unlisted bucket","object_key":"any/path.txt","operation":"","process_unlisted":true,"timestamp":"2025-08-26T01:17:55.626818-04:00","trace_id":""}
{"bucket":"test-bucket","component":"","level":"info","matching_prefix":"folder1/","message":"Prefix matched","object_key":"folder1/test.txt","operation":"","timestamp":"2025-08-26T01:17:55.626828-04:00","trace_id":""}
{"allowed":true,"bucket":"unknown-bucket","check_type":"unlisted_bucket","component":"","level":"info","message":"Checking unlisted bucket","object_key":"any/path.txt","operation":"","process_unlisted":true,"timestamp":"2025-08-26T01:17:55.626848-04:00","trace_id":""}
{"bucket":"test-bucket","component":"","level":"info","matching_prefix":"folder1/","message":"Prefix matched","object_key":"folder1/test.txt","operation":"","timestamp":"2025-08-26T01:17:55.626856-04:00","trace_id":""}
{"allowed":true,"bucket":"unknown-bucket","check_type":"unlisted_bucket","component":"","level":"info","message":"Checking unlisted bucket","object_key":"any/path.txt","operation":"","process_unlisted":true,"timestamp":"2025-08-26T01:17:55.626863-04:00","trace_id":""}
{"bucket":"test-bucket","component":"","level":"info","matching_prefix":"folder1/","message":"Prefix matched","object_key":"folder1/test.txt","operation":"","timestamp":"2025-08-26T01:17:55.626871-04:00","trace_id":""}
{"allowed":true,"bucket":"unknown-bucket","check_type":"unlisted_bucket","component":"","level":"info","message":"Checking unlisted bucket","object_key":"any/path.txt","operation":"","process_unlisted":true,"timestamp":"2025-08-26T01:17:55.626877-04:00","trace_id":""}
{"bucket":"test-bucket","component":"","level":"info","matching_prefix":"folder1/","message":"Prefix matched","object_key":"folder1/test.txt","operation":"","timestamp":"2025-08-26T01:17:55.626886-04:00","trace_id":""}
{"allowed":true,"bucket":"unknown-bucket","check_type":"unlisted_bucket","component":"","level":"info","message":"Checking unlisted bucket","object_key":"any/path.txt","operation":"","process_unlisted":true,"timestamp":"2025-08-26T01:17:55.626894-04:00","trace_id":""}
{"bucket":"test-bucket","component":"","level":"info","matching_prefix":"folder1/","message":"Prefix matched","object_key":"folder1/test.txt","operation":"","timestamp":"2025-08-26T01:17:55.626902-04:00","trace_id":""}
{"allowed":true,"bucket":"unknown-bucket","check_type":"unlisted_bucket","component":"","level":"info","message":"Checking unlisted bucket","object_key":"any/path.txt","operation":"","process_unlisted":true,"timestamp":"2025-08-26T01:17:55.626916-04:00","trace_id":""}
{"bucket":"test-bucket","component":"","level":"info","matching_prefix":"folder1/","message":"Prefix matched","object_key":"folder1/test.txt","operation":"","timestamp":"2025-08-26T01:17:55.626925-04:00","trace_id":""}
{"allowed":true,"bucket":"unknown-bucket","check_type":"unlisted_bucket","component":"","level":"info","message":"Checking unlisted bucket","object_key":"any/path.txt","operation":"","process_unlisted":true,"timestamp":"2025-08-26T01:17:55.626931-04:00","trace_id":""}
{"bucket":"test-bucket","component":"","level":"info","matching_prefix":"folder1/","message":"Prefix matched","object_key":"folder1/test.txt","operation":"","timestamp":"2025-08-26T01:17:55.62694-04:00","trace_id":""}
{"allowed":true,"bucket":"unknown-bucket","check_type":"unlisted_bucket","component":"","level":"info","message":"Checking unlisted bucket","object_key":"any/path.txt","operation":"","process_unlisted":true,"timestamp":"2025-08-26T01:17:55.626947-04:00","trace_id":""}
{"bucket":"test-bucket","component":"","level":"info","matching_prefix":"folder1/","message":"Prefix matched","object_key":"folder1/test.txt","operation":"","timestamp":"2025-08-26T01:17:55.626955-04:00","trace_id":""}
{"allowed":true,"bucket":"unknown-bucket","check_type":"unlisted_bucket","component":"","level":"info","message":"Checking unlisted bucket","object_key":"any/path.txt","operation":"","process_unlisted":true,"timestamp":"2025-08-26T01:17:55.626961-04:00","trace_id":""}
{"bucket":"test-bucket","component":"","level":"info","matching_prefix":"folder1/","message":"Prefix matched","object_key":"folder1/test.txt","operation":"","timestamp":"2025-08-26T01:17:55.62697-04:00","trace_id":""}
{"allowed":true,"bucket":"unknown-bucket","check_type":"unlisted_bucket","component":"","level":"info","message":"Checking unlisted bucket","object_key":"any/path.txt","operation":"","process_unlisted":true,"timestamp":"2025-08-26T01:17:55.626979-04:00","trace_id":""}
{"bucket":"test-bucket","component":"","level":"info","matching_prefix":"folder1/","message":"Prefix matched","object_key":"folder1/test.txt","operation":"","timestamp":"2025-08-26T01:17:55.626986-04:00","trace_id":""}
{"allowed":true,"bucket":"unknown-bucket","check_type":"unlisted_bucket","component":"","level":"info","message":"Checking unlisted bucket","object_key":"any/path.txt","operation":"","process_unlisted":true,"timestamp":"2025-08-26T01:17:55.626994-04:00","trace_id":""}
{"bucket":"test-bucket","component":"","level":"info","matching_prefix":"folder1/","message":"Prefix matched","object_key":"folder1/test.txt","operation":"","timestamp":"2025-08-26T01:17:55.627002-04:00","trace_id":""}
{"allowed":true,"bucket":"unknown-bucket","check_type":"unlisted_bucket","component":"","level":"info","message":"Checking unlisted bucket","object_key":"any/path.txt","operation":"","process_unlisted":true,"timestamp":"2025-08-26T01:17:55.62701-04:00","trace_id":""}
{"bucket":"test-bucket","component":"","level":"info","matching_prefix":"folder1/","message":"Prefix matched","object_key":"folder1/test.txt","operation":"","timestamp":"2025-08-26T01:17:55.626789-04:00","trace_id":""}
{"allowed":true,"bucket":"unknown-bucket","check_type":"unlisted_bucket","component":"","level":"info","message":"Checking unlisted bucket","object_key":"any/path.txt","operation":"","process_unlisted":true,"timestamp":"2025-08-26T01:17:55.627029-04:00","trace_id":""}
{"bucket":"test-bucket","component":"","level":"info","matching_prefix":"folder1/","message":"Prefix matched","object_key":"folder1/test.txt","operation":"","timestamp":"2025-08-26T01:17:55.627039-04:00","trace_id":""}
{"allowed":true,"bucket":"unknown-bucket","check_type":"unlisted_bucket","component":"","level":"info","message":"Checking unlisted bucket","object_key":"any/path.txt","operation":"","process_unlisted":true,"timestamp":"2025-08-26T01:17:55.62705-04:00","trace_id":""}
{"bucket":"test-bucket","component":"","level":"info","matching_prefix":"folder1/","message":"Prefix matched","object_key":"folder1/test.txt","operation":"","timestamp":"2025-08-26T01:17:55.626755-04:00","trace_id":""}
{"bucket":"test-bucket","component":"","level":"info","matching_prefix":"folder1/","message":"Prefix matched","object_key":"folder1/test.txt","operation":"","timestamp":"2025-08-26T01:17:55.626746-04:00","trace_id":""}
{"allowed":true,"bucket":"unknown-bucket","check_type":"unlisted_bucket","component":"","level":"info","message":"Checking unlisted bucket","object_key":"any/path.txt","operation":"","process_unlisted":true,"timestamp":"2025-08-26T01:17:55.627085-04:00","trace_id":""}
{"bucket":"test-bucket","component":"","level":"info","matching_prefix":"folder1/","message":"Prefix matched","object_key":"folder1/test.txt","operation":"","timestamp":"2025-08-26T01:17:55.627096-04:00","trace_id":""}
{"allowed":true,"bucket":"unknown-bucket","check_type":"unlisted_bucket","component":"","level":"info","message":"Checking unlisted bucket","object_key":"any/path.txt","operation":"","process_unlisted":true,"timestamp":"2025-08-26T01:17:55.627102-04:00","trace_id":""}
{"bucket":"test-bucket","component":"","level":"info","matching_prefix":"folder1/","message":"Prefix matched","object_key":"folder1/test.txt","operation":"","timestamp":"2025-08-26T01:17:55.627112-04:00","trace_id":""}
{"bucket":"test-bucket","component":"","level":"info","matching_prefix":"folder1/","message":"Prefix matched","object_key":"folder1/test.txt","operation":"","timestamp":"2025-08-26T01:17:55.62707-04:00","trace_id":""}
{"allowed":true,"bucket":"unknown-bucket","check_type":"unlisted_bucket","component":"","level":"info","message":"Checking unlisted bucket","object_key":"any/path.txt","operation":"","process_unlisted":true,"timestamp":"2025-08-26T01:17:55.627073-04:00","trace_id":""}
{"bucket":"test-bucket","component":"","level":"info","matching_prefix":"folder1/","message":"Prefix matched","object_key":"folder1/test.txt","operation":"","timestamp":"2025-08-26T01:17:55.626147-04:00","trace_id":""}
{"allowed":true,"bucket":"unknown-bucket","check_type":"unlisted_bucket","component":"","level":"info","message":"Checking unlisted bucket","object_key":"any/path.txt","operation":"","process_unlisted":true,"timestamp":"2025-08-26T01:17:55.627147-04:00","trace_id":""}
{"allowed":true,"bucket":"unknown-bucket","check_type":"unlisted_bucket","component":"","level":"info","message":"Checking unlisted bucket","object_key":"any/path.txt","operation":"","process_unlisted":true,"timestamp":"2025-08-26T01:17:55.627128-04:00","trace_id":""}
{"bucket":"test-bucket","component":"","level":"info","matching_prefix":"folder1/","message":"Prefix matched","object_key":"folder1/test.txt","operation":"","timestamp":"2025-08-26T01:17:55.627163-04:00","trace_id":""}
{"allowed":true,"bucket":"unknown-bucket","check_type":"unlisted_bucket","component":"","level":"info","message":"Checking unlisted bucket","object_key":"any/path.txt","operation":"","process_unlisted":true,"timestamp":"2025-08-26T01:17:55.62717-04:00","trace_id":""}
{"allowed":true,"bucket":"unknown-bucket","check_type":"unlisted_bucket","component":"","level":"info","message":"Checking unlisted bucket","object_key":"any/path.txt","operation":"","process_unlisted":true,"timestamp":"2025-08-26T01:17:55.627121-04:00","trace_id":""}
{"bucket":"test-bucket","component":"","level":"info","matching_prefix":"folder1/","message":"Prefix matched","object_key":"folder1/test.txt","operation":"","timestamp":"2025-08-26T01:17:55.627192-04:00","trace_id":""}
{"allowed":true,"bucket":"unknown-bucket","check_type":"unlisted_bucket","component":"","level":"info","message":"Checking unlisted bucket","object_key":"any/path.txt","operation":"","process_unlisted":true,"timestamp":"2025-08-26T01:17:55.627201-04:00","trace_id":""}
{"bucket":"test-bucket","component":"","level":"info","matching_prefix":"folder1/","message":"Prefix matched","object_key":"folder1/test.txt","operation":"","timestamp":"2025-08-26T01:17:55.62714-04:00","trace_id":""}
{"bucket":"test-bucket","component":"","level":"info","matching_prefix":"folder1/","message":"Prefix matched","object_key":"folder1/test.txt","operation":"","timestamp":"2025-08-26T01:17:55.627182-04:00","trace_id":""}
{"allowed":true,"bucket":"unknown-bucket","check_type":"unlisted_bucket","component":"","level":"info","message":"Checking unlisted bucket","object_key":"any/path.txt","operation":"","process_unlisted":true,"timestamp":"2025-08-26T01:17:55.627234-04:00","trace_id":""}
{"bucket":"test-bucket","component":"","level":"info","matching_prefix":"folder1/","message":"Prefix matched","object_key":"folder1/test.txt","operation":"","timestamp":"2025-08-26T01:17:55.627241-04:00","trace_id":""}
{"allowed":true,"bucket":"unknown-bucket","check_type":"unlisted_bucket","component":"","level":"info","message":"Checking unlisted bucket","object_key":"any/path.txt","operation":"","process_unlisted":true,"timestamp":"2025-08-26T01:17:55.627251-04:00","trace_id":""}
{"bucket":"test-bucket","component":"","level":"info","matching_prefix":"folder1/","message":"Prefix matched","object_key":"folder1/test.txt","operation":"","timestamp":"2025-08-26T01:17:55.627263-04:00","trace_id":""}
{"allowed":true,"bucket":"unknown-bucket","check_type":"unlisted_bucket","component":"","level":"info","message":"Checking unlisted bucket","object_key":"any/path.txt","operation":"","process_unlisted":true,"timestamp":"2025-08-26T01:17:55.627269-04:00","trace_id":""}
{"allowed":true,"bucket":"unknown-bucket","check_type":"unlisted_bucket","component":"","level":"info","message":"Checking unlisted bucket","object_key":"any/path.txt","operation":"","process_unlisted":true,"timestamp":"2025-08-26T01:17:55.627214-04:00","trace_id":""}
{"bucket":"test-bucket","component":"","level":"info","matching_prefix":"folder1/","message":"Prefix matched","object_key":"folder1/test.txt","operation":"","timestamp":"2025-08-26T01:17:55.627209-04:00","trace_id":""}
{"bucket":"test-bucket","component":"","level":"info","matching_prefix":"folder1/","message":"Prefix matched","object_key":"folder1/test.txt","operation":"","timestamp":"2025-08-26T01:17:55.627442-04:00","trace_id":""}
{"allowed":true,"bucket":"unknown-bucket","check_type":"unlisted_bucket","component":"","level":"info","message":"Checking unlisted bucket","object_key":"any/path.txt","operation":"","process_unlisted":true,"timestamp":"2025-08-26T01:17:55.627464-04:00","trace_id":""}
{"bucket":"test-bucket","component":"","level":"info","matching_prefix":"folder1/","message":"Prefix matched","object_key":"folder1/test.txt","operation":"","timestamp":"2025-08-26T01:17:55.627337-04:00","trace_id":""}
{"allowed":true,"bucket":"unknown-bucket","check_type":"unlisted_bucket","component":"","level":"info","message":"Checking unlisted bucket","object_key":"any/path.txt","operation":"","process_unlisted":true,"timestamp":"2025-08-26T01:17:55.627511-04:00","trace_id":""}
{"bucket":"test-bucket","component":"","level":"info","matching_prefix":"folder1/","message":"Prefix matched","object_key":"folder1/test.txt","operation":"","timestamp":"2025-08-26T01:17:55.627529-04:00","trace_id":""}
{"allowed":true,"bucket":"unknown-bucket","check_type":"unlisted_bucket","component":"","level":"info","message":"Checking unlisted bucket","object_key":"any/path.txt","operation":"","process_unlisted":true,"timestamp":"2025-08-26T01:17:55.627547-04:00","trace_id":""}
{"allowed":true,"bucket":"unknown-bucket","check_type":"unlisted_bucket","component":"","level":"info","message":"Checking unlisted bucket","object_key":"any/path.txt","operation":"","process_unlisted":true,"timestamp":"2025-08-26T01:17:55.627511-04:00","trace_id":""}
{"allowed":true,"bucket":"unknown-bucket","check_type":"unlisted_bucket","component":"","level":"info","message":"Checking unlisted bucket","object_key":"any/path.txt","operation":"","process_unlisted":true,"timestamp":"2025-08-26T01:17:55.626486-04:00","trace_id":""}
{"bucket":"test-bucket","component":"","level":"info","matching_prefix":"folder1/","message":"Prefix matched","object_key":"folder1/test.txt","operation":"","timestamp":"2025-08-26T01:17:55.627565-04:00","trace_id":""}
{"allowed":true,"bucket":"unknown-bucket","check_type":"unlisted_bucket","component":"","level":"info","message":"Checking unlisted bucket","object_key":"any/path.txt","operation":"","process_unlisted":true,"timestamp":"2025-08-26T01:17:55.627645-04:00","trace_id":""}
{"bucket":"test-bucket","component":"","level":"info","matching_prefix":"folder1/","message":"Prefix matched","object_key":"folder1/test.txt","operation":"","timestamp":"2025-08-26T01:17:55.627511-04:00","trace_id":""}
{"bucket":"test-bucket","component":"","level":"info","matching_prefix":"folder1/","message":"Prefix matched","object_key":"folder1/test.txt","operation":"","timestamp":"2025-08-26T01:17:55.627619-04:00","trace_id":""}
{"allowed":true,"bucket":"unknown-bucket","check_type":"unlisted_bucket","component":"","level":"info","message":"Checking unlisted bucket","object_key":"any/path.txt","operation":"","process_unlisted":true,"timestamp":"2025-08-26T01:17:55.627788-04:00","trace_id":""}
{"bucket":"test-bucket","component":"","level":"info","matching_prefix":"folder1/","message":"Prefix matched","object_key":"folder1/test.txt","operation":"","timestamp":"2025-08-26T01:17:55.62781-04:00","trace_id":""}
{"allowed":true,"bucket":"unknown-bucket","check_type":"unlisted_bucket","component":"","level":"info","message":"Checking unlisted bucket","object_key":"any/path.txt","operation":"","process_unlisted":true,"timestamp":"2025-08-26T01:17:55.627818-04:00","trace_id":""}
{"bucket":"test-bucket","component":"","level":"info","matching_prefix":"folder1/","message":"Prefix matched","object_key":"folder1/test.txt","operation":"","timestamp":"2025-08-26T01:17:55.627835-04:00","trace_id":""}
{"allowed":true,"bucket":"unknown-bucket","check_type":"unlisted_bucket","component":"","level":"info","message":"Checking unlisted bucket","object_key":"any/path.txt","operation":"","process_unlisted":true,"timestamp":"2025-08-26T01:17:55.627844-04:00","trace_id":""}
{"bucket":"test-bucket","component":"","level":"info","matching_prefix":"folder1/","message":"Prefix matched","object_key":"folder1/test.txt","operation":"","timestamp":"2025-08-26T01:17:55.627769-04:00","trace_id":""}
{"allowed":true,"bucket":"unknown-bucket","check_type":"unlisted_bucket","component":"","level":"info","message":"Checking unlisted bucket","object_key":"any/path.txt","operation":"","process_unlisted":true,"timestamp":"2025-08-26T01:17:55.62787-04:00","trace_id":""}
{"bucket":"test-bucket","component":"","level":"info","matching_prefix":"folder1/","message":"Prefix matched","object_key":"folder1/test.txt","operation":"","timestamp":"2025-08-26T01:17:55.627882-04:00","trace_id":""}
{"allowed":true,"bucket":"unknown-bucket","check_type":"unlisted_bucket","component":"","level":"info","message":"Checking unlisted bucket","object_key":"any/path.txt","operation":"","process_unlisted":true,"timestamp":"2025-08-26T01:17:55.627893-04:00","trace_id":""}
{"bucket":"test-bucket","component":"","level":"info","matching_prefix":"folder1/","message":"Prefix matched","object_key":"folder1/test.txt","operation":"","timestamp":"2025-08-26T01:17:55.627856-04:00","trace_id":""}
{"bucket":"test-bucket","component":"","level":"info","matching_prefix":"folder1/","message":"Prefix matched","object_key":"folder1/test.txt","operation":"","timestamp":"2025-08-26T01:17:55.627018-04:00","trace_id":""}
{"allowed":true,"bucket":"unknown-bucket","check_type":"unlisted_bucket","component":"","level":"info","message":"Checking unlisted bucket","object_key":"any/path.txt","operation":"","process_unlisted":true,"timestamp":"2025-08-26T01:17:55.627928-04:00","trace_id":""}
{"bucket":"test-bucket","component":"","level":"info","matching_prefix":"folder1/","message":"Prefix matched","object_key":"folder1/test.txt","operation":"","timestamp":"2025-08-26T01:17:55.627939-04:00","trace_id":""}
{"allowed":true,"bucket":"unknown-bucket","check_type":"unlisted_bucket","component":"","level":"info","message":"Checking unlisted bucket","object_key":"any/path.txt","operation":"","process_unlisted":true,"timestamp":"2025-08-26T01:17:55.627949-04:00","trace_id":""}
{"bucket":"test-bucket","component":"","level":"info","matching_prefix":"folder1/","message":"Prefix matched","object_key":"folder1/test.txt","operation":"","timestamp":"2025-08-26T01:17:55.627957-04:00","trace_id":""}
{"allowed":true,"bucket":"unknown-bucket","check_type":"unlisted_bucket","component":"","level":"info","message":"Checking unlisted bucket","object_key":"any/path.txt","operation":"","process_unlisted":true,"timestamp":"2025-08-26T01:17:55.627964-04:00","trace_id":""}
{"bucket":"test-bucket","component":"","level":"info","matching_prefix":"folder1/","message":"Prefix matched","object_key":"folder1/test.txt","operation":"","timestamp":"2025-08-26T01:17:55.627974-04:00","trace_id":""}
{"allowed":true,"bucket":"unknown-bucket","check_type":"unlisted_bucket","component":"","level":"info","message":"Checking unlisted bucket","object_key":"any/path.txt","operation":"","process_unlisted":true,"timestamp":"2025-08-26T01:17:55.627984-04:00","trace_id":""}
{"allowed":true,"bucket":"unknown-bucket","check_type":"unlisted_bucket","component":"","level":"info","message":"Checking unlisted bucket","object_key":"any/path.txt","operation":"","process_unlisted":true,"timestamp":"2025-08-26T01:17:55.627774-04:00","trace_id":""}
{"bucket":"test-bucket","component":"","level":"info","matching_prefix":"folder1/","message":"Prefix matched","object_key":"folder1/test.txt","operation":"","timestamp":"2025-08-26T01:17:55.628011-04:00","trace_id":""}
{"allowed":true,"bucket":"unknown-bucket","check_type":"unlisted_bucket","component":"","level":"info","message":"Checking unlisted bucket","object_key":"any/path.txt","operation":"","process_unlisted":true,"timestamp":"2025-08-26T01:17:55.628024-04:00","trace_id":""}
{"bucket":"test-bucket","component":"","level":"info","matching_prefix":"folder1/","message":"Prefix matched","object_key":"folder1/test.txt","operation":"","timestamp":"2025-08-26T01:17:55.627904-04:00","trace_id":""}
{"allowed":true,"bucket":"unknown-bucket","check_type":"unlisted_bucket","component":"","level":"info","message":"Checking unlisted bucket","object_key":"any/path.txt","operation":"","process_unlisted":true,"timestamp":"2025-08-26T01:17:55.628042-04:00","trace_id":""}
{"bucket":"test-bucket","component":"","level":"info","matching_prefix":"folder1/","message":"Prefix matched","object_key":"folder1/test.txt","operation":"","timestamp":"2025-08-26T01:17:55.628033-04:00","trace_id":""}
{"allowed":true,"bucket":"unknown-bucket","check_type":"unlisted_bucket","component":"","level":"info","message":"Checking unlisted bucket","object_key":"any/path.txt","operation":"","process_unlisted":true,"timestamp":"2025-08-26T01:17:55.628063-04:00","trace_id":""}
{"bucket":"test-bucket","component":"","level":"info","matching_prefix":"folder1/","message":"Prefix matched","object_key":"folder1/test.txt","operation":"","timestamp":"2025-08-26T01:17:55.628074-04:00","trace_id":""}
{"allowed":true,"bucket":"unknown-bucket","check_type":"unlisted_bucket","component":"","level":"info","message":"Checking unlisted bucket","object_key":"any/path.txt","operation":"","process_unlisted":true,"timestamp":"2025-08-26T01:17:55.627916-04:00","trace_id":""}
{"bucket":"test-bucket","component":"","level":"info","matching_prefix":"folder1/","message":"Prefix matched","object_key":"folder1/test.txt","operation":"","timestamp":"2025-08-26T01:17:55.628116-04:00","trace_id":""}
{"allowed":true,"bucket":"unknown-bucket","check_type":"unlisted_bucket","component":"","level":"info","message":"Checking unlisted bucket","object_key":"any/path.txt","operation":"","process_unlisted":true,"timestamp":"2025-08-26T01:17:55.628124-04:00","trace_id":""}
{"bucket":"test-bucket","component":"","level":"info","matching_prefix":"folder1/","message":"Prefix matched","object_key":"folder1/test.txt","operation":"","timestamp":"2025-08-26T01:17:55.628134-04:00","trace_id":""}
{"bucket":"test-bucket","component":"","level":"info","matching_prefix":"folder1/","message":"Prefix matched","object_key":"folder1/test.txt","operation":"","timestamp":"2025-08-26T01:17:55.628052-04:00","trace_id":""}
{"allowed":true,"bucket":"unknown-bucket","check_type":"unlisted_bucket","component":"","level":"info","message":"Checking unlisted bucket","object_key":"any/path.txt","operation":"","process_unlisted":true,"timestamp":"2025-08-26T01:17:55.628085-04:00","trace_id":""}
{"allowed":true,"bucket":"unknown-bucket","check_type":"unlisted_bucket","component":"","level":"info","message":"Checking unlisted bucket","object_key":"any/path.txt","operation":"","process_unlisted":true,"timestamp":"2025-08-26T01:17:55.62814-04:00","trace_id":""}
{"bucket":"test-bucket","component":"","level":"info","matching_prefix":"folder1/","message":"Prefix matched","object_key":"folder1/test.txt","operation":"","timestamp":"2025-08-26T01:17:55.628175-04:00","trace_id":""}
{"allowed":true,"bucket":"unknown-bucket","check_type":"unlisted_bucket","component":"","level":"info","message":"Checking unlisted bucket","object_key":"any/path.txt","operation":"","process_unlisted":true,"timestamp":"2025-08-26T01:17:55.628159-04:00","trace_id":""}
{"bucket":"test-bucket","component":"","level":"info","matching_prefix":"folder1/","message":"Prefix matched","object_key":"folder1/test.txt","operation":"","timestamp":"2025-08-26T01:17:55.628194-04:00","trace_id":""}
{"bucket":"test-bucket","component":"","level":"info","matching_prefix":"folder1/","message":"Prefix matched","object_key":"folder1/test.txt","operation":"","timestamp":"2025-08-26T01:17:55.628163-04:00","trace_id":""}
{"allowed":true,"bucket":"unknown-bucket","check_type":"unlisted_bucket","component":"","level":"info","message":"Checking unlisted bucket","object_key":"any/path.txt","operation":"","process_unlisted":true,"timestamp":"2025-08-26T01:17:55.628211-04:00","trace_id":""}
{"allowed":true,"bucket":"unknown-bucket","check_type":"unlisted_bucket","component":"","level":"info","message":"Checking unlisted bucket","object_key":"any/path.txt","operation":"","process_unlisted":true,"timestamp":"2025-08-26T01:17:55.628183-04:00","trace_id":""}
{"allowed":true,"bucket":"unknown-bucket","check_type":"unlisted_bucket","component":"","level":"info","message":"Checking unlisted bucket","object_key":"any/path.txt","operation":"","process_unlisted":true,"timestamp":"2025-08-26T01:17:55.628201-04:00","trace_id":""}
{"bucket":"test-bucket","component":"","level":"info","matching_prefix":"folder1/","message":"Prefix matched","object_key":"folder1/test.txt","operation":"","timestamp":"2025-08-26T01:17:55.628262-04:00","trace_id":""}
{"allowed":true,"bucket":"unknown-bucket","check_type":"unlisted_bucket","component":"","level":"info","message":"Checking unlisted bucket","object_key":"any/path.txt","operation":"","process_unlisted":true,"timestamp":"2025-08-26T01:17:55.628273-04:00","trace_id":""}
{"bucket":"test-bucket","component":"","level":"info","matching_prefix":"folder1/","message":"Prefix matched","object_key":"folder1/test.txt","operation":"","timestamp":"2025-08-26T01:17:55.628284-04:00","trace_id":""}
{"allowed":true,"bucket":"unknown-bucket","check_type":"unlisted_bucket","component":"","level":"info","message":"Checking unlisted bucket","object_key":"any/path.txt","operation":"","process_unlisted":true,"timestamp":"2025-08-26T01:17:55.628294-04:00","trace_id":""}
{"bucket":"test-bucket","component":"","level":"info","matching_prefix":"folder1/","message":"Prefix matched","object_key":"folder1/test.txt","operation":"","timestamp":"2025-08-26T01:17:55.628303-04:00","trace_id":""}
{"allowed":true,"bucket":"unknown-bucket","check_type":"unlisted_bucket","component":"","level":"info","message":"Checking unlisted bucket","object_key":"any/path.txt","operation":"","process_unlisted":true,"timestamp":"2025-08-26T01:17:55.62831-04:00","trace_id":""}
{"bucket":"test-bucket","component":"","level":"info","matching_prefix":"folder1/","message":"Prefix matched","object_key":"folder1/test.txt","operation":"","timestamp":"2025-08-26T01:17:55.628318-04:00","trace_id":""}
{"allowed":true,"bucket":"unknown-bucket","check_type":"unlisted_bucket","component":"","level":"info","message":"Checking unlisted bucket","object_key":"any/path.txt","operation":"","process_unlisted":true,"timestamp":"2025-08-26T01:17:55.628327-04:00","trace_id":""}
{"bucket":"test-bucket","component":"","level":"info","matching_prefix":"folder1/","message":"Prefix matched","object_key":"folder1/test.txt","operation":"","timestamp":"2025-08-26T01:17:55.628222-04:00","trace_id":""}
{"allowed":true,"bucket":"unknown-bucket","check_type":"unlisted_bucket","component":"","level":"info","message":"Checking unlisted bucket","object_key":"any/path.txt","operation":"","process_unlisted":true,"timestamp":"2025-08-26T01:17:55.628346-04:00","trace_id":""}
{"bucket":"test-bucket","component":"","level":"info","matching_prefix":"folder1/","message":"Prefix matched","object_key":"folder1/test.txt","operation":"","timestamp":"2025-08-26T01:17:55.628336-04:00","trace_id":""}
{"allowed":true,"bucket":"unknown-bucket","check_type":"unlisted_bucket","component":"","level":"info","message":"Checking unlisted bucket","object_key":"any/path.txt","operation":"","process_unlisted":true,"timestamp":"2025-08-26T01:17:55.628365-04:00","trace_id":""}
{"bucket":"test-bucket","component":"","level":"info","matching_prefix":"folder1/","message":"Prefix matched","object_key":"folder1/test.txt","operation":"","timestamp":"2025-08-26T01:17:55.628376-04:00","trace_id":""}
{"allowed":true,"bucket":"unknown-bucket","check_type":"unlisted_bucket","component":"","level":"info","message":"Checking unlisted bucket","object_key":"any/path.txt","operation":"","process_unlisted":true,"timestamp":"2025-08-26T01:17:55.628383-04:00","trace_id":""}
{"bucket":"test-bucket","component":"","level":"info","matching_prefix":"folder1/","message":"Prefix matched","object_key":"folder1/test.txt","operation":"","timestamp":"2025-08-26T01:17:55.628359-04:00","trace_id":""}
{"allowed":true,"bucket":"unknown-bucket","check_type":"unlisted_bucket","component":"","level":"info","message":"Checking unlisted bucket","object_key":"any/path.txt","operation":"","process_unlisted":true,"timestamp":"2025-08-26T01:17:55.628405-04:00","trace_id":""}
{"bucket":"test-bucket","component":"","level":"info","matching_prefix":"folder1/","message":"Prefix matched","object_key":"folder1/test.txt","operation":"","timestamp":"2025-08-26T01:17:55.628414-04:00","trace_id":""}
{"allowed":true,"bucket":"unknown-bucket","check_type":"unlisted_bucket","component":"","level":"info","message":"Checking unlisted bucket","object_key":"any/path.txt","operation":"","process_unlisted":true,"timestamp":"2025-08-26T01:17:55.628421-04:00","trace_id":""}
{"bucket":"test-bucket","component":"","level":"info","matching_prefix":"folder1/","message":"Prefix matched","object_key":"folder1/test.txt","operation":"","timestamp":"2025-08-26T01:17:55.628431-04:00","trace_id":""}
{"allowed":true,"bucket":"unknown-bucket","check_type":"unlisted_bucket","component":"","level":"info","message":"Checking unlisted bucket","object_key":"any/path.txt","operation":"","process_unlisted":true,"timestamp":"2025-08-26T01:17:55.628437-04:00","trace_id":""}
{"bucket":"test-bucket","component":"","level":"info","matching_prefix":"folder1/","message":"Prefix matched","object_key":"folder1/test.txt","operation":"","timestamp":"2025-08-26T01:17:55.628446-04:00","trace_id":""}
{"allowed":true,"bucket":"unknown-bucket","check_type":"unlisted_bucket","component":"","level":"info","message":"Checking unlisted bucket","object_key":"any/path.txt","operation":"","process_unlisted":true,"timestamp":"2025-08-26T01:17:55.628455-04:00","trace_id":""}
{"bucket":"test-bucket","component":"","level":"info","matching_prefix":"folder1/","message":"Prefix matched","object_key":"folder1/test.txt","operation":"","timestamp":"2025-08-26T01:17:55.628234-04:00","trace_id":""}
{"allowed":true,"bucket":"unknown-bucket","check_type":"unlisted_bucket","component":"","level":"info","message":"Checking unlisted bucket","object_key":"any/path.txt","operation":"","process_unlisted":true,"timestamp":"2025-08-26T01:17:55.628472-04:00","trace_id":""}
{"bucket":"test-bucket","component":"","level":"info","matching_prefix":"folder1/","message":"Prefix matched","object_key":"folder1/test.txt","operation":"","timestamp":"2025-08-26T01:17:55.628393-04:00","trace_id":""}
{"allowed":true,"bucket":"unknown-bucket","check_type":"unlisted_bucket","component":"","level":"info","message":"Checking unlisted bucket","object_key":"any/path.txt","operation":"","process_unlisted":true,"timestamp":"2025-08-26T01:17:55.628489-04:00","trace_id":""}
{"bucket":"test-bucket","component":"","level":"info","matching_prefix":"folder1/","message":"Prefix matched","object_key":"folder1/test.txt","operation":"","timestamp":"2025-08-26T01:17:55.628463-04:00","trace_id":""}
{"allowed":true,"bucket":"unknown-bucket","check_type":"unlisted_bucket","component":"","level":"info","message":"Checking unlisted bucket","object_key":"any/path.txt","operation":"","process_unlisted":true,"timestamp":"2025-08-26T01:17:55.628515-04:00","trace_id":""}
{"bucket":"test-bucket","component":"","level":"info","matching_prefix":"folder1/","message":"Prefix matched","object_key":"folder1/test.txt","operation":"","timestamp":"2025-08-26T01:17:55.628525-04:00","trace_id":""}
{"allowed":true,"bucket":"unknown-bucket","check_type":"unlisted_bucket","component":"","level":"info","message":"Checking unlisted bucket","object_key":"any/path.txt","operation":"","process_unlisted":true,"timestamp":"2025-08-26T01:17:55.628534-04:00","trace_id":""}
{"bucket":"test-bucket","component":"","level":"info","matching_prefix":"folder1/","message":"Prefix matched","object_key":"folder1/test.txt","operation":"","timestamp":"2025-08-26T01:17:55.628545-04:00","trace_id":""}
{"allowed":true,"bucket":"unknown-bucket","check_type":"unlisted_bucket","component":"","level":"info","message":"Checking unlisted bucket","object_key":"any/path.txt","operation":"","process_unlisted":true,"timestamp":"2025-08-26T01:17:55.628552-04:00","trace_id":""}
{"bucket":"test-bucket","component":"","level":"info","matching_prefix":"folder1/","message":"Prefix matched","object_key":"folder1/test.txt","operation":"","timestamp":"2025-08-26T01:17:55.628566-04:00","trace_id":""}
{"allowed":true,"bucket":"unknown-bucket","check_type":"unlisted_bucket","component":"","level":"info","message":"Checking unlisted bucket","object_key":"any/path.txt","operation":"","process_unlisted":true,"timestamp":"2025-08-26T01:17:55.628574-04:00","trace_id":""}
{"bucket":"test-bucket","component":"","level":"info","matching_prefix":"folder1/","message":"Prefix matched","object_key":"folder1/test.txt","operation":"","timestamp":"2025-08-26T01:17:55.628503-04:00","trace_id":""}
{"bucket":"test-bucket","component":"","level":"info","matching_prefix":"folder1/","message":"Prefix matched","object_key":"folder1/test.txt","operation":"","timestamp":"2025-08-26T01:17:55.62848-04:00","trace_id":""}
{"bucket":"test-bucket","component":"","level":"info","matching_prefix":"folder1/","message":"Prefix matched","object_key":"folder1/test.txt","operation":"","timestamp":"2025-08-26T01:17:55.628583-04:00","trace_id":""}
{"allowed":true,"bucket":"unknown-bucket","check_type":"unlisted_bucket","component":"","level":"info","message":"Checking unlisted bucket","object_key":"any/path.txt","operation":"","process_unlisted":true,"timestamp":"2025-08-26T01:17:55.628598-04:00","trace_id":""}
{"bucket":"test-bucket","component":"","level":"info","matching_prefix":"folder1/","message":"Prefix matched","object_key":"folder1/test.txt","operation":"","timestamp":"2025-08-26T01:17:55.62864-04:00","trace_id":""}
{"allowed":true,"bucket":"unknown-bucket","check_type":"unlisted_bucket","component":"","level":"info","message":"Checking unlisted bucket","object_key":"any/path.txt","operation":"","process_unlisted":true,"timestamp":"2025-08-26T01:17:55.628651-04:00","trace_id":""}
{"bucket":"test-bucket","component":"","level":"info","matching_prefix":"folder1/","message":"Prefix matched","object_key":"folder1/test.txt","operation":"","timestamp":"2025-08-26T01:17:55.628659-04:00","trace_id":""}
{"allowed":true,"bucket":"unknown-bucket","check_type":"unlisted_bucket","component":"","level":"info","message":"Checking unlisted bucket","object_key":"any/path.txt","operation":"","process_unlisted":true,"timestamp":"2025-08-26T01:17:55.628668-04:00","trace_id":""}
{"bucket":"test-bucket","component":"","level":"info","matching_prefix":"folder1/","message":"Prefix matched","object_key":"folder1/test.txt","operation":"","timestamp":"2025-08-26T01:17:55.628677-04:00","trace_id":""}
{"allowed":true,"bucket":"unknown-bucket","check_type":"unlisted_bucket","component":"","level":"info","message":"Checking unlisted bucket","object_key":"any/path.txt","operation":"","process_unlisted":true,"timestamp":"2025-08-26T01:17:55.628686-04:00","trace_id":""}
{"bucket":"test-bucket","component":"","level":"info","matching_prefix":"folder1/","message":"Prefix matched","object_key":"folder1/test.txt","operation":"","timestamp":"2025-08-26T01:17:55.628697-04:00","trace_id":""}
{"allowed":true,"bucket":"unknown-bucket","check_type":"unlisted_bucket","component":"","level":"info","message":"Checking unlisted bucket","object_key":"any/path.txt","operation":"","process_unlisted":true,"timestamp":"2025-08-26T01:17:55.628703-04:00","trace_id":""}
{"bucket":"test-bucket","component":"","level":"info","matching_prefix":"folder1/","message":"Prefix matched","object_key":"folder1/test.txt","operation":"","timestamp":"2025-08-26T01:17:55.628712-04:00","trace_id":""}
{"allowed":true,"bucket":"unknown-bucket","check_type":"unlisted_bucket","component":"","level":"info","message":"Checking unlisted bucket","object_key":"any/path.txt","operation":"","process_unlisted":true,"timestamp":"2025-08-26T01:17:55.628722-04:00","trace_id":""}
{"bucket":"test-bucket","component":"","level":"info","matching_prefix":"folder1/","message":"Prefix matched","object_key":"folder1/test.txt","operation":"","timestamp":"2025-08-26T01:17:55.62873-04:00","trace_id":""}
{"allowed":true,"bucket":"unknown-bucket","check_type":"unlisted_bucket","component":"","level":"info","message":"Checking unlisted bucket","object_key":"any/path.txt","operation":"","process_unlisted":true,"timestamp":"2025-08-26T01:17:55.62862-04:00","trace_id":""}
{"bucket":"test-bucket","component":"","level":"info","matching_prefix":"folder1/","message":"Prefix matched","object_key":"folder1/test.txt","operation":"","timestamp":"2025-08-26T01:17:55.628752-04:00","trace_id":""}
{"allowed":true,"bucket":"unknown-bucket","check_type":"unlisted_bucket","component":"","level":"info","message":"Checking unlisted bucket","object_key":"any/path.txt","operation":"","process_unlisted":true,"timestamp":"2025-08-26T01:17:55.628765-04:00","trace_id":""}
{"bucket":"test-bucket","component":"","level":"info","matching_prefix":"folder1/","message":"Prefix matched","object_key":"folder1/test.txt","operation":"","timestamp":"2025-08-26T01:17:55.628778-04:00","trace_id":""}
{"allowed":true,"bucket":"unknown-bucket","check_type":"unlisted_bucket","component":"","level":"info","message":"Checking unlisted bucket","object_key":"any/path.txt","operation":"","process_unlisted":true,"timestamp":"2025-08-26T01:17:55.628786-04:00","trace_id":""}
{"bucket":"test-bucket","component":"","level":"info","matching_prefix":"folder1/","message":"Prefix matched","object_key":"folder1/test.txt","operation":"","timestamp":"2025-08-26T01:17:55.628794-04:00","trace_id":""}
{"allowed":true,"bucket":"unknown-bucket","check_type":"unlisted_bucket","component":"","level":"info","message":"Checking unlisted bucket","object_key":"any/path.txt","operation":"","process_unlisted":true,"timestamp":"2025-08-26T01:17:55.628631-04:00","trace_id":""}
{"bucket":"test-bucket","component":"","level":"info","matching_prefix":"folder1/","message":"Prefix matched","object_key":"folder1/test.txt","operation":"","timestamp":"2025-08-26T01:17:55.628813-04:00","trace_id":""}
{"allowed":true,"bucket":"unknown-bucket","check_type":"unlisted_bucket","component":"","level":"info","message":"Checking unlisted bucket","object_key":"any/path.txt","operation":"","process_unlisted":true,"timestamp":"2025-08-26T01:17:55.62882-04:00","trace_id":""}
{"bucket":"test-bucket","component":"","level":"info","matching_prefix":"folder1/","message":"Prefix matched","object_key":"folder1/test.txt","operation":"","timestamp":"2025-08-26T01:17:55.628828-04:00","trace_id":""}
{"allowed":true,"bucket":"unknown-bucket","check_type":"unlisted_bucket","component":"","level":"info","message":"Checking unlisted bucket","object_key":"any/path.txt","operation":"","process_unlisted":true,"timestamp":"2025-08-26T01:17:55.628835-04:00","trace_id":""}
{"bucket":"test-bucket","component":"","level":"info","matching_prefix":"folder1/","message":"Prefix matched","object_key":"folder1/test.txt","operation":"","timestamp":"2025-08-26T01:17:55.628844-04:00","trace_id":""}
{"allowed":true,"bucket":"unknown-bucket","check_type":"unlisted_bucket","component":"","level":"info","message":"Checking unlisted bucket","object_key":"any/path.txt","operation":"","process_unlisted":true,"timestamp":"2025-08-26T01:17:55.62885-04:00","trace_id":""}
{"allowed":true,"bucket":"unknown-bucket","check_type":"unlisted_bucket","component":"","level":"info","message":"Checking unlisted bucket","object_key":"any/path.txt","operation":"","process_unlisted":true,"timestamp":"2025-08-26T01:17:55.6288-04:00","trace_id":""}
{"allowed":true,"bucket":"unknown-bucket","check_type":"unlisted_bucket","component":"","level":"info","message":"Checking unlisted bucket","object_key":"any/path.txt","operation":"","process_unlisted":true,"timestamp":"2025-08-26T01:17:55.628737-04:00","trace_id":""}
{"bucket":"test-bucket","component":"","level":"info","matching_prefix":"folder1/","message":"Prefix matched","object_key":"folder1/test.txt","operation":"","timestamp":"2025-08-26T01:17:55.628888-04:00","trace_id":""}
{"bucket":"test-bucket","component":"","level":"info","matching_prefix":"folder1/","message":"Prefix matched","object_key":"folder1/test.txt","operation":"","timestamp":"2025-08-26T01:17:55.628859-04:00","trace_id":""}
{"allowed":true,"bucket":"unknown-bucket","check_type":"unlisted_bucket","component":"","level":"info","message":"Checking unlisted bucket","object_key":"any/path.txt","operation":"","process_unlisted":true,"timestamp":"2025-08-26T01:17:55.628907-04:00","trace_id":""}
{"allowed":true,"bucket":"unknown-bucket","check_type":"unlisted_bucket","component":"","level":"info","message":"Checking unlisted bucket","object_key":"any/path.txt","operation":"","process_unlisted":true,"timestamp":"2025-08-26T01:17:55.628898-04:00","trace_id":""}
{"bucket":"test-bucket","component":"","level":"info","matching_prefix":"folder1/","message":"Prefix matched","object_key":"folder1/test.txt","operation":"","timestamp":"2025-08-26T01:17:55.628922-04:00","trace_id":""}
{"bucket":"test-bucket","component":"","level":"info","matching_prefix":"folder1/","message":"Prefix matched","object_key":"folder1/test.txt","operation":"","timestamp":"2025-08-26T01:17:55.628869-04:00","trace_id":""}
{"allowed":true,"bucket":"unknown-bucket","check_type":"unlisted_bucket","component":"","level":"info","message":"Checking unlisted bucket","object_key":"any/path.txt","operation":"","process_unlisted":true,"timestamp":"2025-08-26T01:17:55.628946-04:00","trace_id":""}
{"bucket":"test-bucket","component":"","level":"info","matching_prefix":"folder1/","message":"Prefix matched","object_key":"folder1/test.txt","operation":"","timestamp":"2025-08-26T01:17:55.628959-04:00","trace_id":""}
{"allowed":true,"bucket":"unknown-bucket","check_type":"unlisted_bucket","component":"","level":"info","message":"Checking unlisted bucket","object_key":"any/path.txt","operation":"","process_unlisted":true,"timestamp":"2025-08-26T01:17:55.62895-04:00","trace_id":""}
{"bucket":"test-bucket","component":"","level":"info","matching_prefix":"folder1/","message":"Prefix matched","object_key":"folder1/test.txt","operation":"","timestamp":"2025-08-26T01:17:55.628976-04:00","trace_id":""}
{"allowed":true,"bucket":"unknown-bucket","check_type":"unlisted_bucket","component":"","level":"info","message":"Checking unlisted bucket","object_key":"any/path.txt","operation":"","process_unlisted":true,"timestamp":"2025-08-26T01:17:55.628986-04:00","trace_id":""}
{"bucket":"test-bucket","component":"","level":"info","matching_prefix":"folder1/","message":"Prefix matched","object_key":"folder1/test.txt","operation":"","timestamp":"2025-08-26T01:17:55.628995-04:00","trace_id":""}
{"allowed":true,"bucket":"unknown-bucket","check_type":"unlisted_bucket","component":"","level":"info","message":"Checking unlisted bucket","object_key":"any/path.txt","operation":"","process_unlisted":true,"timestamp":"2025-08-26T01:17:55.629002-04:00","trace_id":""}
{"bucket":"test-bucket","component":"","level":"info","matching_prefix":"folder1/","message":"Prefix matched","object_key":"folder1/test.txt","operation":"","timestamp":"2025-08-26T01:17:55.629012-04:00","trace_id":""}
{"allowed":true,"bucket":"unknown-bucket","check_type":"unlisted_bucket","component":"","level":"info","message":"Checking unlisted bucket","object_key":"any/path.txt","operation":"","process_unlisted":true,"timestamp":"2025-08-26T01:17:55.629019-04:00","trace_id":""}
{"bucket":"test-bucket","component":"","level":"info","matching_prefix":"folder1/","message":"Prefix matched","object_key":"folder1/test.txt","operation":"","timestamp":"2025-08-26T01:17:55.62903-04:00","trace_id":""}
{"allowed":true,"bucket":"unknown-bucket","check_type":"unlisted_bucket","component":"","level":"info","message":"Checking unlisted bucket","object_key":"any/path.txt","operation":"","process_unlisted":true,"timestamp":"2025-08-26T01:17:55.629038-04:00","trace_id":""}
{"allowed":true,"bucket":"unknown-bucket","check_type":"unlisted_bucket","component":"","level":"info","message":"Checking unlisted bucket","object_key":"any/path.txt","operation":"","process_unlisted":true,"timestamp":"2025-08-26T01:17:55.628968-04:00","trace_id":""}
{"bucket":"test-bucket","component":"","level":"info","matching_prefix":"folder1/","message":"Prefix matched","object_key":"folder1/test.txt","operation":"","timestamp":"2025-08-26T01:17:55.629066-04:00","trace_id":""}
{"allowed":true,"bucket":"unknown-bucket","check_type":"unlisted_bucket","component":"","level":"info","message":"Checking unlisted bucket","object_key":"any/path.txt","operation":"","process_unlisted":true,"timestamp":"2025-08-26T01:17:55.629077-04:00","trace_id":""}
{"bucket":"test-bucket","component":"","level":"info","matching_prefix":"folder1/","message":"Prefix matched","object_key":"folder1/test.txt","operation":"","timestamp":"2025-08-26T01:17:55.629094-04:00","trace_id":""}
{"allowed":true,"bucket":"unknown-bucket","check_type":"unlisted_bucket","component":"","level":"info","message":"Checking unlisted bucket","object_key":"any/path.txt","operation":"","process_unlisted":true,"timestamp":"2025-08-26T01:17:55.629104-04:00","trace_id":""}
{"bucket":"test-bucket","component":"","level":"info","matching_prefix":"folder1/","message":"Prefix matched","object_key":"folder1/test.txt","operation":"","timestamp":"2025-08-26T01:17:55.629048-04:00","trace_id":""}
{"allowed":true,"bucket":"unknown-bucket","check_type":"unlisted_bucket","component":"","level":"info","message":"Checking unlisted bucket","object_key":"any/path.txt","operation":"","process_unlisted":true,"timestamp":"2025-08-26T01:17:55.629123-04:00","trace_id":""}
{"bucket":"test-bucket","component":"","level":"info","matching_prefix":"folder1/","message":"Prefix matched","object_key":"folder1/test.txt","operation":"","timestamp":"2025-08-26T01:17:55.629116-04:00","trace_id":""}
{"allowed":true,"bucket":"unknown-bucket","check_type":"unlisted_bucket","component":"","level":"info","message":"Checking unlisted bucket","object_key":"any/path.txt","operation":"","process_unlisted":true,"timestamp":"2025-08-26T01:17:55.629145-04:00","trace_id":""}
{"bucket":"test-bucket","component":"","level":"info","matching_prefix":"folder1/","message":"Prefix matched","object_key":"folder1/test.txt","operation":"","timestamp":"2025-08-26T01:17:55.629159-04:00","trace_id":""}
{"bucket":"test-bucket","component":"","level":"info","matching_prefix":"folder1/","message":"Prefix matched","object_key":"folder1/test.txt","operation":"","timestamp":"2025-08-26T01:17:55.629133-04:00","trace_id":""}
{"allowed":true,"bucket":"unknown-bucket","check_type":"unlisted_bucket","component":"","level":"info","message":"Checking unlisted bucket","object_key":"any/path.txt","operation":"","process_unlisted":true,"timestamp":"2025-08-26T01:17:55.62918-04:00","trace_id":""}
{"bucket":"test-bucket","component":"","level":"info","matching_prefix":"folder1/","message":"Prefix matched","object_key":"folder1/test.txt","operation":"","timestamp":"2025-08-26T01:17:55.629189-04:00","trace_id":""}
{"allowed":true,"bucket":"unknown-bucket","check_type":"unlisted_bucket","component":"","level":"info","message":"Checking unlisted bucket","object_key":"any/path.txt","operation":"","process_unlisted":true,"timestamp":"2025-08-26T01:17:55.629198-04:00","trace_id":""}
{"bucket":"test-bucket","component":"","level":"info","matching_prefix":"folder1/","message":"Prefix matched","object_key":"folder1/test.txt","operation":"","timestamp":"2025-08-26T01:17:55.629207-04:00","trace_id":""}
{"allowed":true,"bucket":"unknown-bucket","check_type":"unlisted_bucket","component":"","level":"info","message":"Checking unlisted bucket","object_key":"any/path.txt","operation":"","process_unlisted":true,"timestamp":"2025-08-26T01:17:55.629215-04:00","trace_id":""}
{"bucket":"test-bucket","component":"","level":"info","matching_prefix":"folder1/","message":"Prefix matched","object_key":"folder1/test.txt","operation":"","timestamp":"2025-08-26T01:17:55.629224-04:00","trace_id":""}
{"allowed":true,"bucket":"unknown-bucket","check_type":"unlisted_bucket","component":"","level":"info","message":"Checking unlisted bucket","object_key":"any/path.txt","operation":"","process_unlisted":true,"timestamp":"2025-08-26T01:17:55.629232-04:00","trace_id":""}
{"allowed":true,"bucket":"unknown-bucket","check_type":"unlisted_bucket","component":"","level":"info","message":"Checking unlisted bucket","object_key":"any/path.txt","operation":"","process_unlisted":true,"timestamp":"2025-08-26T01:17:55.629168-04:00","trace_id":""}
{"bucket":"test-bucket","component":"","level":"info","matching_prefix":"folder1/","message":"Prefix matched","object_key":"folder1/test.txt","operation":"","timestamp":"2025-08-26T01:17:55.629251-04:00","trace_id":""}
{"allowed":true,"bucket":"unknown-bucket","check_type":"unlisted_bucket","component":"","level":"info","message":"Checking unlisted bucket","object_key":"any/path.txt","operation":"","process_unlisted":true,"timestamp":"2025-08-26T01:17:55.629258-04:00","trace_id":""}
{"bucket":"test-bucket","component":"","level":"info","matching_prefix":"folder1/","message":"Prefix matched","object_key":"folder1/test.txt","operation":"","timestamp":"2025-08-26T01:17:55.629266-04:00","trace_id":""}
{"allowed":true,"bucket":"unknown-bucket","check_type":"unlisted_bucket","component":"","level":"info","message":"Checking unlisted bucket","object_key":"any/path.txt","operation":"","process_unlisted":true,"timestamp":"2025-08-26T01:17:55.629272-04:00","trace_id":""}
{"bucket":"test-bucket","component":"","level":"info","matching_prefix":"folder1/","message":"Prefix matched","object_key":"folder1/test.txt","operation":"","timestamp":"2025-08-26T01:17:55.629281-04:00","trace_id":""}
{"bucket":"test-bucket","component":"","level":"info","matching_prefix":"folder1/","message":"Prefix matched","object_key":"folder1/test.txt","operation":"","timestamp":"2025-08-26T01:17:55.62924-04:00","trace_id":""}
{"allowed":true,"bucket":"unknown-bucket","check_type":"unlisted_bucket","component":"","level":"info","message":"Checking unlisted bucket","object_key":"any/path.txt","operation":"","process_unlisted":true,"timestamp":"2025-08-26T01:17:55.629295-04:00","trace_id":""}
{"bucket":"test-bucket","component":"","level":"info","matching_prefix":"folder1/","message":"Prefix matched","object_key":"folder1/test.txt","operation":"","timestamp":"2025-08-26T01:17:55.629304-04:00","trace_id":""}
{"allowed":true,"bucket":"unknown-bucket","check_type":"unlisted_bucket","component":"","level":"info","message":"Checking unlisted bucket","object_key":"any/path.txt","operation":"","process_unlisted":true,"timestamp":"2025-08-26T01:17:55.629288-04:00","trace_id":""}
{"bucket":"test-bucket","component":"","level":"info","matching_prefix":"folder1/","message":"Prefix matched","object_key":"folder1/test.txt","operation":"","timestamp":"2025-08-26T01:17:55.629321-04:00","trace_id":""}
{"allowed":true,"bucket":"unknown-bucket","check_type":"unlisted_bucket","component":"","level":"info","message":"Checking unlisted bucket","object_key":"any/path.txt","operation":"","process_unlisted":true,"timestamp":"2025-08-26T01:17:55.629329-04:00","trace_id":""}
{"bucket":"test-bucket","component":"","level":"info","matching_prefix":"folder1/","message":"Prefix matched","object_key":"folder1/test.txt","operation":"","timestamp":"2025-08-26T01:17:55.629338-04:00","trace_id":""}
{"allowed":true,"bucket":"unknown-bucket","check_type":"unlisted_bucket","component":"","level":"info","message":"Checking unlisted bucket","object_key":"any/path.txt","operation":"","process_unlisted":true,"timestamp":"2025-08-26T01:17:55.629346-04:00","trace_id":""}
{"bucket":"test-bucket","component":"","level":"info","matching_prefix":"folder1/","message":"Prefix matched","object_key":"folder1/test.txt","operation":"","timestamp":"2025-08-26T01:17:55.629354-04:00","trace_id":""}
{"allowed":true,"bucket":"unknown-bucket","check_type":"unlisted_bucket","component":"","level":"info","message":"Checking unlisted bucket","object_key":"any/path.txt","operation":"","process_unlisted":true,"timestamp":"2025-08-26T01:17:55.629361-04:00","trace_id":""}
{"bucket":"test-bucket","component":"","level":"info","matching_prefix":"folder1/","message":"Prefix matched","object_key":"folder1/test.txt","operation":"","timestamp":"2025-08-26T01:17:55.62937-04:00","trace_id":""}
{"allowed":true,"bucket":"unknown-bucket","check_type":"unlisted_bucket","component":"","level":"info","message":"Checking unlisted bucket","object_key":"any/path.txt","operation":"","process_unlisted":true,"timestamp":"2025-08-26T01:17:55.629311-04:00","trace_id":""}
{"bucket":"test-bucket","component":"","level":"info","matching_prefix":"folder1/","message":"Prefix matched","object_key":"folder1/test.txt","operation":"","timestamp":"2025-08-26T01:17:55.629387-04:00","trace_id":""}
{"allowed":true,"bucket":"unknown-bucket","check_type":"unlisted_bucket","component":"","level":"info","message":"Checking unlisted bucket","object_key":"any/path.txt","operation":"","process_unlisted":true,"timestamp":"2025-08-26T01:17:55.629394-04:00","trace_id":""}
{"bucket":"test-bucket","component":"","level":"info","matching_prefix":"folder1/","message":"Prefix matched","object_key":"folder1/test.txt","operation":"","timestamp":"2025-08-26T01:17:55.629402-04:00","trace_id":""}
{"allowed":true,"bucket":"unknown-bucket","check_type":"unlisted_bucket","component":"","level":"info","message":"Checking unlisted bucket","object_key":"any/path.txt","operation":"","process_unlisted":true,"timestamp":"2025-08-26T01:17:55.629407-04:00","trace_id":""}
{"bucket":"test-bucket","component":"","level":"info","matching_prefix":"folder1/","message":"Prefix matched","object_key":"folder1/test.txt","operation":"","timestamp":"2025-08-26T01:17:55.629417-04:00","trace_id":""}
{"allowed":true,"bucket":"unknown-bucket","check_type":"unlisted_bucket","component":"","level":"info","message":"Checking unlisted bucket","object_key":"any/path.txt","operation":"","process_unlisted":true,"timestamp":"2025-08-26T01:17:55.629424-04:00","trace_id":""}
{"bucket":"test-bucket","component":"","level":"info","matching_prefix":"folder1/","message":"Prefix matched","object_key":"folder1/test.txt","operation":"","timestamp":"2025-08-26T01:17:55.629433-04:00","trace_id":""}
{"allowed":true,"bucket":"unknown-bucket","check_type":"unlisted_bucket","component":"","level":"info","message":"Checking unlisted bucket","object_key":"any/path.txt","operation":"","process_unlisted":true,"timestamp":"2025-08-26T01:17:55.62944-04:00","trace_id":""}
{"bucket":"test-bucket","component":"","level":"info","matching_prefix":"folder1/","message":"Prefix matched","object_key":"folder1/test.txt","operation":"","timestamp":"2025-08-26T01:17:55.62945-04:00","trace_id":""}
{"allowed":true,"bucket":"unknown-bucket","check_type":"unlisted_bucket","component":"","level":"info","message":"Checking unlisted bucket","object_key":"any/path.txt","operation":"","process_unlisted":true,"timestamp":"2025-08-26T01:17:55.629456-04:00","trace_id":""}
{"allowed":true,"bucket":"unknown-bucket","check_type":"unlisted_bucket","component":"","level":"info","message":"Checking unlisted bucket","object_key":"any/path.txt","operation":"","process_unlisted":true,"timestamp":"2025-08-26T01:17:55.629377-04:00","trace_id":""}
{"bucket":"test-bucket","component":"","level":"info","matching_prefix":"folder1/","message":"Prefix matched","object_key":"folder1/test.txt","operation":"","timestamp":"2025-08-26T01:17:55.62947-04:00","trace_id":""}
{"bucket":"test-bucket","component":"","level":"info","matching_prefix":"folder1/","message":"Prefix matched","object_key":"folder1/test.txt","operation":"","timestamp":"2025-08-26T01:17:55.629465-04:00","trace_id":""}
{"allowed":true,"bucket":"unknown-bucket","check_type":"unlisted_bucket","component":"","level":"info","message":"Checking unlisted bucket","object_key":"any/path.txt","operation":"","process_unlisted":true,"timestamp":"2025-08-26T01:17:55.629483-04:00","trace_id":""}
{"bucket":"test-bucket","component":"","level":"info","matching_prefix":"folder1/","message":"Prefix matched","object_key":"folder1/test.txt","operation":"","timestamp":"2025-08-26T01:17:55.629491-04:00","trace_id":""}
{"allowed":true,"bucket":"unknown-bucket","check_type":"unlisted_bucket","component":"","level":"info","message":"Checking unlisted bucket","object_key":"any/path.txt","operation":"","process_unlisted":true,"timestamp":"2025-08-26T01:17:55.629499-04:00","trace_id":""}
{"allowed":true,"bucket":"unknown-bucket","check_type":"unlisted_bucket","component":"","level":"info","message":"Checking unlisted bucket","object_key":"any/path.txt","operation":"","process_unlisted":true,"timestamp":"2025-08-26T01:17:55.629477-04:00","trace_id":""}
{"bucket":"test-bucket","component":"","level":"info","matching_prefix":"folder1/","message":"Prefix matched","object_key":"folder1/test.txt","operation":"","timestamp":"2025-08-26T01:17:55.629529-04:00","trace_id":""}
{"bucket":"test-bucket","component":"","level":"info","matching_prefix":"folder1/","message":"Prefix matched","object_key":"folder1/test.txt","operation":"","timestamp":"2025-08-26T01:17:55.629508-04:00","trace_id":""}
{"allowed":true,"bucket":"unknown-bucket","check_type":"unlisted_bucket","component":"","level":"info","message":"Checking unlisted bucket","object_key":"any/path.txt","operation":"","process_unlisted":true,"timestamp":"2025-08-26T01:17:55.629553-04:00","trace_id":""}
{"allowed":true,"bucket":"unknown-bucket","check_type":"unlisted_bucket","component":"","level":"info","message":"Checking unlisted bucket","object_key":"any/path.txt","operation":"","process_unlisted":true,"timestamp":"2025-08-26T01:17:55.629541-04:00","trace_id":""}
{"bucket":"test-bucket","component":"","level":"info","matching_prefix":"folder1/","message":"Prefix matched","object_key":"folder1/test.txt","operation":"","timestamp":"2025-08-26T01:17:55.629569-04:00","trace_id":""}
{"allowed":true,"bucket":"unknown-bucket","check_type":"unlisted_bucket","component":"","level":"info","message":"Checking unlisted bucket","object_key":"any/path.txt","operation":"","process_unlisted":true,"timestamp":"2025-08-26T01:17:55.629578-04:00","trace_id":""}
{"bucket":"test-bucket","component":"","level":"info","matching_prefix":"folder1/","message":"Prefix matched","object_key":"folder1/test.txt","operation":"","timestamp":"2025-08-26T01:17:55.629588-04:00","trace_id":""}
{"allowed":true,"bucket":"unknown-bucket","check_type":"unlisted_bucket","component":"","level":"info","message":"Checking unlisted bucket","object_key":"any/path.txt","operation":"","process_unlisted":true,"timestamp":"2025-08-26T01:17:55.629597-04:00","trace_id":""}
{"bucket":"test-bucket","component":"","level":"info","matching_prefix":"folder1/","message":"Prefix matched","object_key":"folder1/test.txt","operation":"","timestamp":"2025-08-26T01:17:55.629561-04:00","trace_id":""}
{"allowed":true,"bucket":"unknown-bucket","check_type":"unlisted_bucket","component":"","level":"info","message":"Checking unlisted bucket","object_key":"any/path.txt","operation":"","process_unlisted":true,"timestamp":"2025-08-26T01:17:55.62961-04:00","trace_id":""}
{"bucket":"test-bucket","component":"","level":"info","matching_prefix":"folder1/","message":"Prefix matched","object_key":"folder1/test.txt","operation":"","timestamp":"2025-08-26T01:17:55.629618-04:00","trace_id":""}
{"bucket":"test-bucket","component":"","level":"info","matching_prefix":"folder1/","message":"Prefix matched","object_key":"folder1/test.txt","operation":"","timestamp":"2025-08-26T01:17:55.629605-04:00","trace_id":""}
{"allowed":true,"bucket":"unknown-bucket","check_type":"unlisted_bucket","component":"","level":"info","message":"Checking unlisted bucket","object_key":"any/path.txt","operation":"","process_unlisted":true,"timestamp":"2025-08-26T01:17:55.629638-04:00","trace_id":""}
{"bucket":"test-bucket","component":"","level":"info","matching_prefix":"folder1/","message":"Prefix matched","object_key":"folder1/test.txt","operation":"","timestamp":"2025-08-26T01:17:55.629652-04:00","trace_id":""}
{"allowed":true,"bucket":"unknown-bucket","check_type":"unlisted_bucket","component":"","level":"info","message":"Checking unlisted bucket","object_key":"any/path.txt","operation":"","process_unlisted":true,"timestamp":"2025-08-26T01:17:55.62966-04:00","trace_id":""}
{"allowed":true,"bucket":"unknown-bucket","check_type":"unlisted_bucket","component":"","level":"info","message":"Checking unlisted bucket","object_key":"any/path.txt","operation":"","process_unlisted":true,"timestamp":"2025-08-26T01:17:55.629624-04:00","trace_id":""}
{"bucket":"test-bucket","component":"","level":"info","matching_prefix":"folder1/","message":"Prefix matched","object_key":"folder1/test.txt","operation":"","timestamp":"2025-08-26T01:17:55.629668-04:00","trace_id":""}
{"allowed":true,"bucket":"unknown-bucket","check_type":"unlisted_bucket","component":"","level":"info","message":"Checking unlisted bucket","object_key":"any/path.txt","operation":"","process_unlisted":true,"timestamp":"2025-08-26T01:17:55.629679-04:00","trace_id":""}
{"bucket":"test-bucket","component":"","level":"info","matching_prefix":"folder1/","message":"Prefix matched","object_key":"folder1/test.txt","operation":"","timestamp":"2025-08-26T01:17:55.629688-04:00","trace_id":""}
{"allowed":true,"bucket":"unknown-bucket","check_type":"unlisted_bucket","component":"","level":"info","message":"Checking unlisted bucket","object_key":"any/path.txt","operation":"","process_unlisted":true,"timestamp":"2025-08-26T01:17:55.629697-04:00","trace_id":""}
{"bucket":"test-bucket","component":"","level":"info","matching_prefix":"folder1/","message":"Prefix matched","object_key":"folder1/test.txt","operation":"","timestamp":"2025-08-26T01:17:55.629705-04:00","trace_id":""}
{"allowed":true,"bucket":"unknown-bucket","check_type":"unlisted_bucket","component":"","level":"info","message":"Checking unlisted bucket","object_key":"any/path.txt","operation":"","process_unlisted":true,"timestamp":"2025-08-26T01:17:55.629711-04:00","trace_id":""}
{"bucket":"test-bucket","component":"","level":"info","matching_prefix":"folder1/","message":"Prefix matched","object_key":"folder1/test.txt","operation":"","timestamp":"2025-08-26T01:17:55.629719-04:00","trace_id":""}
{"allowed":true,"bucket":"unknown-bucket","check_type":"unlisted_bucket","component":"","level":"info","message":"Checking unlisted bucket","object_key":"any/path.txt","operation":"","process_unlisted":true,"timestamp":"2025-08-26T01:17:55.629725-04:00","trace_id":""}
{"bucket":"test-bucket","component":"","level":"info","matching_prefix":"folder1/","message":"Prefix matched","object_key":"folder1/test.txt","operation":"","timestamp":"2025-08-26T01:17:55.629733-04:00","trace_id":""}
{"allowed":true,"bucket":"unknown-bucket","check_type":"unlisted_bucket","component":"","level":"info","message":"Checking unlisted bucket","object_key":"any/path.txt","operation":"","process_unlisted":true,"timestamp":"2025-08-26T01:17:55.629739-04:00","trace_id":""}
{"bucket":"test-bucket","component":"","level":"info","matching_prefix":"folder1/","message":"Prefix matched","object_key":"folder1/test.txt","operation":"","timestamp":"2025-08-26T01:17:55.629747-04:00","trace_id":""}
{"allowed":true,"bucket":"unknown-bucket","check_type":"unlisted_bucket","component":"","level":"info","message":"Checking unlisted bucket","object_key":"any/path.txt","operation":"","process_unlisted":true,"timestamp":"2025-08-26T01:17:55.629753-04:00","trace_id":""}
{"bucket":"test-bucket","component":"","level":"info","matching_prefix":"folder1/","message":"Prefix matched","object_key":"folder1/test.txt","operation":"","timestamp":"2025-08-26T01:17:55.629761-04:00","trace_id":""}
{"allowed":true,"bucket":"unknown-bucket","check_type":"unlisted_bucket","component":"","level":"info","message":"Checking unlisted bucket","object_key":"any/path.txt","operation":"","process_unlisted":true,"timestamp":"2025-08-26T01:17:55.629767-04:00","trace_id":""}
{"bucket":"test-bucket","component":"","level":"info","matching_prefix":"folder1/","message":"Prefix matched","object_key":"folder1/test.txt","operation":"","timestamp":"2025-08-26T01:17:55.629775-04:00","trace_id":""}
{"allowed":true,"bucket":"unknown-bucket","check_type":"unlisted_bucket","component":"","level":"info","message":"Checking unlisted bucket","object_key":"any/path.txt","operation":"","process_unlisted":true,"timestamp":"2025-08-26T01:17:55.629782-04:00","trace_id":""}
{"bucket":"test-bucket","component":"","level":"info","matching_prefix":"folder1/","message":"Prefix matched","object_key":"folder1/test.txt","operation":"","timestamp":"2025-08-26T01:17:55.629789-04:00","trace_id":""}
{"allowed":true,"bucket":"unknown-bucket","check_type":"unlisted_bucket","component":"","level":"info","message":"Checking unlisted bucket","object_key":"any/path.txt","operation":"","process_unlisted":true,"timestamp":"2025-08-26T01:17:55.629795-04:00","trace_id":""}
{"bucket":"test-bucket","component":"","level":"info","matching_prefix":"folder1/","message":"Prefix matched","object_key":"folder1/test.txt","operation":"","timestamp":"2025-08-26T01:17:55.629804-04:00","trace_id":""}
{"allowed":true,"bucket":"unknown-bucket","check_type":"unlisted_bucket","component":"","level":"info","message":"Checking unlisted bucket","object_key":"any/path.txt","operation":"","process_unlisted":true,"timestamp":"2025-08-26T01:17:55.62981-04:00","trace_id":""}
{"bucket":"test-bucket","component":"","level":"info","matching_prefix":"folder1/","message":"Prefix matched","object_key":"folder1/test.txt","operation":"","timestamp":"2025-08-26T01:17:55.629818-04:00","trace_id":""}
{"allowed":true,"bucket":"unknown-bucket","check_type":"unlisted_bucket","component":"","level":"info","message":"Checking unlisted bucket","object_key":"any/path.txt","operation":"","process_unlisted":true,"timestamp":"2025-08-26T01:17:55.629824-04:00","trace_id":""}
--- PASS: TestConcurrentAccess (0.02s)
=== RUN   TestMetricsServerIntegration
=== RUN   TestMetricsServerIntegration/metrics_configuration
--- PASS: TestMetricsServerIntegration (0.00s)
    --- PASS: TestMetricsServerIntegration/metrics_configuration (0.00s)
=== RUN   TestHealthEndpoint
--- PASS: TestHealthEndpoint (0.00s)
=== RUN   TestEnvironmentVariableOverrides
=== RUN   TestEnvironmentVariableOverrides/env_var_override
--- PASS: TestEnvironmentVariableOverrides (0.00s)
    --- PASS: TestEnvironmentVariableOverrides/env_var_override (0.00s)
=== RUN   TestResourceCleanup
=== RUN   TestResourceCleanup/context_cancellation
--- PASS: TestResourceCleanup (0.10s)
    --- PASS: TestResourceCleanup/context_cancellation (0.10s)
=== RUN   TestJSONEventParsing
=== RUN   TestJSONEventParsing/valid_S3_event
=== RUN   TestJSONEventParsing/invalid_JSON
=== RUN   TestJSONEventParsing/empty_event
--- PASS: TestJSONEventParsing (0.00s)
    --- PASS: TestJSONEventParsing/valid_S3_event (0.00s)
    --- PASS: TestJSONEventParsing/invalid_JSON (0.00s)
    --- PASS: TestJSONEventParsing/empty_event (0.00s)
=== RUN   TestRealAWSIntegration
    integration_aws_test.go:62: Testing with SQS queues: [https://sqs.us-east-1.amazonaws.com/305018987196/s3event-test-sqs https://sqs.us-east-2.amazonaws.com/305018987196/s3event-test-ohio-sqs]
    integration_aws_test.go:63: Testing with S3 buckets: [{s3event-test-s3 [logs/test prod logs/prod]} {s3event-test-ohio-s3 [logs/prod]}]
    integration_aws_test.go:73: Queue https://sqs.us-east-1.amazonaws.com/305018987196/s3event-test-sqs appears to be in region: us-east-1
    integration_aws_test.go:73: Queue https://sqs.us-east-2.amazonaws.com/305018987196/s3event-test-ohio-sqs appears to be in region: us-east-2
{"component":"sqspoller","level":"info","message":"Starting SQS poller with 2 queues","operation":"","timestamp":"2025-08-26T01:17:55.732865-04:00","trace_id":""}
{"component":"sqspoller","level":"info","message":"Started polling queue https://sqs.us-east-2.amazonaws.com/305018987196/s3event-test-ohio-sqs in region us-east-2","operation":"","timestamp":"2025-08-26T01:17:55.733381-04:00","trace_id":""}
{"component":"sqspoller","level":"info","message":"Started polling queue https://sqs.us-east-1.amazonaws.com/305018987196/s3event-test-sqs in region us-east-1","operation":"","timestamp":"2025-08-26T01:17:55.733383-04:00","trace_id":""}
{"bucket":"s3event-test-ohio-s3","component":"","level":"info","matching_prefix":"logs/prod","message":"Prefix matched","object_key":"logs/prod/value.yaml","operation":"","timestamp":"2025-08-26T01:17:55.940691-04:00","trace_id":""}
{"component":"event_parser","level":"info","message":"S3 event processed: Object Created on s3event-test-ohio-s3/logs/prod/value.yaml","operation":"","timestamp":"2025-08-26T01:17:55.940712-04:00","trace_id":"34FTXNDABE8Z6351"}
{"component":"sqspoller","level":"info","message":"Initiating graceful shutdown of SQS poller","operation":"","timestamp":"2025-08-26T01:17:57.733545-04:00","trace_id":""}
{"level":"info","message":"Stopping poll for queue","queue_url":"https://sqs.us-east-2.amazonaws.com/305018987196/s3event-test-ohio-sqs","timestamp":"2025-08-26T01:17:58.002012-04:00"}
{"level":"info","message":"Stopping poll for queue","queue_url":"https://sqs.us-east-1.amazonaws.com/305018987196/s3event-test-sqs","timestamp":"2025-08-26T01:17:58.00208-04:00"}
{"component":"sqspoller","level":"info","message":"SQS poller shutdown complete","operation":"","timestamp":"2025-08-26T01:17:58.002115-04:00","trace_id":""}
    integration_aws_test.go:91: Successfully completed integration test with real AWS resources
--- PASS: TestRealAWSIntegration (2.27s)
=== RUN   TestConfigurationWithRealResources
    integration_aws_test.go:106: Testing bucket: s3event-test-s3 with prefixes: [logs/test prod logs/prod]
{"bucket":"s3event-test-s3","component":"","level":"info","matching_prefix":"logs/test","message":"Prefix matched","object_key":"logs/testtest-file.txt","operation":"","timestamp":"2025-08-26T01:17:58.003502-04:00","trace_id":""}
{"allowed":true,"bucket":"unlisted-bucket","check_type":"unlisted_bucket","component":"","level":"info","message":"Checking unlisted bucket","object_key":"any/path.txt","operation":"","process_unlisted":true,"timestamp":"2025-08-26T01:17:58.003519-04:00","trace_id":""}
--- PASS: TestConfigurationWithRealResources (0.00s)
=== RUN   TestPollerWithRealQueue
{"component":"sqspoller","level":"info","message":"Starting SQS poller with 2 queues","operation":"","timestamp":"2025-08-26T01:17:58.003936-04:00","trace_id":""}
{"component":"sqspoller","level":"info","message":"Started polling queue https://sqs.us-east-2.amazonaws.com/305018987196/s3event-test-ohio-sqs in region us-east-2","operation":"","timestamp":"2025-08-26T01:17:58.004343-04:00","trace_id":""}
{"component":"sqspoller","level":"info","message":"Started polling queue https://sqs.us-east-1.amazonaws.com/305018987196/s3event-test-sqs in region us-east-1","operation":"","timestamp":"2025-08-26T01:17:58.004343-04:00","trace_id":""}
{"component":"sqspoller","level":"info","message":"Initiating graceful shutdown of SQS poller","operation":"","timestamp":"2025-08-26T01:17:59.005071-04:00","trace_id":""}
{"level":"info","message":"Stopping poll for queue","queue_url":"https://sqs.us-east-2.amazonaws.com/305018987196/s3event-test-ohio-sqs","timestamp":"2025-08-26T01:18:00.178044-04:00"}
{"level":"info","message":"Stopping poll for queue","queue_url":"https://sqs.us-east-1.amazonaws.com/305018987196/s3event-test-sqs","timestamp":"2025-08-26T01:18:00.18535-04:00"}
{"component":"sqspoller","level":"info","message":"SQS poller shutdown complete","operation":"","timestamp":"2025-08-26T01:18:00.185364-04:00","trace_id":""}
    integration_aws_test.go:157: Poller shutdown completed successfully
--- PASS: TestPollerWithRealQueue (2.18s)
=== RUN   TestMetricsServerWithRealConfig
    integration_aws_test.go:180: Metrics configured on port: 8087
    integration_aws_test.go:181: Metrics types enabled: {EventTotal:true ObjectSize:true IPTotal:true PrefixTotal:true PrefixDepthTotal:true FileExtensionTotal:true Latency:true AnomalyDetection:true LifecycleExpiration:true DeleteTotal:true}
    integration_aws_test.go:217: Total metrics types enabled: 10
--- PASS: TestMetricsServerWithRealConfig (0.00s)
=== RUN   TestEnvironmentCompatibility
--- PASS: TestEnvironmentCompatibility (0.00s)
=== RUN   TestPollerShutdownGracefully
{"component":"sqspoller","level":"info","message":"Starting SQS poller with 2 queues","operation":"","timestamp":"2025-08-26T01:18:00.186417-04:00","trace_id":""}
{"component":"sqspoller","level":"info","message":"Started polling queue https://sqs.us-east-2.amazonaws.com/305018987196/s3event-test-ohio-sqs in region us-east-2","operation":"","timestamp":"2025-08-26T01:18:00.186598-04:00","trace_id":""}
{"component":"sqspoller","level":"info","message":"Started polling queue https://sqs.us-east-1.amazonaws.com/305018987196/s3event-test-sqs in region us-east-1","operation":"","timestamp":"2025-08-26T01:18:00.186599-04:00","trace_id":""}
{"component":"sqspoller","level":"info","message":"Initiating graceful shutdown of SQS poller","operation":"","timestamp":"2025-08-26T01:18:00.687501-04:00","trace_id":""}
{"level":"info","message":"Stopping poll for queue","queue_url":"https://sqs.us-east-2.amazonaws.com/305018987196/s3event-test-ohio-sqs","timestamp":"2025-08-26T01:18:02.305126-04:00"}
{"level":"info","message":"Stopping poll for queue","queue_url":"https://sqs.us-east-1.amazonaws.com/305018987196/s3event-test-sqs","timestamp":"2025-08-26T01:18:02.362996-04:00"}
{"component":"sqspoller","level":"info","message":"SQS poller shutdown complete","operation":"","timestamp":"2025-08-26T01:18:02.363028-04:00","trace_id":""}
    integration_aws_test.go:284: Shutdown completed in: 1.675554208s
--- PASS: TestPollerShutdownGracefully (2.18s)
=== RUN   TestConfigReload
--- PASS: TestConfigReload (0.00s)
=== RUN   TestHTTPEndpoints
=== RUN   TestHTTPEndpoints/health_endpoint
=== RUN   TestHTTPEndpoints/metrics_endpoint
--- PASS: TestHTTPEndpoints (0.00s)
    --- PASS: TestHTTPEndpoints/health_endpoint (0.00s)
    --- PASS: TestHTTPEndpoints/metrics_endpoint (0.00s)
=== RUN   TestEventProcessingIntegration
=== RUN   TestEventProcessingIntegration/complete_event_processing
=== RUN   TestEventProcessingIntegration/anomaly_detection_integration
--- PASS: TestEventProcessingIntegration (0.00s)
    --- PASS: TestEventProcessingIntegration/complete_event_processing (0.00s)
    --- PASS: TestEventProcessingIntegration/anomaly_detection_integration (0.00s)
=== RUN   TestConfigurationIntegration
=== RUN   TestConfigurationIntegration/valid_configuration
=== RUN   TestConfigurationIntegration/invalid_configuration
--- PASS: TestConfigurationIntegration (0.00s)
    --- PASS: TestConfigurationIntegration/valid_configuration (0.00s)
    --- PASS: TestConfigurationIntegration/invalid_configuration (0.00s)
=== RUN   TestParserIntegration
=== RUN   TestParserIntegration/EventBridge_format
=== RUN   TestParserIntegration/Legacy_S3_notification_format
=== RUN   TestParserIntegration/SQS_wrapped_message
=== RUN   TestParserIntegration/invalid_JSON
--- PASS: TestParserIntegration (0.00s)
    --- PASS: TestParserIntegration/EventBridge_format (0.00s)
    --- PASS: TestParserIntegration/Legacy_S3_notification_format (0.00s)
    --- PASS: TestParserIntegration/SQS_wrapped_message (0.00s)
    --- PASS: TestParserIntegration/invalid_JSON (0.00s)
=== RUN   TestMetricsEndToEnd
{"component":"metrics","level":"info","message":"Metrics configuration initialized with 10 enabled and 0 disabled metrics","operation":"","timestamp":"2025-08-26T01:18:02.370025-04:00","trace_id":""}
--- PASS: TestMetricsEndToEnd (0.00s)
PASS
ok  	s3_metrics_adapter/test	7.207s

[0;32mBuilding binary...[0m

[0;32mBuild successful![0m
Binary location: bin/s3-event-exporter
-rwxr-xr-x@ 1 rupindersingh  staff    16M Aug 26 01:18 bin/s3-event-exporter

[0;32mCopying config file to bin directory...[0m
